solid OpenSCAD_Model
  facet normal 0 0 -1
    outer loop
      vertex 5.1735 -0.0118764 -0.01
      vertex 4.6331 0.323168 -0.01
      vertex 5.18515 -0.000381361 -0.01
    endloop
  endfacet
  facet normal 0 0 -1
    outer loop
      vertex 4.61961 0.0306441 -0.01
      vertex 4.6331 0.323168 -0.01
      vertex 5.1735 -0.0118764 -0.01
    endloop
  endfacet
  facet normal 0 0 -1
    outer loop
      vertex 4.61961 0.0306441 -0.01
      vertex 5.1735 -0.0118764 -0.01
      vertex 4.62111 0 -0.01
    endloop
  endfacet
  facet normal -0 0 -1
    outer loop
      vertex 5.1735 -0.0118764 -0.01
      vertex 4.61915 -0.0400361 -0.01
      vertex 4.62111 0 -0.01
    endloop
  endfacet
  facet normal 0 -0 -1
    outer loop
      vertex 4.61915 -0.0400361 -0.01
      vertex 5.1735 -0.0118764 -0.01
      vertex 4.61727 -0.328194 -0.01
    endloop
  endfacet
  facet normal -0 0 -1
    outer loop
      vertex 4.6331 0.323168 -0.01
      vertex 4.62144 0.311673 -0.01
      vertex 4.61731 0.327512 -0.01
    endloop
  endfacet
  facet normal 0 0 -1
    outer loop
      vertex 4.6331 0.323168 -0.01
      vertex 4.61961 0.0306441 -0.01
      vertex 4.62144 0.311673 -0.01
    endloop
  endfacet
  facet normal -0.998804 -0.0488905 -0
    outer loop
      vertex 4.62111 0 -0.00999928
      vertex 4.61961 0.0306441 -0.01
      vertex 4.62111 0 -0.01
    endloop
  endfacet
  facet normal -0.414718 -0.0202787 0.909724
    outer loop
      vertex 4.61961 0.0306441 -0.01
      vertex 4.62111 0 -0.00999928
      vertex 4.61961 0.0306764 -0.00999928
    endloop
  endfacet
  facet normal -0.998804 0.0488973 -7.07051e-14
    outer loop
      vertex 4.61915 -0.0400361 -0.01
      vertex 4.62111 0 -0.00999928
      vertex 4.62111 0 -0.01
    endloop
  endfacet
  facet normal -0.0904702 0.00444695 -0.995889
    outer loop
      vertex 4.62111 0 -0.00999928
      vertex 4.61915 -0.0400361 -0.01
      vertex 4.61914 -0.0400783 -0.00999928
    endloop
  endfacet
  facet normal 0.0137145 0.0234011 -0.999632
    outer loop
      vertex 5.18515 -0.000381361 -0.01
      vertex 5.09749 0.0510237 -0.00999928
      vertex 5.12759 0.460526 0
    endloop
  endfacet
  facet normal 0.0147127 0.0251033 -0.999577
    outer loop
      vertex 4.6331 0.323168 -0.01
      vertex 5.09749 0.0510237 -0.00999928
      vertex 5.18515 -0.000381361 -0.01
    endloop
  endfacet
  facet normal 0.0132401 0.0225905 -0.999657
    outer loop
      vertex 5.09749 0.0510237 -0.00999928
      vertex 4.6331 0.323168 -0.01
      vertex 4.63311 0.323194 -0.00999928
    endloop
  endfacet
  facet normal 0.0137153 0.023401 -0.999632
    outer loop
      vertex 5.12759 0.460526 0
      vertex 5.09749 0.0510237 -0.00999928
      vertex 5.08608 0.484855 0
    endloop
  endfacet
  facet normal 0.00688714 0.0250341 -0.999663
    outer loop
      vertex 4.61731 0.327512 -0.01
      vertex 4.63311 0.323194 -0.00999928
      vertex 4.6331 0.323168 -0.01
    endloop
  endfacet
  facet normal 0.00660251 0.0239926 -0.99969
    outer loop
      vertex 4.63311 0.323194 -0.00999928
      vertex 4.61731 0.327512 -0.01
      vertex 4.61731 0.327542 -0.00999928
    endloop
  endfacet
  facet normal -0.959863 0.00625042 -0.280401
    outer loop
      vertex 4.61961 0.0306764 -0.00999928
      vertex 4.62144 0.311673 -0.01
      vertex 4.61961 0.0306441 -0.01
    endloop
  endfacet
  facet normal -0.992057 0.00646049 -0.125621
    outer loop
      vertex 4.62144 0.311673 -0.01
      vertex 4.61961 0.0306764 -0.00999928
      vertex 4.62144 0.311687 -0.00999928
    endloop
  endfacet
  facet normal -0.0738363 0.000481723 -0.99727
    outer loop
      vertex 4.61727 -0.328194 -0.01
      vertex 4.61914 -0.0400783 -0.00999928
      vertex 4.61915 -0.0400361 -0.01
    endloop
  endfacet
  facet normal -0.0704421 0.000459693 -0.997516
    outer loop
      vertex 4.61914 -0.0400783 -0.00999928
      vertex 4.61727 -0.328194 -0.01
      vertex 4.61726 -0.328164 -0.00999928
    endloop
  endfacet
  facet normal -0.19326 -0.0503924 0.979853
    outer loop
      vertex 4.62144 0.311687 -0.00999928
      vertex 4.61731 0.327512 -0.01
      vertex 4.62144 0.311673 -0.01
    endloop
  endfacet
  facet normal -0.0917208 -0.023892 0.995498
    outer loop
      vertex 4.61731 0.327512 -0.01
      vertex 4.62144 0.311687 -0.00999928
      vertex 4.61731 0.327542 -0.00999928
    endloop
  endfacet
  facet normal 0.0133265 -0.0234158 0.999637
    outer loop
      vertex 5.1735 -0.0118764 -0.01
      vertex 5.10121 0.000745097 -0.00874063
      vertex 5.10123 0 -0.00875835
    endloop
  endfacet
  facet normal 0.013324 -0.02343 0.999637
    outer loop
      vertex 5.10121 0.000745097 -0.00874063
      vertex 5.1735 -0.0118764 -0.01
      vertex 5.09888 0.0917855 -0.00657572
    endloop
  endfacet
  facet normal 0.0133298 -0.0233953 0.999637
    outer loop
      vertex 5.10118 -0.000724957 -0.00877465
      vertex 5.1735 -0.0118764 -0.01
      vertex 5.10123 0 -0.00875835
    endloop
  endfacet
  facet normal 0.0133243 -0.0234309 0.999637
    outer loop
      vertex 5.09729 -0.0551837 -0.00999928
      vertex 5.1735 -0.0118764 -0.01
      vertex 5.10118 -0.000724957 -0.00877465
    endloop
  endfacet
  facet normal 0.0128303 -0.0225616 0.999663
    outer loop
      vertex 5.09729 -0.0551837 -0.00999928
      vertex 4.61727 -0.328194 -0.01
      vertex 5.1735 -0.0118764 -0.01
    endloop
  endfacet
  facet normal 0.0114702 -0.0201701 0.999731
    outer loop
      vertex 4.61727 -0.328194 -0.01
      vertex 5.09729 -0.0551837 -0.00999928
      vertex 4.61726 -0.328164 -0.00999928
    endloop
  endfacet
  facet normal 0.0190486 -0.0193095 0.999632
    outer loop
      vertex 5.09888 0.0917855 -0.00657572
      vertex 5.18515 -0.000381361 -0.01
      vertex 5.12759 0.460526 0
    endloop
  endfacet
  facet normal 0.0190507 -0.0193075 0.999632
    outer loop
      vertex 5.18515 -0.000381361 -0.01
      vertex 5.09888 0.0917855 -0.00657572
      vertex 5.1735 -0.0118764 -0.01
    endloop
  endfacet
  facet normal 0.0190505 -0.0193096 0.999632
    outer loop
      vertex 5.09888 0.0917855 -0.00657572
      vertex 5.12759 0.460526 0
      vertex 5.08914 0.422592 0
    endloop
  endfacet
  facet normal 0.740935 0.671577 -2.77449e-18
    outer loop
      vertex 11.5952 9.5159 24
      vertex 10.6066 10.6066 1
      vertex 10.6066 10.6066 24
    endloop
  endfacet
  facet normal 0.740935 0.671577 -2.77449e-18
    outer loop
      vertex 10.6066 10.6066 1
      vertex 11.5952 9.5159 24
      vertex 11.5952 9.5159 1
    endloop
  endfacet
  facet normal 0.989176 0.146737 0
    outer loop
      vertex 14.7118 2.92635 24
      vertex 14.8418 2.05 8.5
      vertex 14.7118 2.92635 1
    endloop
  endfacet
  facet normal 0.989605 0.143811 0.000169039
    outer loop
      vertex 14.7118 2.92635 24
      vertex 14.8432 2.04013 8.70093
      vertex 14.8418 2.05 8.5
    endloop
  endfacet
  facet normal 0.989105 0.147211 -3.21939e-05
    outer loop
      vertex 14.7118 2.92635 24
      vertex 14.8476 2.01061 8.89993
      vertex 14.8432 2.04013 8.70093
    endloop
  endfacet
  facet normal 0.989061 0.147509 -5.07024e-05
    outer loop
      vertex 14.7118 2.92635 24
      vertex 14.8549 1.96173 9.09508
      vertex 14.8476 2.01061 8.89993
    endloop
  endfacet
  facet normal 0.989273 0.146077 4.40481e-05
    outer loop
      vertex 14.7118 2.92635 24
      vertex 14.8649 1.89395 9.2845
      vertex 14.8549 1.96173 9.09508
    endloop
  endfacet
  facet normal 0.989117 0.147133 -3.17056e-05
    outer loop
      vertex 14.7118 2.92635 24
      vertex 14.8777 1.80794 9.46636
      vertex 14.8649 1.89395 9.2845
    endloop
  endfacet
  facet normal 0.989229 0.146379 2.76227e-05
    outer loop
      vertex 14.7118 2.92635 24
      vertex 14.893 1.70451 9.63892
      vertex 14.8777 1.80794 9.46636
    endloop
  endfacet
  facet normal 0.989152 0.146897 -1.73982e-05
    outer loop
      vertex 14.7118 2.92635 24
      vertex 14.9108 1.58467 9.80051
      vertex 14.893 1.70451 9.63892
    endloop
  endfacet
  facet normal 0.989176 0.146737 -0
    outer loop
      vertex 14.9278 1.47026 9.92674
      vertex 14.7118 2.92635 24
      vertex 14.9278 1.47026 24
    endloop
  endfacet
  facet normal 0.989144 0.14695 -2.25903e-05
    outer loop
      vertex 14.7118 2.92635 24
      vertex 14.9278 1.47026 9.92674
      vertex 14.9108 1.58467 9.80051
    endloop
  endfacet
  facet normal 0.98945 0.144874 -0.00022237
    outer loop
      vertex 14.8432 2.04013 8.29907
      vertex 14.7118 2.92635 1
      vertex 14.8418 2.05 8.5
    endloop
  endfacet
  facet normal 0.989124 0.147083 5.15986e-05
    outer loop
      vertex 14.8476 2.01061 8.10007
      vertex 14.7118 2.92635 1
      vertex 14.8432 2.04013 8.29907
    endloop
  endfacet
  facet normal 0.989083 0.147362 8.8415e-05
    outer loop
      vertex 14.8549 1.96173 7.90492
      vertex 14.7118 2.92635 1
      vertex 14.8476 2.01061 8.10007
    endloop
  endfacet
  facet normal 0.989258 0.146177 -8.0751e-05
    outer loop
      vertex 14.8649 1.89395 7.7155
      vertex 14.7118 2.92635 1
      vertex 14.8549 1.96173 7.90492
    endloop
  endfacet
  facet normal 0.989125 0.147074 6.02106e-05
    outer loop
      vertex 14.8777 1.80794 7.53364
      vertex 14.7118 2.92635 1
      vertex 14.8649 1.89395 7.7155
    endloop
  endfacet
  facet normal 0.989222 0.146422 -5.3931e-05
    outer loop
      vertex 14.893 1.70451 7.36108
      vertex 14.7118 2.92635 1
      vertex 14.8777 1.80794 7.53364
    endloop
  endfacet
  facet normal 0.989155 0.146874 3.47779e-05
    outer loop
      vertex 14.9108 1.58467 7.19949
      vertex 14.7118 2.92635 1
      vertex 14.893 1.70451 7.36108
    endloop
  endfacet
  facet normal 0.989148 0.146925 4.61226e-05
    outer loop
      vertex 14.9278 1.47026 7.07326
      vertex 14.7118 2.92635 1
      vertex 14.9108 1.58467 7.19949
    endloop
  endfacet
  facet normal 0.989176 0.146737 2.14341e-18
    outer loop
      vertex 14.7118 2.92635 1
      vertex 14.9278 1.47026 7.07326
      vertex 14.9278 1.47026 1
    endloop
  endfacet
  facet normal 0.998834 0.0482762 -5.7333e-21
    outer loop
      vertex 14.9288 1.44957 7.05043
      vertex 14.9278 1.47026 1
      vertex 14.9278 1.47026 7.07326
    endloop
  endfacet
  facet normal 0.998803 0.048913 2.18271e-06
    outer loop
      vertex 14.9361 1.30051 6.91533
      vertex 14.9278 1.47026 1
      vertex 14.9288 1.44957 7.05043
    endloop
  endfacet
  facet normal 0.998807 0.048831 -1.75983e-07
    outer loop
      vertex 14.944 1.13892 6.79549
      vertex 14.9278 1.47026 1
      vertex 14.9361 1.30051 6.91533
    endloop
  endfacet
  facet normal 0.99879 0.0491873 2.02463e-05
    outer loop
      vertex 14.9525 0.966363 6.69206
      vertex 14.9278 1.47026 1
      vertex 14.944 1.13892 6.79549
    endloop
  endfacet
  facet normal 0.998779 0.0494085 3.98736e-05
    outer loop
      vertex 14.9615 0.7845 6.60605
      vertex 14.9278 1.47026 1
      vertex 14.9525 0.966363 6.69206
    endloop
  endfacet
  facet normal 0.998797 0.0490408 -5.21304e-06
    outer loop
      vertex 14.9708 0.595083 6.53827
      vertex 14.9278 1.47026 1
      vertex 14.9615 0.7845 6.60605
    endloop
  endfacet
  facet normal 0.998792 0.0491317 9.1875e-06
    outer loop
      vertex 14.9804 0.399935 6.48939
      vertex 14.9278 1.47026 1
      vertex 14.9708 0.595083 6.53827
    endloop
  endfacet
  facet normal 0.998814 0.0486969 -7.58004e-05
    outer loop
      vertex 14.9901 0.200934 6.45987
      vertex 14.9278 1.47026 1
      vertex 14.9804 0.399935 6.48939
    endloop
  endfacet
  facet normal 0.998788 0.0492102 -0
    outer loop
      vertex 15 0 1
      vertex 14.9901 0.200934 6.45987
      vertex 15 0 6.45
    endloop
  endfacet
  facet normal 0.998796 0.0490479 5.98962e-06
    outer loop
      vertex 14.9901 0.200934 6.45987
      vertex 15 0 1
      vertex 14.9278 1.47026 1
    endloop
  endfacet
  facet normal 0.998834 0.0482762 0
    outer loop
      vertex 14.9278 1.47026 24
      vertex 14.9288 1.44957 9.94957
      vertex 14.9278 1.47026 9.92674
    endloop
  endfacet
  facet normal 0.998803 0.0489141 -9.41578e-07
    outer loop
      vertex 14.9278 1.47026 24
      vertex 14.9361 1.30051 10.0847
      vertex 14.9288 1.44957 9.94957
    endloop
  endfacet
  facet normal 0.998807 0.0488309 7.57169e-08
    outer loop
      vertex 14.9278 1.47026 24
      vertex 14.944 1.13892 10.2045
      vertex 14.9361 1.30051 10.0847
    endloop
  endfacet
  facet normal 0.998789 0.0491942 -8.67213e-06
    outer loop
      vertex 14.9278 1.47026 24
      vertex 14.9525 0.966363 10.3079
      vertex 14.944 1.13892 10.2045
    endloop
  endfacet
  facet normal 0.998778 0.0494193 -1.69744e-05
    outer loop
      vertex 14.9278 1.47026 24
      vertex 14.9615 0.7845 10.394
      vertex 14.9525 0.966363 10.3079
    endloop
  endfacet
  facet normal 0.998797 0.0490397 2.20227e-06
    outer loop
      vertex 14.9278 1.47026 24
      vertex 14.9708 0.595083 10.4617
      vertex 14.9615 0.7845 10.394
    endloop
  endfacet
  facet normal 0.998792 0.0491331 -3.84492e-06
    outer loop
      vertex 14.9278 1.47026 24
      vertex 14.9804 0.399935 10.5106
      vertex 14.9708 0.595083 10.4617
    endloop
  endfacet
  facet normal 0.998814 0.0486903 3.13695e-05
    outer loop
      vertex 14.9278 1.47026 24
      vertex 14.9901 0.200934 10.5401
      vertex 14.9804 0.399935 10.5106
    endloop
  endfacet
  facet normal 0.998796 0.0490479 -2.42963e-06
    outer loop
      vertex 15 0 24
      vertex 14.9901 0.200934 10.5401
      vertex 14.9278 1.47026 24
    endloop
  endfacet
  facet normal 0.998788 0.0492102 6.0987e-20
    outer loop
      vertex 14.9901 0.200934 10.5401
      vertex 15 0 24
      vertex 15 0 10.55
    endloop
  endfacet
  facet normal 0.970027 0.242996 6.15328e-19
    outer loop
      vertex 14.7118 2.92635 24
      vertex 14.3541 4.35427 1
      vertex 14.3541 4.35427 24
    endloop
  endfacet
  facet normal 0.970027 0.242996 6.15328e-19
    outer loop
      vertex 14.3541 4.35427 1
      vertex 14.7118 2.92635 24
      vertex 14.7118 2.92635 1
    endloop
  endfacet
  facet normal 0.336883 -0.941547 0
    outer loop
      vertex 4.35427 -14.3541 1
      vertex 5.74025 -13.8582 24
      vertex 4.35427 -14.3541 24
    endloop
  endfacet
  facet normal 0.336883 -0.941547 0
    outer loop
      vertex 5.74025 -13.8582 24
      vertex 4.35427 -14.3541 1
      vertex 5.74025 -13.8582 1
    endloop
  endfacet
  facet normal 0.857721 0.514116 -9.01787e-19
    outer loop
      vertex 13.2288 7.07095 24
      vertex 12.472 8.33355 1
      vertex 12.472 8.33355 24
    endloop
  endfacet
  facet normal 0.857721 0.514116 -9.01787e-19
    outer loop
      vertex 12.472 8.33355 1
      vertex 13.2288 7.07095 24
      vertex 13.2288 7.07095 1
    endloop
  endfacet
  facet normal 0.941547 0.336883 -4.49308e-19
    outer loop
      vertex 14.3541 4.35427 24
      vertex 13.8582 5.74025 1
      vertex 13.8582 5.74025 24
    endloop
  endfacet
  facet normal 0.941547 0.336883 -4.49308e-19
    outer loop
      vertex 13.8582 5.74025 1
      vertex 14.3541 4.35427 24
      vertex 14.3541 4.35427 1
    endloop
  endfacet
  facet normal 0.242996 0.970027 -0
    outer loop
      vertex 4.35427 14.3541 1
      vertex 2.92635 14.7118 24
      vertex 4.35427 14.3541 24
    endloop
  endfacet
  facet normal 0.242996 0.970027 0
    outer loop
      vertex 2.92635 14.7118 24
      vertex 4.35427 14.3541 1
      vertex 2.92635 14.7118 1
    endloop
  endfacet
  facet normal -0.740935 0.671577 2.77449e-18
    outer loop
      vertex -11.5952 9.5159 1
      vertex -10.6066 10.6066 24
      vertex -10.6066 10.6066 1
    endloop
  endfacet
  facet normal -0.740935 0.671577 2.77449e-18
    outer loop
      vertex -10.6066 10.6066 24
      vertex -11.5952 9.5159 1
      vertex -11.5952 9.5159 24
    endloop
  endfacet
  facet normal 0.0490479 -0.998796 0
    outer loop
      vertex 0 -15 1
      vertex 1.47026 -14.9278 24
      vertex 0 -15 24
    endloop
  endfacet
  facet normal 0.0490479 -0.998796 0
    outer loop
      vertex 1.47026 -14.9278 24
      vertex 0 -15 1
      vertex 1.47026 -14.9278 1
    endloop
  endfacet
  facet normal 0.427569 0.903983 -0
    outer loop
      vertex 7.07095 13.2288 1
      vertex 5.74025 13.8582 24
      vertex 7.07095 13.2288 24
    endloop
  endfacet
  facet normal 0.427569 0.903983 0
    outer loop
      vertex 5.74025 13.8582 24
      vertex 7.07095 13.2288 1
      vertex 5.74025 13.8582 1
    endloop
  endfacet
  facet normal 0.671577 0.740935 -0
    outer loop
      vertex 10.6066 10.6066 1
      vertex 9.5159 11.5952 24
      vertex 10.6066 10.6066 24
    endloop
  endfacet
  facet normal 0.671577 0.740935 0
    outer loop
      vertex 9.5159 11.5952 24
      vertex 10.6066 10.6066 1
      vertex 9.5159 11.5952 1
    endloop
  endfacet
  facet normal -0.59566 -0.803237 0
    outer loop
      vertex -9.5159 -11.5952 1
      vertex -8.33355 -12.472 24
      vertex -9.5159 -11.5952 24
    endloop
  endfacet
  facet normal -0.59566 -0.803237 -0
    outer loop
      vertex -8.33355 -12.472 24
      vertex -9.5159 -11.5952 1
      vertex -8.33355 -12.472 1
    endloop
  endfacet
  facet normal 0.242996 -0.970027 0
    outer loop
      vertex 2.92635 -14.7118 1
      vertex 4.35427 -14.3541 24
      vertex 2.92635 -14.7118 24
    endloop
  endfacet
  facet normal 0.242996 -0.970027 0
    outer loop
      vertex 4.35427 -14.3541 24
      vertex 2.92635 -14.7118 1
      vertex 4.35427 -14.3541 1
    endloop
  endfacet
  facet normal 0.989176 -0.146737 -9.24981e-19
    outer loop
      vertex 14.7118 -2.92635 24
      vertex 14.9278 -1.47026 9.92674
      vertex 14.9278 -1.47026 24
    endloop
  endfacet
  facet normal 0.989144 -0.14695 -2.25903e-05
    outer loop
      vertex 14.9278 -1.47026 9.92674
      vertex 14.7118 -2.92635 24
      vertex 14.9108 -1.58467 9.80051
    endloop
  endfacet
  facet normal 0.989152 -0.146897 -1.73982e-05
    outer loop
      vertex 14.9108 -1.58467 9.80051
      vertex 14.7118 -2.92635 24
      vertex 14.893 -1.70451 9.63892
    endloop
  endfacet
  facet normal 0.989229 -0.146379 2.76227e-05
    outer loop
      vertex 14.893 -1.70451 9.63892
      vertex 14.7118 -2.92635 24
      vertex 14.8777 -1.80794 9.46636
    endloop
  endfacet
  facet normal 0.989117 -0.147133 -3.17056e-05
    outer loop
      vertex 14.8777 -1.80794 9.46636
      vertex 14.7118 -2.92635 24
      vertex 14.8649 -1.89395 9.2845
    endloop
  endfacet
  facet normal 0.989273 -0.146077 4.40481e-05
    outer loop
      vertex 14.8649 -1.89395 9.2845
      vertex 14.7118 -2.92635 24
      vertex 14.8549 -1.96173 9.09508
    endloop
  endfacet
  facet normal 0.989061 -0.147509 -5.07024e-05
    outer loop
      vertex 14.8549 -1.96173 9.09508
      vertex 14.7118 -2.92635 24
      vertex 14.8476 -2.01061 8.89993
    endloop
  endfacet
  facet normal 0.989105 -0.147211 -3.21939e-05
    outer loop
      vertex 14.8476 -2.01061 8.89993
      vertex 14.7118 -2.92635 24
      vertex 14.8432 -2.04013 8.70093
    endloop
  endfacet
  facet normal 0.989605 -0.143811 0.000169039
    outer loop
      vertex 14.8432 -2.04013 8.70093
      vertex 14.7118 -2.92635 24
      vertex 14.8418 -2.05 8.5
    endloop
  endfacet
  facet normal 0.989148 -0.146925 4.61226e-05
    outer loop
      vertex 14.7118 -2.92635 1
      vertex 14.9278 -1.47026 7.07326
      vertex 14.9108 -1.58467 7.19949
    endloop
  endfacet
  facet normal 0.989155 -0.146874 3.47779e-05
    outer loop
      vertex 14.7118 -2.92635 1
      vertex 14.9108 -1.58467 7.19949
      vertex 14.893 -1.70451 7.36108
    endloop
  endfacet
  facet normal 0.989222 -0.146422 -5.3931e-05
    outer loop
      vertex 14.7118 -2.92635 1
      vertex 14.893 -1.70451 7.36108
      vertex 14.8777 -1.80794 7.53364
    endloop
  endfacet
  facet normal 0.989125 -0.147074 6.02106e-05
    outer loop
      vertex 14.7118 -2.92635 1
      vertex 14.8777 -1.80794 7.53364
      vertex 14.8649 -1.89395 7.7155
    endloop
  endfacet
  facet normal 0.989258 -0.146177 -8.0751e-05
    outer loop
      vertex 14.7118 -2.92635 1
      vertex 14.8649 -1.89395 7.7155
      vertex 14.8549 -1.96173 7.90492
    endloop
  endfacet
  facet normal 0.989083 -0.147362 8.8415e-05
    outer loop
      vertex 14.7118 -2.92635 1
      vertex 14.8549 -1.96173 7.90492
      vertex 14.8476 -2.01061 8.10007
    endloop
  endfacet
  facet normal 0.989124 -0.147083 5.15986e-05
    outer loop
      vertex 14.7118 -2.92635 1
      vertex 14.8476 -2.01061 8.10007
      vertex 14.8432 -2.04013 8.29907
    endloop
  endfacet
  facet normal 0.989176 -0.146737 0
    outer loop
      vertex 14.7118 -2.92635 1
      vertex 14.8418 -2.05 8.5
      vertex 14.7118 -2.92635 24
    endloop
  endfacet
  facet normal 0.989176 -0.146737 0
    outer loop
      vertex 14.9278 -1.47026 7.07326
      vertex 14.7118 -2.92635 1
      vertex 14.9278 -1.47026 1
    endloop
  endfacet
  facet normal 0.98945 -0.144874 -0.00022237
    outer loop
      vertex 14.8418 -2.05 8.5
      vertex 14.7118 -2.92635 1
      vertex 14.8432 -2.04013 8.29907
    endloop
  endfacet
  facet normal 0.514116 -0.857721 0
    outer loop
      vertex 7.07095 -13.2288 1
      vertex 8.33355 -12.472 24
      vertex 7.07095 -13.2288 24
    endloop
  endfacet
  facet normal 0.514116 -0.857721 0
    outer loop
      vertex 8.33355 -12.472 24
      vertex 7.07095 -13.2288 1
      vertex 8.33355 -12.472 1
    endloop
  endfacet
  facet normal -0.242996 -0.970027 0
    outer loop
      vertex -4.35427 -14.3541 1
      vertex -2.92635 -14.7118 24
      vertex -4.35427 -14.3541 24
    endloop
  endfacet
  facet normal -0.242996 -0.970027 -0
    outer loop
      vertex -2.92635 -14.7118 24
      vertex -4.35427 -14.3541 1
      vertex -2.92635 -14.7118 1
    endloop
  endfacet
  facet normal -0.59566 0.803237 0
    outer loop
      vertex -8.33355 12.472 1
      vertex -9.5159 11.5952 24
      vertex -8.33355 12.472 24
    endloop
  endfacet
  facet normal -0.59566 0.803237 0
    outer loop
      vertex -9.5159 11.5952 24
      vertex -8.33355 12.472 1
      vertex -9.5159 11.5952 1
    endloop
  endfacet
  facet normal -0.998803 -0.0489124 -2.31277e-21
    outer loop
      vertex -14.9916 -0.17153 10.2416
      vertex -15 0 24
      vertex -15 0 10.25
    endloop
  endfacet
  facet normal -0.99878 -0.0493825 -2.99703e-05
    outer loop
      vertex -14.9278 -1.47026 24
      vertex -14.9916 -0.17153 10.2416
      vertex -14.9832 -0.341408 10.2164
    endloop
  endfacet
  facet normal -0.998791 -0.0491602 -1.17211e-05
    outer loop
      vertex -14.9278 -1.47026 24
      vertex -14.9832 -0.341408 10.2164
      vertex -14.975 -0.507998 10.1746
    endloop
  endfacet
  facet normal -0.998808 -0.048803 1.31984e-05
    outer loop
      vertex -14.9278 -1.47026 24
      vertex -14.975 -0.507998 10.1746
      vertex -14.9671 -0.669696 10.1168
    endloop
  endfacet
  facet normal -0.998804 -0.048899 7.65083e-06
    outer loop
      vertex -14.9278 -1.47026 24
      vertex -14.9671 -0.669696 10.1168
      vertex -14.9595 -0.824944 10.0434
    endloop
  endfacet
  facet normal -0.998775 -0.0494853 -1.95239e-05
    outer loop
      vertex -14.9278 -1.47026 24
      vertex -14.9595 -0.824944 10.0434
      vertex -14.9522 -0.972247 9.95507
    endloop
  endfacet
  facet normal -0.998822 -0.0485244 1.46291e-05
    outer loop
      vertex -14.9278 -1.47026 24
      vertex -14.9522 -0.972247 9.95507
      vertex -14.9455 -1.11019 9.85277
    endloop
  endfacet
  facet normal -0.998777 -0.0494404 -8.73962e-06
    outer loop
      vertex -14.9278 -1.47026 24
      vertex -14.9455 -1.11019 9.85277
      vertex -14.9392 -1.23744 9.73744
    endloop
  endfacet
  facet normal -0.998781 -0.0493551 -7.34356e-06
    outer loop
      vertex -14.9278 -1.47026 24
      vertex -14.9392 -1.23744 9.73744
      vertex -14.9335 -1.35277 9.61019
    endloop
  endfacet
  facet normal -0.998808 -0.0488137 -2.91263e-06
    outer loop
      vertex -14.9278 -1.47026 24
      vertex -14.9335 -1.35277 9.61019
      vertex -14.9285 -1.45507 9.47225
    endloop
  endfacet
  facet normal -0.99894 -0.0460341 -0
    outer loop
      vertex -14.9278 -1.47026 24
      vertex -14.9285 -1.45507 9.47225
      vertex -14.9278 -1.47026 9.44691
    endloop
  endfacet
  facet normal -0.998796 -0.0490479 1.6927e-06
    outer loop
      vertex -14.9916 -0.17153 10.2416
      vertex -14.9278 -1.47026 24
      vertex -15 0 24
    endloop
  endfacet
  facet normal -0.998803 -0.0489124 0
    outer loop
      vertex -15 0 1
      vertex -14.9916 -0.17153 6.75843
      vertex -15 0 6.75
    endloop
  endfacet
  facet normal -0.99878 -0.049389 -1.42312e-05
    outer loop
      vertex -15 0 1
      vertex -14.9832 -0.341408 6.78363
      vertex -14.9916 -0.17153 6.75843
    endloop
  endfacet
  facet normal -0.998796 -0.0490479 5.95634e-06
    outer loop
      vertex -14.9278 -1.47026 1
      vertex -14.9832 -0.341408 6.78363
      vertex -15 0 1
    endloop
  endfacet
  facet normal -0.998791 -0.0491563 2.71793e-05
    outer loop
      vertex -14.9832 -0.341408 6.78363
      vertex -14.9278 -1.47026 1
      vertex -14.975 -0.507998 6.82535
    endloop
  endfacet
  facet normal -0.998808 -0.0488091 -3.03117e-05
    outer loop
      vertex -14.975 -0.507998 6.82535
      vertex -14.9278 -1.47026 1
      vertex -14.9671 -0.669696 6.88321
    endloop
  endfacet
  facet normal -0.998804 -0.0489036 -1.74251e-05
    outer loop
      vertex -14.9671 -0.669696 6.88321
      vertex -14.9278 -1.47026 1
      vertex -14.9595 -0.824944 6.95664
    endloop
  endfacet
  facet normal -0.998776 -0.0494706 4.41469e-05
    outer loop
      vertex -14.9595 -0.824944 6.95664
      vertex -14.9278 -1.47026 1
      vertex -14.9522 -0.972247 7.04493
    endloop
  endfacet
  facet normal -0.998821 -0.0485379 -3.28749e-05
    outer loop
      vertex -14.9522 -0.972247 7.04493
      vertex -14.9278 -1.47026 1
      vertex -14.9455 -1.11019 7.14723
    endloop
  endfacet
  facet normal -0.998778 -0.0494306 1.954e-05
    outer loop
      vertex -14.9455 -1.11019 7.14723
      vertex -14.9278 -1.47026 1
      vertex -14.9392 -1.23744 7.26256
    endloop
  endfacet
  facet normal -0.998782 -0.0493451 1.63548e-05
    outer loop
      vertex -14.9392 -1.23744 7.26256
      vertex -14.9278 -1.47026 1
      vertex -14.9335 -1.35277 7.38981
    endloop
  endfacet
  facet normal -0.998808 -0.0488089 6.47101e-06
    outer loop
      vertex -14.9335 -1.35277 7.38981
      vertex -14.9278 -1.47026 1
      vertex -14.9285 -1.45507 7.52775
    endloop
  endfacet
  facet normal -0.99894 -0.0460341 -6.23833e-21
    outer loop
      vertex -14.9285 -1.45507 7.52775
      vertex -14.9278 -1.47026 1
      vertex -14.9278 -1.47026 7.55309
    endloop
  endfacet
  facet normal -0.970027 -0.242996 6.15328e-19
    outer loop
      vertex -14.3541 -4.35427 1
      vertex -14.7118 -2.92635 24
      vertex -14.7118 -2.92635 1
    endloop
  endfacet
  facet normal -0.970027 -0.242996 6.15328e-19
    outer loop
      vertex -14.7118 -2.92635 24
      vertex -14.3541 -4.35427 1
      vertex -14.3541 -4.35427 24
    endloop
  endfacet
  facet normal 0.970027 -0.242996 -6.15328e-19
    outer loop
      vertex 14.3541 -4.35427 24
      vertex 14.7118 -2.92635 1
      vertex 14.7118 -2.92635 24
    endloop
  endfacet
  facet normal 0.970027 -0.242996 -6.15328e-19
    outer loop
      vertex 14.7118 -2.92635 1
      vertex 14.3541 -4.35427 24
      vertex 14.3541 -4.35427 1
    endloop
  endfacet
  facet normal -0.514116 0.857721 0
    outer loop
      vertex -7.07095 13.2288 1
      vertex -8.33355 12.472 24
      vertex -7.07095 13.2288 24
    endloop
  endfacet
  facet normal -0.514116 0.857721 0
    outer loop
      vertex -8.33355 12.472 24
      vertex -7.07095 13.2288 1
      vertex -8.33355 12.472 1
    endloop
  endfacet
  facet normal 0.59566 0.803237 -0
    outer loop
      vertex 9.5159 11.5952 1
      vertex 8.33355 12.472 24
      vertex 9.5159 11.5952 24
    endloop
  endfacet
  facet normal 0.59566 0.803237 0
    outer loop
      vertex 8.33355 12.472 24
      vertex 9.5159 11.5952 1
      vertex 8.33355 12.472 1
    endloop
  endfacet
  facet normal -0.903983 -0.427569 8.74352e-19
    outer loop
      vertex -13.2288 -7.07095 1
      vertex -13.8582 -5.74025 24
      vertex -13.8582 -5.74025 1
    endloop
  endfacet
  facet normal -0.903983 -0.427569 8.74352e-19
    outer loop
      vertex -13.8582 -5.74025 24
      vertex -13.2288 -7.07095 1
      vertex -13.2288 -7.07095 24
    endloop
  endfacet
  facet normal 0.941547 -0.336883 4.49308e-19
    outer loop
      vertex 13.8582 -5.74025 24
      vertex 14.3541 -4.35427 1
      vertex 14.3541 -4.35427 24
    endloop
  endfacet
  facet normal 0.941547 -0.336883 4.49308e-19
    outer loop
      vertex 14.3541 -4.35427 1
      vertex 13.8582 -5.74025 24
      vertex 13.8582 -5.74025 1
    endloop
  endfacet
  facet normal 0.146737 0.989176 -0
    outer loop
      vertex 2.92635 14.7118 1
      vertex 1.47026 14.9278 24
      vertex 2.92635 14.7118 24
    endloop
  endfacet
  facet normal 0.146737 0.989176 0
    outer loop
      vertex 1.47026 14.9278 24
      vertex 2.92635 14.7118 1
      vertex 1.47026 14.9278 1
    endloop
  endfacet
  facet normal -0.427569 0.903983 0
    outer loop
      vertex -5.74025 13.8582 1
      vertex -7.07095 13.2288 24
      vertex -5.74025 13.8582 24
    endloop
  endfacet
  facet normal -0.427569 0.903983 0
    outer loop
      vertex -7.07095 13.2288 24
      vertex -5.74025 13.8582 1
      vertex -7.07095 13.2288 1
    endloop
  endfacet
  facet normal 0.514116 0.857721 -0
    outer loop
      vertex 8.33355 12.472 1
      vertex 7.07095 13.2288 24
      vertex 8.33355 12.472 24
    endloop
  endfacet
  facet normal 0.514116 0.857721 0
    outer loop
      vertex 7.07095 13.2288 24
      vertex 8.33355 12.472 1
      vertex 7.07095 13.2288 1
    endloop
  endfacet
  facet normal 0.427569 -0.903983 0
    outer loop
      vertex 5.74025 -13.8582 1
      vertex 7.07095 -13.2288 24
      vertex 5.74025 -13.8582 24
    endloop
  endfacet
  facet normal 0.427569 -0.903983 0
    outer loop
      vertex 7.07095 -13.2288 24
      vertex 5.74025 -13.8582 1
      vertex 7.07095 -13.2288 1
    endloop
  endfacet
  facet normal -0.941547 -0.336883 -4.49308e-19
    outer loop
      vertex -13.8582 -5.74025 1
      vertex -14.3541 -4.35427 24
      vertex -14.3541 -4.35427 1
    endloop
  endfacet
  facet normal -0.941547 -0.336883 -4.49308e-19
    outer loop
      vertex -14.3541 -4.35427 24
      vertex -13.8582 -5.74025 1
      vertex -13.8582 -5.74025 24
    endloop
  endfacet
  facet normal 0.857721 -0.514116 9.01787e-19
    outer loop
      vertex 12.472 -8.33355 24
      vertex 13.2288 -7.07095 1
      vertex 13.2288 -7.07095 24
    endloop
  endfacet
  facet normal 0.857721 -0.514116 9.01787e-19
    outer loop
      vertex 13.2288 -7.07095 1
      vertex 12.472 -8.33355 24
      vertex 12.472 -8.33355 1
    endloop
  endfacet
  facet normal 0.903983 -0.427569 -8.74352e-19
    outer loop
      vertex 13.2288 -7.07095 24
      vertex 13.8582 -5.74025 1
      vertex 13.8582 -5.74025 24
    endloop
  endfacet
  facet normal 0.903983 -0.427569 -8.74352e-19
    outer loop
      vertex 13.8582 -5.74025 1
      vertex 13.2288 -7.07095 24
      vertex 13.2288 -7.07095 1
    endloop
  endfacet
  facet normal 0.998788 -0.0492102 -1.50509e-19
    outer loop
      vertex 14.9901 -0.200934 6.45987
      vertex 15 0 1
      vertex 15 0 6.45
    endloop
  endfacet
  facet normal 0.998814 -0.0486828 1.94571e-05
    outer loop
      vertex 14.9804 -0.399935 6.48939
      vertex 15 0 1
      vertex 14.9901 -0.200934 6.45987
    endloop
  endfacet
  facet normal 0.998792 -0.0491317 9.1875e-06
    outer loop
      vertex 14.9278 -1.47026 1
      vertex 14.9804 -0.399935 6.48939
      vertex 14.9708 -0.595083 6.53827
    endloop
  endfacet
  facet normal 0.998797 -0.0490408 -5.21304e-06
    outer loop
      vertex 14.9278 -1.47026 1
      vertex 14.9708 -0.595083 6.53827
      vertex 14.9615 -0.7845 6.60605
    endloop
  endfacet
  facet normal 0.998779 -0.0494085 3.98736e-05
    outer loop
      vertex 14.9278 -1.47026 1
      vertex 14.9615 -0.7845 6.60605
      vertex 14.9525 -0.966363 6.69206
    endloop
  endfacet
  facet normal 0.99879 -0.0491873 2.02463e-05
    outer loop
      vertex 14.9278 -1.47026 1
      vertex 14.9525 -0.966363 6.69206
      vertex 14.944 -1.13892 6.79549
    endloop
  endfacet
  facet normal 0.998807 -0.048831 -1.75983e-07
    outer loop
      vertex 14.9278 -1.47026 1
      vertex 14.944 -1.13892 6.79549
      vertex 14.9361 -1.30051 6.91533
    endloop
  endfacet
  facet normal 0.998803 -0.048913 2.18271e-06
    outer loop
      vertex 14.9278 -1.47026 1
      vertex 14.9361 -1.30051 6.91533
      vertex 14.9288 -1.44957 7.05043
    endloop
  endfacet
  facet normal 0.998834 -0.0482762 0
    outer loop
      vertex 14.9278 -1.47026 1
      vertex 14.9288 -1.44957 7.05043
      vertex 14.9278 -1.47026 7.07326
    endloop
  endfacet
  facet normal 0.998796 -0.0490479 -7.20384e-06
    outer loop
      vertex 14.9804 -0.399935 6.48939
      vertex 14.9278 -1.47026 1
      vertex 15 0 1
    endloop
  endfacet
  facet normal 0.998788 -0.0492102 0
    outer loop
      vertex 15 0 24
      vertex 14.9901 -0.200934 10.5401
      vertex 15 0 10.55
    endloop
  endfacet
  facet normal 0.998796 -0.0490479 -2.42963e-06
    outer loop
      vertex 14.9278 -1.47026 24
      vertex 14.9901 -0.200934 10.5401
      vertex 15 0 24
    endloop
  endfacet
  facet normal 0.998814 -0.0486903 3.13695e-05
    outer loop
      vertex 14.9901 -0.200934 10.5401
      vertex 14.9278 -1.47026 24
      vertex 14.9804 -0.399935 10.5106
    endloop
  endfacet
  facet normal 0.998792 -0.0491331 -3.84492e-06
    outer loop
      vertex 14.9804 -0.399935 10.5106
      vertex 14.9278 -1.47026 24
      vertex 14.9708 -0.595083 10.4617
    endloop
  endfacet
  facet normal 0.998797 -0.0490397 2.20227e-06
    outer loop
      vertex 14.9708 -0.595083 10.4617
      vertex 14.9278 -1.47026 24
      vertex 14.9615 -0.7845 10.394
    endloop
  endfacet
  facet normal 0.998778 -0.0494193 -1.69744e-05
    outer loop
      vertex 14.9615 -0.7845 10.394
      vertex 14.9278 -1.47026 24
      vertex 14.9525 -0.966363 10.3079
    endloop
  endfacet
  facet normal 0.998789 -0.0491942 -8.67213e-06
    outer loop
      vertex 14.9525 -0.966363 10.3079
      vertex 14.9278 -1.47026 24
      vertex 14.944 -1.13892 10.2045
    endloop
  endfacet
  facet normal 0.998807 -0.0488309 7.57169e-08
    outer loop
      vertex 14.944 -1.13892 10.2045
      vertex 14.9278 -1.47026 24
      vertex 14.9361 -1.30051 10.0847
    endloop
  endfacet
  facet normal 0.998803 -0.0489141 -9.41578e-07
    outer loop
      vertex 14.9361 -1.30051 10.0847
      vertex 14.9278 -1.47026 24
      vertex 14.9288 -1.44957 9.94957
    endloop
  endfacet
  facet normal 0.998834 -0.0482762 2.47418e-21
    outer loop
      vertex 14.9288 -1.44957 9.94957
      vertex 14.9278 -1.47026 24
      vertex 14.9278 -1.47026 9.92674
    endloop
  endfacet
  facet normal -0.146737 0.989176 0
    outer loop
      vertex -1.47026 14.9278 1
      vertex -2.92635 14.7118 24
      vertex -1.47026 14.9278 24
    endloop
  endfacet
  facet normal -0.146737 0.989176 0
    outer loop
      vertex -2.92635 14.7118 24
      vertex -1.47026 14.9278 1
      vertex -2.92635 14.7118 1
    endloop
  endfacet
  facet normal 0.146737 -0.989176 0
    outer loop
      vertex 1.47026 -14.9278 1
      vertex 2.92635 -14.7118 24
      vertex 1.47026 -14.9278 24
    endloop
  endfacet
  facet normal 0.146737 -0.989176 0
    outer loop
      vertex 2.92635 -14.7118 24
      vertex 1.47026 -14.9278 1
      vertex 2.92635 -14.7118 1
    endloop
  endfacet
  facet normal 0.740935 -0.671577 2.77449e-18
    outer loop
      vertex 10.6066 -10.6066 24
      vertex 11.5952 -9.5159 1
      vertex 11.5952 -9.5159 24
    endloop
  endfacet
  facet normal 0.740935 -0.671577 2.77449e-18
    outer loop
      vertex 11.5952 -9.5159 1
      vertex 10.6066 -10.6066 24
      vertex 10.6066 -10.6066 1
    endloop
  endfacet
  facet normal 0.803237 -0.59566 1.88164e-18
    outer loop
      vertex 11.5952 -9.5159 24
      vertex 12.472 -8.33355 1
      vertex 12.472 -8.33355 24
    endloop
  endfacet
  facet normal 0.803237 -0.59566 1.88164e-18
    outer loop
      vertex 12.472 -8.33355 1
      vertex 11.5952 -9.5159 24
      vertex 11.5952 -9.5159 1
    endloop
  endfacet
  facet normal -0.242996 0.970027 0
    outer loop
      vertex -2.92635 14.7118 1
      vertex -4.35427 14.3541 24
      vertex -2.92635 14.7118 24
    endloop
  endfacet
  facet normal -0.242996 0.970027 0
    outer loop
      vertex -4.35427 14.3541 24
      vertex -2.92635 14.7118 1
      vertex -4.35427 14.3541 1
    endloop
  endfacet
  facet normal 0.803237 0.59566 -1.88164e-18
    outer loop
      vertex 12.472 8.33355 24
      vertex 11.5952 9.5159 1
      vertex 11.5952 9.5159 24
    endloop
  endfacet
  facet normal 0.803237 0.59566 -1.88164e-18
    outer loop
      vertex 11.5952 9.5159 1
      vertex 12.472 8.33355 24
      vertex 12.472 8.33355 1
    endloop
  endfacet
  facet normal 0.0490479 0.998796 -0
    outer loop
      vertex 1.47026 14.9278 1
      vertex 0 15 24
      vertex 1.47026 14.9278 24
    endloop
  endfacet
  facet normal 0.0490479 0.998796 0
    outer loop
      vertex 0 15 24
      vertex 1.47026 14.9278 1
      vertex 0 15 1
    endloop
  endfacet
  facet normal 0.903983 0.427569 8.74352e-19
    outer loop
      vertex 13.8582 5.74025 24
      vertex 13.2288 7.07095 1
      vertex 13.2288 7.07095 24
    endloop
  endfacet
  facet normal 0.903983 0.427569 8.74352e-19
    outer loop
      vertex 13.2288 7.07095 1
      vertex 13.8582 5.74025 24
      vertex 13.8582 5.74025 1
    endloop
  endfacet
  facet normal -0.857721 0.514116 9.01787e-19
    outer loop
      vertex -13.2288 7.07095 1
      vertex -12.472 8.33355 24
      vertex -12.472 8.33355 1
    endloop
  endfacet
  facet normal -0.857721 0.514116 9.01787e-19
    outer loop
      vertex -12.472 8.33355 24
      vertex -13.2288 7.07095 1
      vertex -13.2288 7.07095 24
    endloop
  endfacet
  facet normal -0.671577 0.740935 0
    outer loop
      vertex -9.5159 11.5952 1
      vertex -10.6066 10.6066 24
      vertex -9.5159 11.5952 24
    endloop
  endfacet
  facet normal -0.671577 0.740935 0
    outer loop
      vertex -10.6066 10.6066 24
      vertex -9.5159 11.5952 1
      vertex -10.6066 10.6066 1
    endloop
  endfacet
  facet normal -0.857721 -0.514116 -9.01787e-19
    outer loop
      vertex -12.472 -8.33355 1
      vertex -13.2288 -7.07095 24
      vertex -13.2288 -7.07095 1
    endloop
  endfacet
  facet normal -0.857721 -0.514116 -9.01787e-19
    outer loop
      vertex -13.2288 -7.07095 24
      vertex -12.472 -8.33355 1
      vertex -12.472 -8.33355 24
    endloop
  endfacet
  facet normal -0.427569 -0.903983 0
    outer loop
      vertex -7.07095 -13.2288 1
      vertex -5.74025 -13.8582 24
      vertex -7.07095 -13.2288 24
    endloop
  endfacet
  facet normal -0.427569 -0.903983 -0
    outer loop
      vertex -5.74025 -13.8582 24
      vertex -7.07095 -13.2288 1
      vertex -5.74025 -13.8582 1
    endloop
  endfacet
  facet normal -0.740935 -0.671577 -2.77449e-18
    outer loop
      vertex -10.6066 -10.6066 1
      vertex -11.5952 -9.5159 24
      vertex -11.5952 -9.5159 1
    endloop
  endfacet
  facet normal -0.740935 -0.671577 -2.77449e-18
    outer loop
      vertex -11.5952 -9.5159 24
      vertex -10.6066 -10.6066 1
      vertex -10.6066 -10.6066 24
    endloop
  endfacet
  facet normal -0.336883 0.941547 0
    outer loop
      vertex -4.35427 14.3541 1
      vertex -5.74025 13.8582 24
      vertex -4.35427 14.3541 24
    endloop
  endfacet
  facet normal -0.336883 0.941547 0
    outer loop
      vertex -5.74025 13.8582 24
      vertex -4.35427 14.3541 1
      vertex -5.74025 13.8582 1
    endloop
  endfacet
  facet normal -0.514116 -0.857721 0
    outer loop
      vertex -8.33355 -12.472 1
      vertex -7.07095 -13.2288 24
      vertex -8.33355 -12.472 24
    endloop
  endfacet
  facet normal -0.514116 -0.857721 -0
    outer loop
      vertex -7.07095 -13.2288 24
      vertex -8.33355 -12.472 1
      vertex -7.07095 -13.2288 1
    endloop
  endfacet
  facet normal 0.59566 -0.803237 0
    outer loop
      vertex 8.33355 -12.472 1
      vertex 9.5159 -11.5952 24
      vertex 8.33355 -12.472 24
    endloop
  endfacet
  facet normal 0.59566 -0.803237 0
    outer loop
      vertex 9.5159 -11.5952 24
      vertex 8.33355 -12.472 1
      vertex 9.5159 -11.5952 1
    endloop
  endfacet
  facet normal -0.0490479 0.998796 0
    outer loop
      vertex 0 15 1
      vertex -1.47026 14.9278 24
      vertex 0 15 24
    endloop
  endfacet
  facet normal -0.0490479 0.998796 0
    outer loop
      vertex -1.47026 14.9278 24
      vertex 0 15 1
      vertex -1.47026 14.9278 1
    endloop
  endfacet
  facet normal -0.970027 0.242996 -6.15328e-19
    outer loop
      vertex -14.7118 2.92635 1
      vertex -14.3541 4.35427 24
      vertex -14.3541 4.35427 1
    endloop
  endfacet
  facet normal -0.970027 0.242996 -6.15328e-19
    outer loop
      vertex -14.3541 4.35427 24
      vertex -14.7118 2.92635 1
      vertex -14.7118 2.92635 24
    endloop
  endfacet
  facet normal -0.941547 0.336883 4.49308e-19
    outer loop
      vertex -14.3541 4.35427 1
      vertex -13.8582 5.74025 24
      vertex -13.8582 5.74025 1
    endloop
  endfacet
  facet normal -0.941547 0.336883 4.49308e-19
    outer loop
      vertex -13.8582 5.74025 24
      vertex -14.3541 4.35427 1
      vertex -14.3541 4.35427 24
    endloop
  endfacet
  facet normal 0.336883 0.941547 -0
    outer loop
      vertex 5.74025 13.8582 1
      vertex 4.35427 14.3541 24
      vertex 5.74025 13.8582 24
    endloop
  endfacet
  facet normal 0.336883 0.941547 0
    outer loop
      vertex 4.35427 14.3541 24
      vertex 5.74025 13.8582 1
      vertex 4.35427 14.3541 1
    endloop
  endfacet
  facet normal -0.803237 -0.59566 -1.88164e-18
    outer loop
      vertex -11.5952 -9.5159 1
      vertex -12.472 -8.33355 24
      vertex -12.472 -8.33355 1
    endloop
  endfacet
  facet normal -0.803237 -0.59566 -1.88164e-18
    outer loop
      vertex -12.472 -8.33355 24
      vertex -11.5952 -9.5159 1
      vertex -11.5952 -9.5159 24
    endloop
  endfacet
  facet normal -0.989176 -0.146737 1.98647e-18
    outer loop
      vertex -14.7118 -2.92635 1
      vertex -14.9278 -1.47026 7.55309
      vertex -14.9278 -1.47026 1
    endloop
  endfacet
  facet normal -0.989095 -0.147279 0.000123188
    outer loop
      vertex -14.9278 -1.47026 7.55309
      vertex -14.7118 -2.92635 1
      vertex -14.9169 -1.54336 7.67506
    endloop
  endfacet
  facet normal -0.989168 -0.146791 1.97849e-05
    outer loop
      vertex -14.9169 -1.54336 7.67506
      vertex -14.7118 -2.92635 1
      vertex -14.906 -1.61679 7.8303
    endloop
  endfacet
  facet normal -0.989312 -0.145815 -0.000171393
    outer loop
      vertex -14.906 -1.61679 7.8303
      vertex -14.7118 -2.92635 1
      vertex -14.8975 -1.67465 7.992
    endloop
  endfacet
  facet normal -0.989152 -0.146894 2.59752e-05
    outer loop
      vertex -14.8975 -1.67465 7.992
      vertex -14.7118 -2.92635 1
      vertex -14.8913 -1.71637 8.15859
    endloop
  endfacet
  facet normal -0.98901 -0.147849 0.000190971
    outer loop
      vertex -14.8913 -1.71637 8.15859
      vertex -14.7118 -2.92635 1
      vertex -14.8875 -1.74157 8.32847
    endloop
  endfacet
  facet normal -0.98938 -0.145351 -0.000221823
    outer loop
      vertex -14.8875 -1.74157 8.32847
      vertex -14.7118 -2.92635 1
      vertex -14.8863 -1.75 8.5
    endloop
  endfacet
  facet normal -0.989081 -0.147374 -6.51571e-05
    outer loop
      vertex -14.7118 -2.92635 24
      vertex -14.9278 -1.47026 9.44691
      vertex -14.9169 -1.54336 9.32494
    endloop
  endfacet
  facet normal -0.989165 -0.146809 -1.07912e-05
    outer loop
      vertex -14.7118 -2.92635 24
      vertex -14.9169 -1.54336 9.32494
      vertex -14.906 -1.61679 9.1697
    endloop
  endfacet
  facet normal -0.989342 -0.145612 9.72403e-05
    outer loop
      vertex -14.7118 -2.92635 24
      vertex -14.906 -1.61679 9.1697
      vertex -14.8975 -1.67465 9.008
    endloop
  endfacet
  facet normal -0.989146 -0.146935 -1.55799e-05
    outer loop
      vertex -14.7118 -2.92635 24
      vertex -14.8975 -1.67465 9.008
      vertex -14.8913 -1.71637 8.84141
    endloop
  endfacet
  facet normal -0.988945 -0.148281 -0.000125437
    outer loop
      vertex -14.7118 -2.92635 24
      vertex -14.8913 -1.71637 8.84141
      vertex -14.8875 -1.74157 8.67153
    endloop
  endfacet
  facet normal -0.98878 -0.149379 0.00042401
    outer loop
      vertex -14.7118 -2.92635 1
      vertex -14.8875 -1.74157 8.67153
      vertex -14.8863 -1.75 8.5
    endloop
  endfacet
  facet normal -0.989182 -0.146693 -3.78676e-19
    outer loop
      vertex -14.8875 -1.74157 8.67153
      vertex -14.7118 -2.92635 1
      vertex -14.7118 -2.92635 24
    endloop
  endfacet
  facet normal -0.989176 -0.146737 0
    outer loop
      vertex -14.9278 -1.47026 9.44691
      vertex -14.7118 -2.92635 24
      vertex -14.9278 -1.47026 24
    endloop
  endfacet
  facet normal -0.903983 0.427569 -8.74352e-19
    outer loop
      vertex -13.8582 5.74025 1
      vertex -13.2288 7.07095 24
      vertex -13.2288 7.07095 1
    endloop
  endfacet
  facet normal -0.903983 0.427569 -8.74352e-19
    outer loop
      vertex -13.2288 7.07095 24
      vertex -13.8582 5.74025 1
      vertex -13.8582 5.74025 24
    endloop
  endfacet
  facet normal 0 0 -1
    outer loop
      vertex 5.10961 -0.00591942 0
      vertex 14 0 0
      vertex 13.9326 -1.37224 0
    endloop
  endfacet
  facet normal 0 0 -1
    outer loop
      vertex 5.08529 -0.500857 0
      vertex 13.9326 -1.37224 0
      vertex 13.731 -2.73126 0
    endloop
  endfacet
  facet normal -0 0 -1
    outer loop
      vertex 14 0 0
      vertex 5.10961 -0.00591942 0
      vertex 5.1099 0 0
    endloop
  endfacet
  facet normal 0 0 -1
    outer loop
      vertex 5.01027 -1.00264 0
      vertex 13.731 -2.73126 0
      vertex 13.3972 -4.06398 0
    endloop
  endfacet
  facet normal 0 -0 -1
    outer loop
      vertex 5.12759 0.460526 0
      vertex 14 0 0
      vertex 5.1099 0 0
    endloop
  endfacet
  facet normal 0 0 -1
    outer loop
      vertex 4.88787 -1.48891 0
      vertex 13.3972 -4.06398 0
      vertex 12.9343 -5.35757 0
    endloop
  endfacet
  facet normal 0 0 -1
    outer loop
      vertex 14 0 0
      vertex 5.12759 0.460526 0
      vertex 13.9326 1.37224 0
    endloop
  endfacet
  facet normal 0 0 -1
    outer loop
      vertex 4.72093 -1.95547 0
      vertex 12.9343 -5.35757 0
      vertex 12.3469 -6.59955 0
    endloop
  endfacet
  facet normal -0 0 -1
    outer loop
      vertex 13.9326 1.37224 0
      vertex 5.12759 0.460526 0
      vertex 13.731 2.73126 0
    endloop
  endfacet
  facet normal 0 0 -1
    outer loop
      vertex 4.50348 -2.41387 0
      vertex 12.3469 -6.59955 0
      vertex 11.6406 -7.77798 0
    endloop
  endfacet
  facet normal 0 0 -1
    outer loop
      vertex 5.01171 0.996891 0
      vertex 13.731 2.73126 0
      vertex 5.12759 0.460526 0
    endloop
  endfacet
  facet normal 0 0 -1
    outer loop
      vertex 4.24873 -2.83891 0
      vertex 11.6406 -7.77798 0
      vertex 10.8221 -8.88151 0
    endloop
  endfacet
  facet normal 0 0 -1
    outer loop
      vertex 5.01027 1.00264 0
      vertex 13.731 2.73126 0
      vertex 5.01171 0.996891 0
    endloop
  endfacet
  facet normal 0 0 -1
    outer loop
      vertex 3.95001 -3.24169 0
      vertex 10.8221 -8.88151 0
      vertex 9.89949 -9.89949 0
    endloop
  endfacet
  facet normal -0 0 -1
    outer loop
      vertex 13.731 2.73126 0
      vertex 5.01027 1.00264 0
      vertex 13.3972 4.06398 0
    endloop
  endfacet
  facet normal 0 0 -1
    outer loop
      vertex 3.60885 -3.61722 0
      vertex 9.89949 -9.89949 0
      vertex 8.88151 -10.8221 0
    endloop
  endfacet
  facet normal 0 0 -1
    outer loop
      vertex 4.88987 1.48333 0
      vertex 13.3972 4.06398 0
      vertex 5.01027 1.00264 0
    endloop
  endfacet
  facet normal 0 0 -1
    outer loop
      vertex 3.23693 -3.95354 0
      vertex 8.88151 -10.8221 0
      vertex 7.77798 -11.6406 0
    endloop
  endfacet
  facet normal 0 0 -1
    outer loop
      vertex 4.88787 1.48891 0
      vertex 13.3972 4.06398 0
      vertex 4.88987 1.48333 0
    endloop
  endfacet
  facet normal 0 0 -1
    outer loop
      vertex 2.83891 -4.24873 0
      vertex 7.77798 -11.6406 0
      vertex 6.59955 -12.3469 0
    endloop
  endfacet
  facet normal 0 0 -1
    outer loop
      vertex 4.72093 1.95547 0
      vertex 12.9343 5.35757 0
      vertex 4.88787 1.48891 0
    endloop
  endfacet
  facet normal 0 0 -1
    outer loop
      vertex 2.40343 -4.50906 0
      vertex 6.59955 -12.3469 0
      vertex 5.35757 -12.9343 0
    endloop
  endfacet
  facet normal -0 0 -1
    outer loop
      vertex 12.9343 5.35757 0
      vertex 4.72093 1.95547 0
      vertex 12.3469 6.59955 0
    endloop
  endfacet
  facet normal 0 0 -1
    outer loop
      vertex 4.50653 2.40879 0
      vertex 12.3469 6.59955 0
      vertex 4.50906 2.40343 0
    endloop
  endfacet
  facet normal 0 0 -1
    outer loop
      vertex 4.50906 2.40343 0
      vertex 12.3469 6.59955 0
      vertex 4.72093 1.95547 0
    endloop
  endfacet
  facet normal -0 0 -1
    outer loop
      vertex 13.3972 4.06398 0
      vertex 4.88787 1.48891 0
      vertex 12.9343 5.35757 0
    endloop
  endfacet
  facet normal 0 0 -1
    outer loop
      vertex 13.9326 -1.37224 0
      vertex 5.08529 -0.500857 0
      vertex 5.10961 -0.00591942 0
    endloop
  endfacet
  facet normal 0 0 -1
    outer loop
      vertex 13.731 -2.73126 0
      vertex 5.01258 -0.991029 0
      vertex 5.08529 -0.500857 0
    endloop
  endfacet
  facet normal 0 0 -1
    outer loop
      vertex 13.731 -2.73126 0
      vertex 5.01171 -0.996891 0
      vertex 5.01258 -0.991029 0
    endloop
  endfacet
  facet normal 0 0 -1
    outer loop
      vertex 13.731 -2.73126 0
      vertex 5.01027 -1.00264 0
      vertex 5.01171 -0.996891 0
    endloop
  endfacet
  facet normal 0 0 -1
    outer loop
      vertex 13.3972 -4.06398 0
      vertex 4.88987 -1.48333 0
      vertex 5.01027 -1.00264 0
    endloop
  endfacet
  facet normal 0 0 -1
    outer loop
      vertex 13.3972 -4.06398 0
      vertex 4.88787 -1.48891 0
      vertex 4.88987 -1.48333 0
    endloop
  endfacet
  facet normal 0 0 -1
    outer loop
      vertex 12.9343 -5.35757 0
      vertex 4.72093 -1.95547 0
      vertex 4.88787 -1.48891 0
    endloop
  endfacet
  facet normal 0 0 -1
    outer loop
      vertex 12.3469 -6.59955 0
      vertex 4.50906 -2.40343 0
      vertex 4.72093 -1.95547 0
    endloop
  endfacet
  facet normal 0 0 -1
    outer loop
      vertex 12.3469 -6.59955 0
      vertex 4.50653 -2.40879 0
      vertex 4.50906 -2.40343 0
    endloop
  endfacet
  facet normal 0 0 -1
    outer loop
      vertex 12.3469 -6.59955 0
      vertex 4.50348 -2.41387 0
      vertex 4.50653 -2.40879 0
    endloop
  endfacet
  facet normal 0 0 -1
    outer loop
      vertex 11.6406 -7.77798 0
      vertex 4.24873 -2.83891 0
      vertex 4.50348 -2.41387 0
    endloop
  endfacet
  facet normal 0 0 -1
    outer loop
      vertex 1.95547 -4.72093 0
      vertex 5.35757 -12.9343 0
      vertex 4.06398 -13.3972 0
    endloop
  endfacet
  facet normal 0 0 -1
    outer loop
      vertex 10.8221 -8.88151 0
      vertex 3.95354 -3.23693 0
      vertex 4.24873 -2.83891 0
    endloop
  endfacet
  facet normal 0 0 -1
    outer loop
      vertex 10.8221 -8.88151 0
      vertex 3.95001 -3.24169 0
      vertex 3.95354 -3.23693 0
    endloop
  endfacet
  facet normal 0 0 -1
    outer loop
      vertex 9.89949 -9.89949 0
      vertex 3.61722 -3.60885 0
      vertex 3.95001 -3.24169 0
    endloop
  endfacet
  facet normal 0 0 -1
    outer loop
      vertex 9.89949 -9.89949 0
      vertex 3.61324 -3.61324 0
      vertex 3.61722 -3.60885 0
    endloop
  endfacet
  facet normal 0 0 -1
    outer loop
      vertex 9.89949 -9.89949 0
      vertex 3.60885 -3.61722 0
      vertex 3.61324 -3.61324 0
    endloop
  endfacet
  facet normal 0 0 -1
    outer loop
      vertex 8.88151 -10.8221 0
      vertex 3.24169 -3.95001 0
      vertex 3.60885 -3.61722 0
    endloop
  endfacet
  facet normal 0 0 -1
    outer loop
      vertex 8.88151 -10.8221 0
      vertex 3.23693 -3.95354 0
      vertex 3.24169 -3.95001 0
    endloop
  endfacet
  facet normal 0 0 -1
    outer loop
      vertex 7.77798 -11.6406 0
      vertex 2.83891 -4.24873 0
      vertex 3.23693 -3.95354 0
    endloop
  endfacet
  facet normal 0 0 -1
    outer loop
      vertex 1.48333 -4.88987 0
      vertex 4.06398 -13.3972 0
      vertex 2.73126 -13.731 0
    endloop
  endfacet
  facet normal 0 0 -1
    outer loop
      vertex 6.59955 -12.3469 0
      vertex 2.41387 -4.50348 0
      vertex 2.83891 -4.24873 0
    endloop
  endfacet
  facet normal 0 0 -1
    outer loop
      vertex 6.59955 -12.3469 0
      vertex 2.40879 -4.50653 0
      vertex 2.41387 -4.50348 0
    endloop
  endfacet
  facet normal 0 0 -1
    outer loop
      vertex 6.59955 -12.3469 0
      vertex 2.40343 -4.50906 0
      vertex 2.40879 -4.50653 0
    endloop
  endfacet
  facet normal 0 0 -1
    outer loop
      vertex 5.35757 -12.9343 0
      vertex 1.95547 -4.72093 0
      vertex 2.40343 -4.50906 0
    endloop
  endfacet
  facet normal 0 0 -1
    outer loop
      vertex 4.06398 -13.3972 0
      vertex 1.48891 -4.88787 0
      vertex 1.95547 -4.72093 0
    endloop
  endfacet
  facet normal 0 0 -1
    outer loop
      vertex 4.06398 -13.3972 0
      vertex 1.48333 -4.88987 0
      vertex 1.48891 -4.88787 0
    endloop
  endfacet
  facet normal 0 0 -1
    outer loop
      vertex 0.991029 -5.01258 0
      vertex 2.73126 -13.731 0
      vertex 1.37224 -13.9326 0
    endloop
  endfacet
  facet normal 0 0 -1
    outer loop
      vertex 2.73126 -13.731 0
      vertex 1.00264 -5.01027 0
      vertex 1.48333 -4.88987 0
    endloop
  endfacet
  facet normal 0 0 -1
    outer loop
      vertex 2.73126 -13.731 0
      vertex 0.996891 -5.01171 0
      vertex 1.00264 -5.01027 0
    endloop
  endfacet
  facet normal 0 0 -1
    outer loop
      vertex 2.73126 -13.731 0
      vertex 0.991029 -5.01258 0
      vertex 0.996891 -5.01171 0
    endloop
  endfacet
  facet normal 0 0 -1
    outer loop
      vertex 1.37224 -13.9326 0
      vertex 0.500857 -5.08529 0
      vertex 0.991029 -5.01258 0
    endloop
  endfacet
  facet normal 0 0 -1
    outer loop
      vertex 1.37224 -13.9326 0
      vertex 0.00591942 -5.10961 0
      vertex 0.500857 -5.08529 0
    endloop
  endfacet
  facet normal 0 0 -1
    outer loop
      vertex 0 -14 0
      vertex 0.00591942 -5.10961 0
      vertex 1.37224 -13.9326 0
    endloop
  endfacet
  facet normal 0 0 -1
    outer loop
      vertex 0 -14 0
      vertex 0 -5.1099 0
      vertex 0.00591942 -5.10961 0
    endloop
  endfacet
  facet normal 0 0 -1
    outer loop
      vertex 0 -14 0
      vertex -0.00591942 -5.10961 0
      vertex 0 -5.1099 0
    endloop
  endfacet
  facet normal 0 0 -1
    outer loop
      vertex 0 -14 0
      vertex -0.500857 -5.08529 0
      vertex -0.00591942 -5.10961 0
    endloop
  endfacet
  facet normal 0 0 -1
    outer loop
      vertex -1.37224 -13.9326 0
      vertex -0.500857 -5.08529 0
      vertex 0 -14 0
    endloop
  endfacet
  facet normal -0 0 -1
    outer loop
      vertex -0.500857 -5.08529 0
      vertex -1.37224 -13.9326 0
      vertex -0.991029 -5.01258 0
    endloop
  endfacet
  facet normal 0 0 -1
    outer loop
      vertex -2.73126 -13.731 0
      vertex -0.991029 -5.01258 0
      vertex -1.37224 -13.9326 0
    endloop
  endfacet
  facet normal -0 0 -1
    outer loop
      vertex -0.991029 -5.01258 0
      vertex -2.73126 -13.731 0
      vertex -0.996891 -5.01171 0
    endloop
  endfacet
  facet normal -0 0 -1
    outer loop
      vertex -0.996891 -5.01171 0
      vertex -2.73126 -13.731 0
      vertex -1.00264 -5.01027 0
    endloop
  endfacet
  facet normal -0 0 -1
    outer loop
      vertex -1.00264 -5.01027 0
      vertex -2.73126 -13.731 0
      vertex -1.48333 -4.88987 0
    endloop
  endfacet
  facet normal 0 0 -1
    outer loop
      vertex -4.06398 -13.3972 0
      vertex -1.48333 -4.88987 0
      vertex -2.73126 -13.731 0
    endloop
  endfacet
  facet normal -0 0 -1
    outer loop
      vertex -1.48333 -4.88987 0
      vertex -4.06398 -13.3972 0
      vertex -1.48891 -4.88787 0
    endloop
  endfacet
  facet normal -0 0 -1
    outer loop
      vertex -1.48891 -4.88787 0
      vertex -4.06398 -13.3972 0
      vertex -1.95547 -4.72093 0
    endloop
  endfacet
  facet normal 0 0 -1
    outer loop
      vertex -5.35757 -12.9343 0
      vertex -1.95547 -4.72093 0
      vertex -4.06398 -13.3972 0
    endloop
  endfacet
  facet normal -0 0 -1
    outer loop
      vertex -1.95547 -4.72093 0
      vertex -5.35757 -12.9343 0
      vertex -2.40343 -4.50906 0
    endloop
  endfacet
  facet normal 0 0 -1
    outer loop
      vertex -6.59955 -12.3469 0
      vertex -2.40343 -4.50906 0
      vertex -5.35757 -12.9343 0
    endloop
  endfacet
  facet normal -0 0 -1
    outer loop
      vertex -2.40343 -4.50906 0
      vertex -6.59955 -12.3469 0
      vertex -2.40879 -4.50653 0
    endloop
  endfacet
  facet normal -0 0 -1
    outer loop
      vertex -2.40879 -4.50653 0
      vertex -6.59955 -12.3469 0
      vertex -2.41387 -4.50348 0
    endloop
  endfacet
  facet normal -0 0 -1
    outer loop
      vertex -2.41387 -4.50348 0
      vertex -6.59955 -12.3469 0
      vertex -2.83891 -4.24873 0
    endloop
  endfacet
  facet normal 0 0 -1
    outer loop
      vertex -7.77798 -11.6406 0
      vertex -2.83891 -4.24873 0
      vertex -6.59955 -12.3469 0
    endloop
  endfacet
  facet normal -0 0 -1
    outer loop
      vertex -2.83891 -4.24873 0
      vertex -7.77798 -11.6406 0
      vertex -3.23693 -3.95354 0
    endloop
  endfacet
  facet normal 0 0 -1
    outer loop
      vertex -8.88151 -10.8221 0
      vertex -3.23693 -3.95354 0
      vertex -7.77798 -11.6406 0
    endloop
  endfacet
  facet normal -0 0 -1
    outer loop
      vertex -3.23693 -3.95354 0
      vertex -8.88151 -10.8221 0
      vertex -3.24169 -3.95001 0
    endloop
  endfacet
  facet normal -0 0 -1
    outer loop
      vertex -3.24169 -3.95001 0
      vertex -8.88151 -10.8221 0
      vertex -3.60885 -3.61722 0
    endloop
  endfacet
  facet normal 0 0 -1
    outer loop
      vertex -9.89949 -9.89949 0
      vertex -3.60885 -3.61722 0
      vertex -8.88151 -10.8221 0
    endloop
  endfacet
  facet normal -0 0 -1
    outer loop
      vertex -3.60885 -3.61722 0
      vertex -9.89949 -9.89949 0
      vertex -3.61324 -3.61324 0
    endloop
  endfacet
  facet normal -0 0 -1
    outer loop
      vertex -3.61324 -3.61324 0
      vertex -9.89949 -9.89949 0
      vertex -3.61722 -3.60885 0
    endloop
  endfacet
  facet normal -0 0 -1
    outer loop
      vertex -3.61722 -3.60885 0
      vertex -9.89949 -9.89949 0
      vertex -3.95001 -3.24169 0
    endloop
  endfacet
  facet normal 0 0 -1
    outer loop
      vertex -10.8221 -8.88151 0
      vertex -3.95001 -3.24169 0
      vertex -9.89949 -9.89949 0
    endloop
  endfacet
  facet normal -0 0 -1
    outer loop
      vertex -3.95001 -3.24169 0
      vertex -10.8221 -8.88151 0
      vertex -3.95354 -3.23693 0
    endloop
  endfacet
  facet normal -0 0 -1
    outer loop
      vertex -3.95354 -3.23693 0
      vertex -10.8221 -8.88151 0
      vertex -4.24873 -2.83891 0
    endloop
  endfacet
  facet normal 0 0 -1
    outer loop
      vertex -11.6406 -7.77798 0
      vertex -4.24873 -2.83891 0
      vertex -10.8221 -8.88151 0
    endloop
  endfacet
  facet normal -0 0 -1
    outer loop
      vertex -4.24873 -2.83891 0
      vertex -11.6406 -7.77798 0
      vertex -4.50348 -2.41387 0
    endloop
  endfacet
  facet normal 0 0 -1
    outer loop
      vertex -12.3469 -6.59955 0
      vertex -4.50348 -2.41387 0
      vertex -11.6406 -7.77798 0
    endloop
  endfacet
  facet normal -0 0 -1
    outer loop
      vertex -4.50348 -2.41387 0
      vertex -12.3469 -6.59955 0
      vertex -4.50653 -2.40879 0
    endloop
  endfacet
  facet normal 0 0 -1
    outer loop
      vertex -12.9343 -5.35757 0
      vertex -4.72093 -1.95547 0
      vertex -12.3469 -6.59955 0
    endloop
  endfacet
  facet normal -0 0 -1
    outer loop
      vertex -4.50906 -2.40343 0
      vertex -12.3469 -6.59955 0
      vertex -4.72093 -1.95547 0
    endloop
  endfacet
  facet normal -0 0 -1
    outer loop
      vertex -4.50653 -2.40879 0
      vertex -12.3469 -6.59955 0
      vertex -4.50906 -2.40343 0
    endloop
  endfacet
  facet normal 0 0 -1
    outer loop
      vertex 5.08529 0.500857 0
      vertex 5.12759 0.460526 0
      vertex 5.08608 0.484855 0
    endloop
  endfacet
  facet normal 0 0 -1
    outer loop
      vertex 5.01258 0.991029 0
      vertex 5.12759 0.460526 0
      vertex 5.08529 0.500857 0
    endloop
  endfacet
  facet normal 0 0 -1
    outer loop
      vertex 5.01171 0.996891 0
      vertex 5.12759 0.460526 0
      vertex 5.01258 0.991029 0
    endloop
  endfacet
  facet normal 0 0 -1
    outer loop
      vertex 4.50348 2.41387 0
      vertex 12.3469 6.59955 0
      vertex 4.50653 2.40879 0
    endloop
  endfacet
  facet normal -0 0 -1
    outer loop
      vertex 12.3469 6.59955 0
      vertex 4.50348 2.41387 0
      vertex 11.6406 7.77798 0
    endloop
  endfacet
  facet normal 0 0 -1
    outer loop
      vertex 4.24873 2.83891 0
      vertex 11.6406 7.77798 0
      vertex 4.50348 2.41387 0
    endloop
  endfacet
  facet normal -0 0 -1
    outer loop
      vertex 11.6406 7.77798 0
      vertex 4.24873 2.83891 0
      vertex 10.8221 8.88151 0
    endloop
  endfacet
  facet normal 0 0 -1
    outer loop
      vertex 3.95354 3.23693 0
      vertex 10.8221 8.88151 0
      vertex 4.24873 2.83891 0
    endloop
  endfacet
  facet normal 0 0 -1
    outer loop
      vertex 3.95001 3.24169 0
      vertex 10.8221 8.88151 0
      vertex 3.95354 3.23693 0
    endloop
  endfacet
  facet normal -0 0 -1
    outer loop
      vertex 10.8221 8.88151 0
      vertex 3.95001 3.24169 0
      vertex 9.89949 9.89949 0
    endloop
  endfacet
  facet normal 0 0 -1
    outer loop
      vertex 3.61722 3.60885 0
      vertex 9.89949 9.89949 0
      vertex 3.95001 3.24169 0
    endloop
  endfacet
  facet normal 0 0 -1
    outer loop
      vertex 3.61324 3.61324 0
      vertex 9.89949 9.89949 0
      vertex 3.61722 3.60885 0
    endloop
  endfacet
  facet normal 0 0 -1
    outer loop
      vertex 3.60885 3.61722 0
      vertex 9.89949 9.89949 0
      vertex 3.61324 3.61324 0
    endloop
  endfacet
  facet normal -0 0 -1
    outer loop
      vertex 9.89949 9.89949 0
      vertex 3.60885 3.61722 0
      vertex 8.88151 10.8221 0
    endloop
  endfacet
  facet normal 0 0 -1
    outer loop
      vertex 3.24169 3.95001 0
      vertex 8.88151 10.8221 0
      vertex 3.60885 3.61722 0
    endloop
  endfacet
  facet normal 0 0 -1
    outer loop
      vertex 3.23693 3.95354 0
      vertex 8.88151 10.8221 0
      vertex 3.24169 3.95001 0
    endloop
  endfacet
  facet normal -0 0 -1
    outer loop
      vertex 8.88151 10.8221 0
      vertex 3.23693 3.95354 0
      vertex 7.77798 11.6406 0
    endloop
  endfacet
  facet normal 0 0 -1
    outer loop
      vertex 2.83891 4.24873 0
      vertex 7.77798 11.6406 0
      vertex 3.23693 3.95354 0
    endloop
  endfacet
  facet normal -0 0 -1
    outer loop
      vertex 7.77798 11.6406 0
      vertex 2.83891 4.24873 0
      vertex 6.59955 12.3469 0
    endloop
  endfacet
  facet normal 0 0 -1
    outer loop
      vertex 2.41387 4.50348 0
      vertex 6.59955 12.3469 0
      vertex 2.83891 4.24873 0
    endloop
  endfacet
  facet normal 0 0 -1
    outer loop
      vertex 2.40879 4.50653 0
      vertex 6.59955 12.3469 0
      vertex 2.41387 4.50348 0
    endloop
  endfacet
  facet normal 0 0 -1
    outer loop
      vertex 2.40343 4.50906 0
      vertex 6.59955 12.3469 0
      vertex 2.40879 4.50653 0
    endloop
  endfacet
  facet normal -0 0 -1
    outer loop
      vertex 6.59955 12.3469 0
      vertex 2.40343 4.50906 0
      vertex 5.35757 12.9343 0
    endloop
  endfacet
  facet normal 0 0 -1
    outer loop
      vertex 1.95547 4.72093 0
      vertex 5.35757 12.9343 0
      vertex 2.40343 4.50906 0
    endloop
  endfacet
  facet normal -0 0 -1
    outer loop
      vertex 5.35757 12.9343 0
      vertex 1.95547 4.72093 0
      vertex 4.06398 13.3972 0
    endloop
  endfacet
  facet normal 0 0 -1
    outer loop
      vertex 1.48891 4.88787 0
      vertex 4.06398 13.3972 0
      vertex 1.95547 4.72093 0
    endloop
  endfacet
  facet normal 0 0 -1
    outer loop
      vertex 1.48333 4.88987 0
      vertex 4.06398 13.3972 0
      vertex 1.48891 4.88787 0
    endloop
  endfacet
  facet normal -0 0 -1
    outer loop
      vertex 4.06398 13.3972 0
      vertex 1.48333 4.88987 0
      vertex 2.73126 13.731 0
    endloop
  endfacet
  facet normal 0 0 -1
    outer loop
      vertex 1.00264 5.01027 0
      vertex 2.73126 13.731 0
      vertex 1.48333 4.88987 0
    endloop
  endfacet
  facet normal 0 0 -1
    outer loop
      vertex 0.996891 5.01171 0
      vertex 2.73126 13.731 0
      vertex 1.00264 5.01027 0
    endloop
  endfacet
  facet normal 0 0 -1
    outer loop
      vertex 0.991029 5.01258 0
      vertex 2.73126 13.731 0
      vertex 0.996891 5.01171 0
    endloop
  endfacet
  facet normal -0 0 -1
    outer loop
      vertex 2.73126 13.731 0
      vertex 0.991029 5.01258 0
      vertex 1.37224 13.9326 0
    endloop
  endfacet
  facet normal 0 0 -1
    outer loop
      vertex 0.500857 5.08529 0
      vertex 1.37224 13.9326 0
      vertex 0.991029 5.01258 0
    endloop
  endfacet
  facet normal 0 0 -1
    outer loop
      vertex 0.00591942 5.10961 0
      vertex 1.37224 13.9326 0
      vertex 0.500857 5.08529 0
    endloop
  endfacet
  facet normal 0 0 -1
    outer loop
      vertex 0 14 0
      vertex 0.00591942 5.10961 0
      vertex 0 5.1099 0
    endloop
  endfacet
  facet normal 0 0 -1
    outer loop
      vertex 0.00591942 5.10961 0
      vertex 0 14 0
      vertex 1.37224 13.9326 0
    endloop
  endfacet
  facet normal 0 0 -1
    outer loop
      vertex -0.00591942 5.10961 0
      vertex 0 14 0
      vertex 0 5.1099 0
    endloop
  endfacet
  facet normal 0 0 -1
    outer loop
      vertex -0.500857 5.08529 0
      vertex 0 14 0
      vertex -0.00591942 5.10961 0
    endloop
  endfacet
  facet normal 0 0 -1
    outer loop
      vertex -1.37224 13.9326 0
      vertex -0.500857 5.08529 0
      vertex -0.991029 5.01258 0
    endloop
  endfacet
  facet normal 0 0 -1
    outer loop
      vertex -2.73126 13.731 0
      vertex -0.991029 5.01258 0
      vertex -0.996891 5.01171 0
    endloop
  endfacet
  facet normal 0 0 -1
    outer loop
      vertex -2.73126 13.731 0
      vertex -0.996891 5.01171 0
      vertex -1.00264 5.01027 0
    endloop
  endfacet
  facet normal 0 0 -1
    outer loop
      vertex -0.500857 5.08529 0
      vertex -1.37224 13.9326 0
      vertex 0 14 0
    endloop
  endfacet
  facet normal 0 0 -1
    outer loop
      vertex -2.73126 13.731 0
      vertex -1.00264 5.01027 0
      vertex -1.48333 4.88987 0
    endloop
  endfacet
  facet normal 0 0 -1
    outer loop
      vertex -4.06398 13.3972 0
      vertex -1.48333 4.88987 0
      vertex -1.48891 4.88787 0
    endloop
  endfacet
  facet normal 0 0 -1
    outer loop
      vertex -4.06398 13.3972 0
      vertex -1.48891 4.88787 0
      vertex -1.95547 4.72093 0
    endloop
  endfacet
  facet normal 0 0 -1
    outer loop
      vertex -5.35757 12.9343 0
      vertex -1.95547 4.72093 0
      vertex -2.40343 4.50906 0
    endloop
  endfacet
  facet normal 0 0 -1
    outer loop
      vertex -6.59955 12.3469 0
      vertex -2.40343 4.50906 0
      vertex -2.40879 4.50653 0
    endloop
  endfacet
  facet normal 0 0 -1
    outer loop
      vertex -6.59955 12.3469 0
      vertex -2.40879 4.50653 0
      vertex -2.41387 4.50348 0
    endloop
  endfacet
  facet normal 0 0 -1
    outer loop
      vertex -0.991029 5.01258 0
      vertex -2.73126 13.731 0
      vertex -1.37224 13.9326 0
    endloop
  endfacet
  facet normal 0 0 -1
    outer loop
      vertex -6.59955 12.3469 0
      vertex -2.41387 4.50348 0
      vertex -2.83891 4.24873 0
    endloop
  endfacet
  facet normal 0 0 -1
    outer loop
      vertex -7.77798 11.6406 0
      vertex -2.83891 4.24873 0
      vertex -3.23693 3.95354 0
    endloop
  endfacet
  facet normal 0 0 -1
    outer loop
      vertex -8.88151 10.8221 0
      vertex -3.23693 3.95354 0
      vertex -3.24169 3.95001 0
    endloop
  endfacet
  facet normal 0 0 -1
    outer loop
      vertex -8.88151 10.8221 0
      vertex -3.24169 3.95001 0
      vertex -3.60885 3.61722 0
    endloop
  endfacet
  facet normal 0 0 -1
    outer loop
      vertex -9.89949 9.89949 0
      vertex -3.60885 3.61722 0
      vertex -3.61324 3.61324 0
    endloop
  endfacet
  facet normal 0 0 -1
    outer loop
      vertex -9.89949 9.89949 0
      vertex -3.61324 3.61324 0
      vertex -3.61722 3.60885 0
    endloop
  endfacet
  facet normal 0 0 -1
    outer loop
      vertex -9.89949 9.89949 0
      vertex -3.61722 3.60885 0
      vertex -3.95001 3.24169 0
    endloop
  endfacet
  facet normal 0 0 -1
    outer loop
      vertex -10.8221 8.88151 0
      vertex -3.95001 3.24169 0
      vertex -3.95354 3.23693 0
    endloop
  endfacet
  facet normal 0 0 -1
    outer loop
      vertex -1.48333 4.88987 0
      vertex -4.06398 13.3972 0
      vertex -2.73126 13.731 0
    endloop
  endfacet
  facet normal 0 0 -1
    outer loop
      vertex -10.8221 8.88151 0
      vertex -3.95354 3.23693 0
      vertex -4.24873 2.83891 0
    endloop
  endfacet
  facet normal 0 0 -1
    outer loop
      vertex -11.6406 7.77798 0
      vertex -4.24873 2.83891 0
      vertex -4.50348 2.41387 0
    endloop
  endfacet
  facet normal 0 0 -1
    outer loop
      vertex -12.3469 6.59955 0
      vertex -4.50348 2.41387 0
      vertex -4.50653 2.40879 0
    endloop
  endfacet
  facet normal 0 0 -1
    outer loop
      vertex -12.3469 6.59955 0
      vertex -4.50653 2.40879 0
      vertex -4.50906 2.40343 0
    endloop
  endfacet
  facet normal 0 0 -1
    outer loop
      vertex -12.3469 6.59955 0
      vertex -4.50906 2.40343 0
      vertex -4.72093 1.95547 0
    endloop
  endfacet
  facet normal 0 0 -1
    outer loop
      vertex -12.9343 5.35757 0
      vertex -4.72093 1.95547 0
      vertex -4.88787 1.48891 0
    endloop
  endfacet
  facet normal 0 0 -1
    outer loop
      vertex -13.3972 4.06398 0
      vertex -4.88787 1.48891 0
      vertex -4.88987 1.48333 0
    endloop
  endfacet
  facet normal 0 0 -1
    outer loop
      vertex -13.3972 4.06398 0
      vertex -4.88987 1.48333 0
      vertex -5.01027 1.00264 0
    endloop
  endfacet
  facet normal 0 0 -1
    outer loop
      vertex -13.731 2.73126 0
      vertex -5.01027 1.00264 0
      vertex -5.01171 0.996891 0
    endloop
  endfacet
  facet normal 0 0 -1
    outer loop
      vertex -13.731 2.73126 0
      vertex -5.01171 0.996891 0
      vertex -5.01258 0.991029 0
    endloop
  endfacet
  facet normal 0 0 -1
    outer loop
      vertex -13.731 2.73126 0
      vertex -5.01258 0.991029 0
      vertex -5.08529 0.500857 0
    endloop
  endfacet
  facet normal 0 0 -1
    outer loop
      vertex -1.95547 4.72093 0
      vertex -5.35757 12.9343 0
      vertex -4.06398 13.3972 0
    endloop
  endfacet
  facet normal 0 0 -1
    outer loop
      vertex -13.9326 1.37224 0
      vertex -5.08529 0.500857 0
      vertex -5.10961 0.00591942 0
    endloop
  endfacet
  facet normal 0 0 -1
    outer loop
      vertex -14 0 0
      vertex -5.10961 0.00591942 0
      vertex -5.1099 0 0
    endloop
  endfacet
  facet normal -0 0 -1
    outer loop
      vertex -4.72093 -1.95547 0
      vertex -12.9343 -5.35757 0
      vertex -4.88787 -1.48891 0
    endloop
  endfacet
  facet normal 0 0 -1
    outer loop
      vertex -13.3972 -4.06398 0
      vertex -4.88787 -1.48891 0
      vertex -12.9343 -5.35757 0
    endloop
  endfacet
  facet normal 0 0 -1
    outer loop
      vertex -2.40343 4.50906 0
      vertex -6.59955 12.3469 0
      vertex -5.35757 12.9343 0
    endloop
  endfacet
  facet normal -0 0 -1
    outer loop
      vertex -4.88787 -1.48891 0
      vertex -13.3972 -4.06398 0
      vertex -4.88987 -1.48333 0
    endloop
  endfacet
  facet normal 0 0 -1
    outer loop
      vertex -2.83891 4.24873 0
      vertex -7.77798 11.6406 0
      vertex -6.59955 12.3469 0
    endloop
  endfacet
  facet normal -0 0 -1
    outer loop
      vertex -4.88987 -1.48333 0
      vertex -13.3972 -4.06398 0
      vertex -5.01027 -1.00264 0
    endloop
  endfacet
  facet normal 0 0 -1
    outer loop
      vertex -3.23693 3.95354 0
      vertex -8.88151 10.8221 0
      vertex -7.77798 11.6406 0
    endloop
  endfacet
  facet normal 0 0 -1
    outer loop
      vertex -13.731 -2.73126 0
      vertex -5.01027 -1.00264 0
      vertex -13.3972 -4.06398 0
    endloop
  endfacet
  facet normal 0 0 -1
    outer loop
      vertex -3.60885 3.61722 0
      vertex -9.89949 9.89949 0
      vertex -8.88151 10.8221 0
    endloop
  endfacet
  facet normal -0 0 -1
    outer loop
      vertex -5.01027 -1.00264 0
      vertex -13.731 -2.73126 0
      vertex -5.01171 -0.996891 0
    endloop
  endfacet
  facet normal 0 0 -1
    outer loop
      vertex -3.95001 3.24169 0
      vertex -10.8221 8.88151 0
      vertex -9.89949 9.89949 0
    endloop
  endfacet
  facet normal -0 0 -1
    outer loop
      vertex -5.01171 -0.996891 0
      vertex -13.731 -2.73126 0
      vertex -5.01258 -0.991029 0
    endloop
  endfacet
  facet normal 0 0 -1
    outer loop
      vertex -4.24873 2.83891 0
      vertex -11.6406 7.77798 0
      vertex -10.8221 8.88151 0
    endloop
  endfacet
  facet normal -0 0 -1
    outer loop
      vertex -5.01258 -0.991029 0
      vertex -13.731 -2.73126 0
      vertex -5.08529 -0.500857 0
    endloop
  endfacet
  facet normal 0 0 -1
    outer loop
      vertex -4.50348 2.41387 0
      vertex -12.3469 6.59955 0
      vertex -11.6406 7.77798 0
    endloop
  endfacet
  facet normal 0 0 -1
    outer loop
      vertex -13.9326 -1.37224 0
      vertex -5.08529 -0.500857 0
      vertex -13.731 -2.73126 0
    endloop
  endfacet
  facet normal 0 0 -1
    outer loop
      vertex -4.72093 1.95547 0
      vertex -12.9343 5.35757 0
      vertex -12.3469 6.59955 0
    endloop
  endfacet
  facet normal -0 0 -1
    outer loop
      vertex -5.08529 -0.500857 0
      vertex -13.9326 -1.37224 0
      vertex -5.10961 -0.00591942 0
    endloop
  endfacet
  facet normal 0 0 -1
    outer loop
      vertex -4.88787 1.48891 0
      vertex -13.3972 4.06398 0
      vertex -12.9343 5.35757 0
    endloop
  endfacet
  facet normal 0 0 -1
    outer loop
      vertex -14 0 0
      vertex -5.10961 -0.00591942 0
      vertex -13.9326 -1.37224 0
    endloop
  endfacet
  facet normal 0 0 -1
    outer loop
      vertex -5.01027 1.00264 0
      vertex -13.731 2.73126 0
      vertex -13.3972 4.06398 0
    endloop
  endfacet
  facet normal 0 0 -1
    outer loop
      vertex -5.10961 -0.00591942 0
      vertex -14 0 0
      vertex -5.1099 0 0
    endloop
  endfacet
  facet normal 0 0 -1
    outer loop
      vertex -5.08529 0.500857 0
      vertex -13.9326 1.37224 0
      vertex -13.731 2.73126 0
    endloop
  endfacet
  facet normal -0 0 -1
    outer loop
      vertex -5.10961 0.00591942 0
      vertex -14 0 0
      vertex -13.9326 1.37224 0
    endloop
  endfacet
  facet normal 0 0 -1
    outer loop
      vertex 5.10961 0.00591942 0
      vertex 5.12759 0.460526 0
      vertex 5.1099 0 0
    endloop
  endfacet
  facet normal 0 0 -1
    outer loop
      vertex 5.12759 0.460526 0
      vertex 5.10961 0.00591942 0
      vertex 5.08914 0.422592 0
    endloop
  endfacet
  facet normal -0.671577 -0.740935 0
    outer loop
      vertex -10.6066 -10.6066 1
      vertex -9.5159 -11.5952 24
      vertex -10.6066 -10.6066 24
    endloop
  endfacet
  facet normal -0.671577 -0.740935 -0
    outer loop
      vertex -9.5159 -11.5952 24
      vertex -10.6066 -10.6066 1
      vertex -9.5159 -11.5952 1
    endloop
  endfacet
  facet normal -0.803237 0.59566 1.88164e-18
    outer loop
      vertex -12.472 8.33355 1
      vertex -11.5952 9.5159 24
      vertex -11.5952 9.5159 1
    endloop
  endfacet
  facet normal -0.803237 0.59566 1.88164e-18
    outer loop
      vertex -11.5952 9.5159 24
      vertex -12.472 8.33355 1
      vertex -12.472 8.33355 24
    endloop
  endfacet
  facet normal -0.0490479 -0.998796 0
    outer loop
      vertex -1.47026 -14.9278 1
      vertex 0 -15 24
      vertex -1.47026 -14.9278 24
    endloop
  endfacet
  facet normal -0.0490479 -0.998796 -0
    outer loop
      vertex 0 -15 24
      vertex -1.47026 -14.9278 1
      vertex 0 -15 1
    endloop
  endfacet
  facet normal -0.146737 -0.989176 0
    outer loop
      vertex -2.92635 -14.7118 1
      vertex -1.47026 -14.9278 24
      vertex -2.92635 -14.7118 24
    endloop
  endfacet
  facet normal -0.146737 -0.989176 -0
    outer loop
      vertex -1.47026 -14.9278 24
      vertex -2.92635 -14.7118 1
      vertex -1.47026 -14.9278 1
    endloop
  endfacet
  facet normal -0.98878 0.149379 0.00042401
    outer loop
      vertex -14.8875 1.74157 8.67153
      vertex -14.7118 2.92635 1
      vertex -14.8863 1.75 8.5
    endloop
  endfacet
  facet normal -0.98938 0.145351 -0.000221823
    outer loop
      vertex -14.7118 2.92635 1
      vertex -14.8875 1.74157 8.32847
      vertex -14.8863 1.75 8.5
    endloop
  endfacet
  facet normal -0.98901 0.147849 0.000190971
    outer loop
      vertex -14.7118 2.92635 1
      vertex -14.8913 1.71637 8.15859
      vertex -14.8875 1.74157 8.32847
    endloop
  endfacet
  facet normal -0.989152 0.146894 2.59752e-05
    outer loop
      vertex -14.7118 2.92635 1
      vertex -14.8975 1.67465 7.992
      vertex -14.8913 1.71637 8.15859
    endloop
  endfacet
  facet normal -0.989312 0.145815 -0.000171393
    outer loop
      vertex -14.7118 2.92635 1
      vertex -14.906 1.61679 7.8303
      vertex -14.8975 1.67465 7.992
    endloop
  endfacet
  facet normal -0.989168 0.146791 1.97849e-05
    outer loop
      vertex -14.7118 2.92635 1
      vertex -14.9169 1.54336 7.67506
      vertex -14.906 1.61679 7.8303
    endloop
  endfacet
  facet normal -0.989176 0.146737 0
    outer loop
      vertex -14.9278 1.47026 7.55309
      vertex -14.7118 2.92635 1
      vertex -14.9278 1.47026 1
    endloop
  endfacet
  facet normal -0.989095 0.147279 0.000123188
    outer loop
      vertex -14.7118 2.92635 1
      vertex -14.9278 1.47026 7.55309
      vertex -14.9169 1.54336 7.67506
    endloop
  endfacet
  facet normal -0.989182 0.146693 0
    outer loop
      vertex -14.7118 2.92635 1
      vertex -14.8875 1.74157 8.67153
      vertex -14.7118 2.92635 24
    endloop
  endfacet
  facet normal -0.988945 0.148281 -0.000125437
    outer loop
      vertex -14.8913 1.71637 8.84141
      vertex -14.7118 2.92635 24
      vertex -14.8875 1.74157 8.67153
    endloop
  endfacet
  facet normal -0.989146 0.146935 -1.55799e-05
    outer loop
      vertex -14.8975 1.67465 9.008
      vertex -14.7118 2.92635 24
      vertex -14.8913 1.71637 8.84141
    endloop
  endfacet
  facet normal -0.989342 0.145612 9.72403e-05
    outer loop
      vertex -14.906 1.61679 9.1697
      vertex -14.7118 2.92635 24
      vertex -14.8975 1.67465 9.008
    endloop
  endfacet
  facet normal -0.989165 0.146809 -1.07912e-05
    outer loop
      vertex -14.9169 1.54336 9.32494
      vertex -14.7118 2.92635 24
      vertex -14.906 1.61679 9.1697
    endloop
  endfacet
  facet normal -0.989081 0.147374 -6.51571e-05
    outer loop
      vertex -14.9278 1.47026 9.44691
      vertex -14.7118 2.92635 24
      vertex -14.9169 1.54336 9.32494
    endloop
  endfacet
  facet normal -0.989176 0.146737 -8.94483e-19
    outer loop
      vertex -14.7118 2.92635 24
      vertex -14.9278 1.47026 9.44691
      vertex -14.9278 1.47026 24
    endloop
  endfacet
  facet normal -0.99894 0.0460341 2.80905e-21
    outer loop
      vertex -14.9285 1.45507 9.47225
      vertex -14.9278 1.47026 24
      vertex -14.9278 1.47026 9.44691
    endloop
  endfacet
  facet normal -0.998808 0.0488137 -2.91263e-06
    outer loop
      vertex -14.9335 1.35277 9.61019
      vertex -14.9278 1.47026 24
      vertex -14.9285 1.45507 9.47225
    endloop
  endfacet
  facet normal -0.998781 0.0493551 -7.34356e-06
    outer loop
      vertex -14.9392 1.23744 9.73744
      vertex -14.9278 1.47026 24
      vertex -14.9335 1.35277 9.61019
    endloop
  endfacet
  facet normal -0.998777 0.0494404 -8.73962e-06
    outer loop
      vertex -14.9455 1.11019 9.85277
      vertex -14.9278 1.47026 24
      vertex -14.9392 1.23744 9.73744
    endloop
  endfacet
  facet normal -0.998822 0.0485244 1.46291e-05
    outer loop
      vertex -14.9522 0.972247 9.95507
      vertex -14.9278 1.47026 24
      vertex -14.9455 1.11019 9.85277
    endloop
  endfacet
  facet normal -0.998775 0.0494853 -1.95239e-05
    outer loop
      vertex -14.9595 0.824944 10.0434
      vertex -14.9278 1.47026 24
      vertex -14.9522 0.972247 9.95507
    endloop
  endfacet
  facet normal -0.998804 0.048899 7.65083e-06
    outer loop
      vertex -14.9671 0.669696 10.1168
      vertex -14.9278 1.47026 24
      vertex -14.9595 0.824944 10.0434
    endloop
  endfacet
  facet normal -0.998808 0.048803 1.31984e-05
    outer loop
      vertex -14.975 0.507998 10.1746
      vertex -14.9278 1.47026 24
      vertex -14.9671 0.669696 10.1168
    endloop
  endfacet
  facet normal -0.998791 0.0491602 -1.17211e-05
    outer loop
      vertex -14.9832 0.341408 10.2164
      vertex -14.9278 1.47026 24
      vertex -14.975 0.507998 10.1746
    endloop
  endfacet
  facet normal -0.99878 0.0493825 -2.99703e-05
    outer loop
      vertex -14.9916 0.17153 10.2416
      vertex -14.9278 1.47026 24
      vertex -14.9832 0.341408 10.2164
    endloop
  endfacet
  facet normal -0.998803 0.0489124 0
    outer loop
      vertex -15 0 24
      vertex -14.9916 0.17153 10.2416
      vertex -15 0 10.25
    endloop
  endfacet
  facet normal -0.998796 0.0490479 1.6927e-06
    outer loop
      vertex -14.9916 0.17153 10.2416
      vertex -15 0 24
      vertex -14.9278 1.47026 24
    endloop
  endfacet
  facet normal -0.99894 0.0460341 0
    outer loop
      vertex -14.9278 1.47026 1
      vertex -14.9285 1.45507 7.52775
      vertex -14.9278 1.47026 7.55309
    endloop
  endfacet
  facet normal -0.998808 0.0488089 6.47101e-06
    outer loop
      vertex -14.9278 1.47026 1
      vertex -14.9335 1.35277 7.38981
      vertex -14.9285 1.45507 7.52775
    endloop
  endfacet
  facet normal -0.998782 0.0493451 1.63548e-05
    outer loop
      vertex -14.9278 1.47026 1
      vertex -14.9392 1.23744 7.26256
      vertex -14.9335 1.35277 7.38981
    endloop
  endfacet
  facet normal -0.998778 0.0494306 1.954e-05
    outer loop
      vertex -14.9278 1.47026 1
      vertex -14.9455 1.11019 7.14723
      vertex -14.9392 1.23744 7.26256
    endloop
  endfacet
  facet normal -0.998821 0.0485379 -3.28749e-05
    outer loop
      vertex -14.9278 1.47026 1
      vertex -14.9522 0.972247 7.04493
      vertex -14.9455 1.11019 7.14723
    endloop
  endfacet
  facet normal -0.998776 0.0494706 4.41469e-05
    outer loop
      vertex -14.9278 1.47026 1
      vertex -14.9595 0.824944 6.95664
      vertex -14.9522 0.972247 7.04493
    endloop
  endfacet
  facet normal -0.998804 0.0489036 -1.74251e-05
    outer loop
      vertex -14.9278 1.47026 1
      vertex -14.9671 0.669696 6.88321
      vertex -14.9595 0.824944 6.95664
    endloop
  endfacet
  facet normal -0.998808 0.0488091 -3.03117e-05
    outer loop
      vertex -14.9278 1.47026 1
      vertex -14.975 0.507998 6.82535
      vertex -14.9671 0.669696 6.88321
    endloop
  endfacet
  facet normal -0.998791 0.0491563 2.71793e-05
    outer loop
      vertex -14.9278 1.47026 1
      vertex -14.9832 0.341408 6.78363
      vertex -14.975 0.507998 6.82535
    endloop
  endfacet
  facet normal -0.998796 0.0490479 5.95634e-06
    outer loop
      vertex -15 0 1
      vertex -14.9832 0.341408 6.78363
      vertex -14.9278 1.47026 1
    endloop
  endfacet
  facet normal -0.99878 0.049389 -1.42312e-05
    outer loop
      vertex -14.9832 0.341408 6.78363
      vertex -15 0 1
      vertex -14.9916 0.17153 6.75843
    endloop
  endfacet
  facet normal -0.998803 0.0489124 5.53054e-21
    outer loop
      vertex -14.9916 0.17153 6.75843
      vertex -15 0 1
      vertex -15 0 6.75
    endloop
  endfacet
  facet normal -0.336883 -0.941547 0
    outer loop
      vertex -5.74025 -13.8582 1
      vertex -4.35427 -14.3541 24
      vertex -5.74025 -13.8582 24
    endloop
  endfacet
  facet normal -0.336883 -0.941547 -0
    outer loop
      vertex -4.35427 -14.3541 24
      vertex -5.74025 -13.8582 1
      vertex -4.35427 -14.3541 1
    endloop
  endfacet
  facet normal 0.671577 -0.740935 0
    outer loop
      vertex 9.5159 -11.5952 1
      vertex 10.6066 -10.6066 24
      vertex 9.5159 -11.5952 24
    endloop
  endfacet
  facet normal 0.671577 -0.740935 0
    outer loop
      vertex 10.6066 -10.6066 24
      vertex 9.5159 -11.5952 1
      vertex 10.6066 -10.6066 1
    endloop
  endfacet
  facet normal -0 0 1
    outer loop
      vertex 10.1094 0.0107724 25
      vertex 14 0 25
      vertex 13.9326 1.37224 25
    endloop
  endfacet
  facet normal 0 0 1
    outer loop
      vertex 10.0596 1.00161 25
      vertex 13.9326 1.37224 25
      vertex 13.731 2.73126 25
    endloop
  endfacet
  facet normal 0 0 1
    outer loop
      vertex 14 0 25
      vertex 10.1094 0.0107724 25
      vertex 10.1099 0 25
    endloop
  endfacet
  facet normal 0 0 1
    outer loop
      vertex 9.91564 1.97234 25
      vertex 13.731 2.73126 25
      vertex 13.3972 4.06398 25
    endloop
  endfacet
  facet normal 0 0 1
    outer loop
      vertex 10.1094 -0.0107724 25
      vertex 14 0 25
      vertex 10.1099 0 25
    endloop
  endfacet
  facet normal 0 0 1
    outer loop
      vertex 9.67094 2.9449 25
      vertex 13.3972 4.06398 25
      vertex 12.9343 5.35757 25
    endloop
  endfacet
  facet normal 0 0 1
    outer loop
      vertex 14 0 25
      vertex 10.1094 -0.0107724 25
      vertex 13.9326 -1.37224 25
    endloop
  endfacet
  facet normal 0 0 1
    outer loop
      vertex 9.33572 3.87864 25
      vertex 12.9343 5.35757 25
      vertex 12.3469 6.59955 25
    endloop
  endfacet
  facet normal -0 0 1
    outer loop
      vertex 10.0612 -0.990944 25
      vertex 13.9326 -1.37224 25
      vertex 10.1094 -0.0107724 25
    endloop
  endfacet
  facet normal 0 0 1
    outer loop
      vertex 8.91614 4.76577 25
      vertex 12.3469 6.59955 25
      vertex 11.6406 7.77798 25
    endloop
  endfacet
  facet normal -0 0 1
    outer loop
      vertex 10.0596 -1.00161 25
      vertex 13.9326 -1.37224 25
      vertex 10.0612 -0.990944 25
    endloop
  endfacet
  facet normal 0 0 1
    outer loop
      vertex 8.40607 5.61676 25
      vertex 11.6406 7.77798 25
      vertex 10.8221 8.88151 25
    endloop
  endfacet
  facet normal 0 0 1
    outer loop
      vertex 13.9326 -1.37224 25
      vertex 10.0596 -1.00161 25
      vertex 13.731 -2.73126 25
    endloop
  endfacet
  facet normal 0 0 1
    outer loop
      vertex 13.731 -2.73126 25
      vertex 9.91564 -1.97234 25
      vertex 13.3972 -4.06398 25
    endloop
  endfacet
  facet normal -0 0 1
    outer loop
      vertex 9.91564 -1.97234 25
      vertex 13.731 -2.73126 25
      vertex 10.0596 -1.00161 25
    endloop
  endfacet
  facet normal 0 0 1
    outer loop
      vertex 13.9326 1.37224 25
      vertex 10.0612 0.990944 25
      vertex 10.1094 0.0107724 25
    endloop
  endfacet
  facet normal 0 0 1
    outer loop
      vertex 13.9326 1.37224 25
      vertex 10.0596 1.00161 25
      vertex 10.0612 0.990944 25
    endloop
  endfacet
  facet normal 0 0 1
    outer loop
      vertex 13.731 2.73126 25
      vertex 9.91564 1.97234 25
      vertex 10.0596 1.00161 25
    endloop
  endfacet
  facet normal 0 0 1
    outer loop
      vertex 7.81506 6.41365 25
      vertex 10.8221 8.88151 25
      vertex 9.89949 9.89949 25
    endloop
  endfacet
  facet normal 0 0 1
    outer loop
      vertex 13.3972 4.06398 25
      vertex 9.67719 2.92429 25
      vertex 9.91564 1.97234 25
    endloop
  endfacet
  facet normal 0 0 1
    outer loop
      vertex 13.3972 4.06398 25
      vertex 9.67457 2.93475 25
      vertex 9.67719 2.92429 25
    endloop
  endfacet
  facet normal 0 0 1
    outer loop
      vertex 13.3972 4.06398 25
      vertex 9.67094 2.9449 25
      vertex 9.67457 2.93475 25
    endloop
  endfacet
  facet normal 0 0 1
    outer loop
      vertex 12.9343 5.35757 25
      vertex 9.34033 3.86889 25
      vertex 9.67094 2.9449 25
    endloop
  endfacet
  facet normal 0 0 1
    outer loop
      vertex 12.9343 5.35757 25
      vertex 9.33572 3.87864 25
      vertex 9.34033 3.86889 25
    endloop
  endfacet
  facet normal 0 0 1
    outer loop
      vertex 12.3469 6.59955 25
      vertex 8.91614 4.76577 25
      vertex 9.33572 3.87864 25
    endloop
  endfacet
  facet normal 0 0 1
    outer loop
      vertex 7.14079 7.15602 25
      vertex 9.89949 9.89949 25
      vertex 8.88151 10.8221 25
    endloop
  endfacet
  facet normal 0 0 1
    outer loop
      vertex 11.6406 7.77798 25
      vertex 8.41162 5.60751 25
      vertex 8.91614 4.76577 25
    endloop
  endfacet
  facet normal 0 0 1
    outer loop
      vertex 11.6406 7.77798 25
      vertex 8.40607 5.61676 25
      vertex 8.41162 5.60751 25
    endloop
  endfacet
  facet normal 0 0 1
    outer loop
      vertex 10.8221 8.88151 25
      vertex 7.82148 6.40499 25
      vertex 8.40607 5.61676 25
    endloop
  endfacet
  facet normal 0 0 1
    outer loop
      vertex 10.8221 8.88151 25
      vertex 7.81506 6.41365 25
      vertex 7.82148 6.40499 25
    endloop
  endfacet
  facet normal 0 0 1
    outer loop
      vertex 6.40499 7.82148 25
      vertex 8.88151 10.8221 25
      vertex 7.77798 11.6406 25
    endloop
  endfacet
  facet normal 0 0 1
    outer loop
      vertex 9.89949 9.89949 25
      vertex 7.15602 7.14079 25
      vertex 7.81506 6.41365 25
    endloop
  endfacet
  facet normal 0 0 1
    outer loop
      vertex 9.89949 9.89949 25
      vertex 7.14878 7.14878 25
      vertex 7.15602 7.14079 25
    endloop
  endfacet
  facet normal 0 0 1
    outer loop
      vertex 9.89949 9.89949 25
      vertex 7.14079 7.15602 25
      vertex 7.14878 7.14878 25
    endloop
  endfacet
  facet normal 0 0 1
    outer loop
      vertex 5.60751 8.41162 25
      vertex 7.77798 11.6406 25
      vertex 6.59955 12.3469 25
    endloop
  endfacet
  facet normal 0 0 1
    outer loop
      vertex 8.88151 10.8221 25
      vertex 6.41365 7.81506 25
      vertex 7.14079 7.15602 25
    endloop
  endfacet
  facet normal 0 0 1
    outer loop
      vertex 8.88151 10.8221 25
      vertex 6.40499 7.82148 25
      vertex 6.41365 7.81506 25
    endloop
  endfacet
  facet normal 0 0 1
    outer loop
      vertex 7.77798 11.6406 25
      vertex 5.61676 8.40607 25
      vertex 6.40499 7.82148 25
    endloop
  endfacet
  facet normal 0 0 1
    outer loop
      vertex 7.77798 11.6406 25
      vertex 5.60751 8.41162 25
      vertex 5.61676 8.40607 25
    endloop
  endfacet
  facet normal 0 0 1
    outer loop
      vertex 4.76577 8.91614 25
      vertex 6.59955 12.3469 25
      vertex 5.35757 12.9343 25
    endloop
  endfacet
  facet normal 0 0 1
    outer loop
      vertex 6.59955 12.3469 25
      vertex 4.76577 8.91614 25
      vertex 5.60751 8.41162 25
    endloop
  endfacet
  facet normal 0 0 1
    outer loop
      vertex 3.86889 9.34033 25
      vertex 5.35757 12.9343 25
      vertex 4.06398 13.3972 25
    endloop
  endfacet
  facet normal 0 0 1
    outer loop
      vertex 5.35757 12.9343 25
      vertex 3.87864 9.33572 25
      vertex 4.76577 8.91614 25
    endloop
  endfacet
  facet normal 0 0 1
    outer loop
      vertex 5.35757 12.9343 25
      vertex 3.86889 9.34033 25
      vertex 3.87864 9.33572 25
    endloop
  endfacet
  facet normal 0 0 1
    outer loop
      vertex 4.06398 13.3972 25
      vertex 2.9449 9.67094 25
      vertex 3.86889 9.34033 25
    endloop
  endfacet
  facet normal 0 0 1
    outer loop
      vertex 4.06398 13.3972 25
      vertex 2.93475 9.67457 25
      vertex 2.9449 9.67094 25
    endloop
  endfacet
  facet normal 0 0 1
    outer loop
      vertex 4.06398 13.3972 25
      vertex 2.92429 9.67719 25
      vertex 2.93475 9.67457 25
    endloop
  endfacet
  facet normal 0 0 1
    outer loop
      vertex 2.73126 13.731 25
      vertex 2.92429 9.67719 25
      vertex 4.06398 13.3972 25
    endloop
  endfacet
  facet normal 0 0 1
    outer loop
      vertex 2.73126 13.731 25
      vertex 1.97234 9.91564 25
      vertex 2.92429 9.67719 25
    endloop
  endfacet
  facet normal 0 0 1
    outer loop
      vertex 1.37224 13.9326 25
      vertex 1.97234 9.91564 25
      vertex 2.73126 13.731 25
    endloop
  endfacet
  facet normal 0 0 1
    outer loop
      vertex 1.37224 13.9326 25
      vertex 1.00161 10.0596 25
      vertex 1.97234 9.91564 25
    endloop
  endfacet
  facet normal 0 0 1
    outer loop
      vertex 1.37224 13.9326 25
      vertex 0.990944 10.0612 25
      vertex 1.00161 10.0596 25
    endloop
  endfacet
  facet normal 0 0 1
    outer loop
      vertex 1.37224 13.9326 25
      vertex 0.0107724 10.1094 25
      vertex 0.990944 10.0612 25
    endloop
  endfacet
  facet normal 0 0 1
    outer loop
      vertex 0 14 25
      vertex 0.0107724 10.1094 25
      vertex 1.37224 13.9326 25
    endloop
  endfacet
  facet normal 0 0 1
    outer loop
      vertex 0 14 25
      vertex 0 10.1099 25
      vertex 0.0107724 10.1094 25
    endloop
  endfacet
  facet normal 0 0 1
    outer loop
      vertex 0 14 25
      vertex -0.0107724 10.1094 25
      vertex 0 10.1099 25
    endloop
  endfacet
  facet normal 0 0 1
    outer loop
      vertex 0 14 25
      vertex -0.990944 10.0612 25
      vertex -0.0107724 10.1094 25
    endloop
  endfacet
  facet normal -0 0 1
    outer loop
      vertex -1.37224 13.9326 25
      vertex -0.990944 10.0612 25
      vertex 0 14 25
    endloop
  endfacet
  facet normal 0 0 1
    outer loop
      vertex -0.990944 10.0612 25
      vertex -1.37224 13.9326 25
      vertex -1.00161 10.0596 25
    endloop
  endfacet
  facet normal 0 0 1
    outer loop
      vertex -1.37224 13.9326 25
      vertex -1.97234 9.91564 25
      vertex -1.00161 10.0596 25
    endloop
  endfacet
  facet normal -0 0 1
    outer loop
      vertex -2.73126 13.731 25
      vertex -1.97234 9.91564 25
      vertex -1.37224 13.9326 25
    endloop
  endfacet
  facet normal 0 0 1
    outer loop
      vertex -2.73126 13.731 25
      vertex -2.92429 9.67719 25
      vertex -1.97234 9.91564 25
    endloop
  endfacet
  facet normal -0 0 1
    outer loop
      vertex -4.06398 13.3972 25
      vertex -2.92429 9.67719 25
      vertex -2.73126 13.731 25
    endloop
  endfacet
  facet normal 0 0 1
    outer loop
      vertex -2.92429 9.67719 25
      vertex -4.06398 13.3972 25
      vertex -2.93475 9.67457 25
    endloop
  endfacet
  facet normal 0 0 1
    outer loop
      vertex -2.93475 9.67457 25
      vertex -4.06398 13.3972 25
      vertex -2.9449 9.67094 25
    endloop
  endfacet
  facet normal 0 0 1
    outer loop
      vertex -2.9449 9.67094 25
      vertex -4.06398 13.3972 25
      vertex -3.86889 9.34033 25
    endloop
  endfacet
  facet normal -0 0 1
    outer loop
      vertex -5.35757 12.9343 25
      vertex -3.86889 9.34033 25
      vertex -4.06398 13.3972 25
    endloop
  endfacet
  facet normal 0 0 1
    outer loop
      vertex -3.86889 9.34033 25
      vertex -5.35757 12.9343 25
      vertex -3.87864 9.33572 25
    endloop
  endfacet
  facet normal 0 0 1
    outer loop
      vertex -3.87864 9.33572 25
      vertex -5.35757 12.9343 25
      vertex -4.76577 8.91614 25
    endloop
  endfacet
  facet normal -0 0 1
    outer loop
      vertex -6.59955 12.3469 25
      vertex -4.76577 8.91614 25
      vertex -5.35757 12.9343 25
    endloop
  endfacet
  facet normal 0 0 1
    outer loop
      vertex -4.76577 8.91614 25
      vertex -6.59955 12.3469 25
      vertex -5.60751 8.41162 25
    endloop
  endfacet
  facet normal -0 0 1
    outer loop
      vertex -7.77798 11.6406 25
      vertex -5.60751 8.41162 25
      vertex -6.59955 12.3469 25
    endloop
  endfacet
  facet normal 0 0 1
    outer loop
      vertex -5.60751 8.41162 25
      vertex -7.77798 11.6406 25
      vertex -5.61676 8.40607 25
    endloop
  endfacet
  facet normal 0 0 1
    outer loop
      vertex -5.61676 8.40607 25
      vertex -7.77798 11.6406 25
      vertex -6.40499 7.82148 25
    endloop
  endfacet
  facet normal -0 0 1
    outer loop
      vertex -8.88151 10.8221 25
      vertex -6.40499 7.82148 25
      vertex -7.77798 11.6406 25
    endloop
  endfacet
  facet normal 0 0 1
    outer loop
      vertex -6.40499 7.82148 25
      vertex -8.88151 10.8221 25
      vertex -6.41365 7.81506 25
    endloop
  endfacet
  facet normal 0 0 1
    outer loop
      vertex -6.41365 7.81506 25
      vertex -8.88151 10.8221 25
      vertex -7.14079 7.15602 25
    endloop
  endfacet
  facet normal -0 0 1
    outer loop
      vertex -9.89949 9.89949 25
      vertex -7.14079 7.15602 25
      vertex -8.88151 10.8221 25
    endloop
  endfacet
  facet normal 0 0 1
    outer loop
      vertex -7.14079 7.15602 25
      vertex -9.89949 9.89949 25
      vertex -7.14878 7.14878 25
    endloop
  endfacet
  facet normal 0 0 1
    outer loop
      vertex -7.14878 7.14878 25
      vertex -9.89949 9.89949 25
      vertex -7.15602 7.14079 25
    endloop
  endfacet
  facet normal 0 0 1
    outer loop
      vertex -7.15602 7.14079 25
      vertex -9.89949 9.89949 25
      vertex -7.81506 6.41365 25
    endloop
  endfacet
  facet normal -0 0 1
    outer loop
      vertex -10.8221 8.88151 25
      vertex -7.81506 6.41365 25
      vertex -9.89949 9.89949 25
    endloop
  endfacet
  facet normal 0 0 1
    outer loop
      vertex -7.81506 6.41365 25
      vertex -10.8221 8.88151 25
      vertex -7.82148 6.40499 25
    endloop
  endfacet
  facet normal 0 0 1
    outer loop
      vertex -7.82148 6.40499 25
      vertex -10.8221 8.88151 25
      vertex -8.40607 5.61676 25
    endloop
  endfacet
  facet normal -0 0 1
    outer loop
      vertex -11.6406 7.77798 25
      vertex -8.40607 5.61676 25
      vertex -10.8221 8.88151 25
    endloop
  endfacet
  facet normal 0 0 1
    outer loop
      vertex -8.40607 5.61676 25
      vertex -11.6406 7.77798 25
      vertex -8.41162 5.60751 25
    endloop
  endfacet
  facet normal 0 0 1
    outer loop
      vertex -8.41162 5.60751 25
      vertex -11.6406 7.77798 25
      vertex -8.91614 4.76577 25
    endloop
  endfacet
  facet normal -0 0 1
    outer loop
      vertex -12.3469 6.59955 25
      vertex -8.91614 4.76577 25
      vertex -11.6406 7.77798 25
    endloop
  endfacet
  facet normal 0 0 1
    outer loop
      vertex -8.91614 4.76577 25
      vertex -12.3469 6.59955 25
      vertex -9.33572 3.87864 25
    endloop
  endfacet
  facet normal -0 0 1
    outer loop
      vertex -12.9343 5.35757 25
      vertex -9.33572 3.87864 25
      vertex -12.3469 6.59955 25
    endloop
  endfacet
  facet normal 0 0 1
    outer loop
      vertex -9.33572 3.87864 25
      vertex -12.9343 5.35757 25
      vertex -9.34033 3.86889 25
    endloop
  endfacet
  facet normal 0 0 1
    outer loop
      vertex -9.34033 3.86889 25
      vertex -12.9343 5.35757 25
      vertex -9.67094 2.9449 25
    endloop
  endfacet
  facet normal -0 0 1
    outer loop
      vertex -13.3972 4.06398 25
      vertex -9.67094 2.9449 25
      vertex -12.9343 5.35757 25
    endloop
  endfacet
  facet normal 0 0 1
    outer loop
      vertex -9.67094 2.9449 25
      vertex -13.3972 4.06398 25
      vertex -9.67457 2.93475 25
    endloop
  endfacet
  facet normal 0 0 1
    outer loop
      vertex -9.67457 2.93475 25
      vertex -13.3972 4.06398 25
      vertex -9.67719 2.92429 25
    endloop
  endfacet
  facet normal 0 0 1
    outer loop
      vertex -9.67719 2.92429 25
      vertex -13.3972 4.06398 25
      vertex -9.91564 1.97234 25
    endloop
  endfacet
  facet normal -0 0 1
    outer loop
      vertex 9.67719 -2.92429 25
      vertex 13.3972 -4.06398 25
      vertex 9.91564 -1.97234 25
    endloop
  endfacet
  facet normal -0 0 1
    outer loop
      vertex 9.67457 -2.93475 25
      vertex 13.3972 -4.06398 25
      vertex 9.67719 -2.92429 25
    endloop
  endfacet
  facet normal -0 0 1
    outer loop
      vertex 9.67094 -2.9449 25
      vertex 13.3972 -4.06398 25
      vertex 9.67457 -2.93475 25
    endloop
  endfacet
  facet normal 0 0 1
    outer loop
      vertex 13.3972 -4.06398 25
      vertex 9.67094 -2.9449 25
      vertex 12.9343 -5.35757 25
    endloop
  endfacet
  facet normal -0 0 1
    outer loop
      vertex 9.34033 -3.86889 25
      vertex 12.9343 -5.35757 25
      vertex 9.67094 -2.9449 25
    endloop
  endfacet
  facet normal -0 0 1
    outer loop
      vertex 9.33572 -3.87864 25
      vertex 12.9343 -5.35757 25
      vertex 9.34033 -3.86889 25
    endloop
  endfacet
  facet normal 0 0 1
    outer loop
      vertex 12.9343 -5.35757 25
      vertex 9.33572 -3.87864 25
      vertex 12.3469 -6.59955 25
    endloop
  endfacet
  facet normal -0 0 1
    outer loop
      vertex 8.91614 -4.76577 25
      vertex 12.3469 -6.59955 25
      vertex 9.33572 -3.87864 25
    endloop
  endfacet
  facet normal 0 0 1
    outer loop
      vertex 12.3469 -6.59955 25
      vertex 8.91614 -4.76577 25
      vertex 11.6406 -7.77798 25
    endloop
  endfacet
  facet normal -0 0 1
    outer loop
      vertex 8.41162 -5.60751 25
      vertex 11.6406 -7.77798 25
      vertex 8.91614 -4.76577 25
    endloop
  endfacet
  facet normal -0 0 1
    outer loop
      vertex 8.40607 -5.61676 25
      vertex 11.6406 -7.77798 25
      vertex 8.41162 -5.60751 25
    endloop
  endfacet
  facet normal 0 0 1
    outer loop
      vertex 11.6406 -7.77798 25
      vertex 8.40607 -5.61676 25
      vertex 10.8221 -8.88151 25
    endloop
  endfacet
  facet normal -0 0 1
    outer loop
      vertex 7.82148 -6.40499 25
      vertex 10.8221 -8.88151 25
      vertex 8.40607 -5.61676 25
    endloop
  endfacet
  facet normal -0 0 1
    outer loop
      vertex 7.81506 -6.41365 25
      vertex 10.8221 -8.88151 25
      vertex 7.82148 -6.40499 25
    endloop
  endfacet
  facet normal 0 0 1
    outer loop
      vertex 10.8221 -8.88151 25
      vertex 7.81506 -6.41365 25
      vertex 9.89949 -9.89949 25
    endloop
  endfacet
  facet normal -0 0 1
    outer loop
      vertex 7.15602 -7.14079 25
      vertex 9.89949 -9.89949 25
      vertex 7.81506 -6.41365 25
    endloop
  endfacet
  facet normal -0 0 1
    outer loop
      vertex 7.14878 -7.14878 25
      vertex 9.89949 -9.89949 25
      vertex 7.15602 -7.14079 25
    endloop
  endfacet
  facet normal -0 0 1
    outer loop
      vertex 7.14079 -7.15602 25
      vertex 9.89949 -9.89949 25
      vertex 7.14878 -7.14878 25
    endloop
  endfacet
  facet normal 0 0 1
    outer loop
      vertex 9.89949 -9.89949 25
      vertex 7.14079 -7.15602 25
      vertex 8.88151 -10.8221 25
    endloop
  endfacet
  facet normal -0 0 1
    outer loop
      vertex 6.41365 -7.81506 25
      vertex 8.88151 -10.8221 25
      vertex 7.14079 -7.15602 25
    endloop
  endfacet
  facet normal -0 0 1
    outer loop
      vertex 6.40499 -7.82148 25
      vertex 8.88151 -10.8221 25
      vertex 6.41365 -7.81506 25
    endloop
  endfacet
  facet normal 0 0 1
    outer loop
      vertex 8.88151 -10.8221 25
      vertex 6.40499 -7.82148 25
      vertex 7.77798 -11.6406 25
    endloop
  endfacet
  facet normal -0 0 1
    outer loop
      vertex 5.61676 -8.40607 25
      vertex 7.77798 -11.6406 25
      vertex 6.40499 -7.82148 25
    endloop
  endfacet
  facet normal -0 0 1
    outer loop
      vertex 5.60751 -8.41162 25
      vertex 7.77798 -11.6406 25
      vertex 5.61676 -8.40607 25
    endloop
  endfacet
  facet normal 0 0 1
    outer loop
      vertex 7.77798 -11.6406 25
      vertex 5.60751 -8.41162 25
      vertex 6.59955 -12.3469 25
    endloop
  endfacet
  facet normal -0 0 1
    outer loop
      vertex 4.76577 -8.91614 25
      vertex 6.59955 -12.3469 25
      vertex 5.60751 -8.41162 25
    endloop
  endfacet
  facet normal 0 0 1
    outer loop
      vertex 6.59955 -12.3469 25
      vertex 4.76577 -8.91614 25
      vertex 5.35757 -12.9343 25
    endloop
  endfacet
  facet normal -0 0 1
    outer loop
      vertex 3.87864 -9.33572 25
      vertex 5.35757 -12.9343 25
      vertex 4.76577 -8.91614 25
    endloop
  endfacet
  facet normal -0 0 1
    outer loop
      vertex 3.86889 -9.34033 25
      vertex 5.35757 -12.9343 25
      vertex 3.87864 -9.33572 25
    endloop
  endfacet
  facet normal 0 0 1
    outer loop
      vertex 5.35757 -12.9343 25
      vertex 3.86889 -9.34033 25
      vertex 4.06398 -13.3972 25
    endloop
  endfacet
  facet normal -0 0 1
    outer loop
      vertex 2.9449 -9.67094 25
      vertex 4.06398 -13.3972 25
      vertex 3.86889 -9.34033 25
    endloop
  endfacet
  facet normal -0 0 1
    outer loop
      vertex 2.93475 -9.67457 25
      vertex 4.06398 -13.3972 25
      vertex 2.9449 -9.67094 25
    endloop
  endfacet
  facet normal -0 0 1
    outer loop
      vertex 2.92429 -9.67719 25
      vertex 4.06398 -13.3972 25
      vertex 2.93475 -9.67457 25
    endloop
  endfacet
  facet normal 0 0 1
    outer loop
      vertex 2.92429 -9.67719 25
      vertex 2.73126 -13.731 25
      vertex 4.06398 -13.3972 25
    endloop
  endfacet
  facet normal -0 0 1
    outer loop
      vertex 1.97234 -9.91564 25
      vertex 2.73126 -13.731 25
      vertex 2.92429 -9.67719 25
    endloop
  endfacet
  facet normal 0 0 1
    outer loop
      vertex 1.97234 -9.91564 25
      vertex 1.37224 -13.9326 25
      vertex 2.73126 -13.731 25
    endloop
  endfacet
  facet normal -0 0 1
    outer loop
      vertex 1.00161 -10.0596 25
      vertex 1.37224 -13.9326 25
      vertex 1.97234 -9.91564 25
    endloop
  endfacet
  facet normal -0 0 1
    outer loop
      vertex 0.990944 -10.0612 25
      vertex 1.37224 -13.9326 25
      vertex 1.00161 -10.0596 25
    endloop
  endfacet
  facet normal -0 0 1
    outer loop
      vertex 0.0107724 -10.1094 25
      vertex 1.37224 -13.9326 25
      vertex 0.990944 -10.0612 25
    endloop
  endfacet
  facet normal 0 0 1
    outer loop
      vertex 0 -14 25
      vertex 0.0107724 -10.1094 25
      vertex 0 -10.1099 25
    endloop
  endfacet
  facet normal 0 0 1
    outer loop
      vertex 0.0107724 -10.1094 25
      vertex 0 -14 25
      vertex 1.37224 -13.9326 25
    endloop
  endfacet
  facet normal 0 0 1
    outer loop
      vertex -0.0107724 -10.1094 25
      vertex 0 -14 25
      vertex 0 -10.1099 25
    endloop
  endfacet
  facet normal 0 0 1
    outer loop
      vertex -0.990944 -10.0612 25
      vertex 0 -14 25
      vertex -0.0107724 -10.1094 25
    endloop
  endfacet
  facet normal 0 0 1
    outer loop
      vertex -1.37224 -13.9326 25
      vertex -0.990944 -10.0612 25
      vertex -1.00161 -10.0596 25
    endloop
  endfacet
  facet normal 0 0 1
    outer loop
      vertex -0.990944 -10.0612 25
      vertex -1.37224 -13.9326 25
      vertex 0 -14 25
    endloop
  endfacet
  facet normal 0 0 1
    outer loop
      vertex -1.97234 -9.91564 25
      vertex -1.37224 -13.9326 25
      vertex -1.00161 -10.0596 25
    endloop
  endfacet
  facet normal 0 0 1
    outer loop
      vertex -1.97234 -9.91564 25
      vertex -2.73126 -13.731 25
      vertex -1.37224 -13.9326 25
    endloop
  endfacet
  facet normal 0 0 1
    outer loop
      vertex -2.92429 -9.67719 25
      vertex -2.73126 -13.731 25
      vertex -1.97234 -9.91564 25
    endloop
  endfacet
  facet normal 0 0 1
    outer loop
      vertex -4.06398 -13.3972 25
      vertex -2.92429 -9.67719 25
      vertex -2.93475 -9.67457 25
    endloop
  endfacet
  facet normal 0 0 1
    outer loop
      vertex -4.06398 -13.3972 25
      vertex -2.93475 -9.67457 25
      vertex -2.9449 -9.67094 25
    endloop
  endfacet
  facet normal 0 0 1
    outer loop
      vertex -4.06398 -13.3972 25
      vertex -2.9449 -9.67094 25
      vertex -3.86889 -9.34033 25
    endloop
  endfacet
  facet normal 0 0 1
    outer loop
      vertex -5.35757 -12.9343 25
      vertex -3.86889 -9.34033 25
      vertex -3.87864 -9.33572 25
    endloop
  endfacet
  facet normal 0 0 1
    outer loop
      vertex -2.92429 -9.67719 25
      vertex -4.06398 -13.3972 25
      vertex -2.73126 -13.731 25
    endloop
  endfacet
  facet normal 0 0 1
    outer loop
      vertex -5.35757 -12.9343 25
      vertex -3.87864 -9.33572 25
      vertex -4.76577 -8.91614 25
    endloop
  endfacet
  facet normal 0 0 1
    outer loop
      vertex -3.86889 -9.34033 25
      vertex -5.35757 -12.9343 25
      vertex -4.06398 -13.3972 25
    endloop
  endfacet
  facet normal 0 0 1
    outer loop
      vertex -6.59955 -12.3469 25
      vertex -4.76577 -8.91614 25
      vertex -5.60751 -8.41162 25
    endloop
  endfacet
  facet normal 0 0 1
    outer loop
      vertex -7.77798 -11.6406 25
      vertex -5.60751 -8.41162 25
      vertex -5.61676 -8.40607 25
    endloop
  endfacet
  facet normal 0 0 1
    outer loop
      vertex -7.77798 -11.6406 25
      vertex -5.61676 -8.40607 25
      vertex -6.40499 -7.82148 25
    endloop
  endfacet
  facet normal 0 0 1
    outer loop
      vertex -8.88151 -10.8221 25
      vertex -6.40499 -7.82148 25
      vertex -6.41365 -7.81506 25
    endloop
  endfacet
  facet normal 0 0 1
    outer loop
      vertex -4.76577 -8.91614 25
      vertex -6.59955 -12.3469 25
      vertex -5.35757 -12.9343 25
    endloop
  endfacet
  facet normal 0 0 1
    outer loop
      vertex -8.88151 -10.8221 25
      vertex -6.41365 -7.81506 25
      vertex -7.14079 -7.15602 25
    endloop
  endfacet
  facet normal 0 0 1
    outer loop
      vertex -9.89949 -9.89949 25
      vertex -7.14079 -7.15602 25
      vertex -7.14878 -7.14878 25
    endloop
  endfacet
  facet normal 0 0 1
    outer loop
      vertex -9.89949 -9.89949 25
      vertex -7.14878 -7.14878 25
      vertex -7.15602 -7.14079 25
    endloop
  endfacet
  facet normal 0 0 1
    outer loop
      vertex -5.60751 -8.41162 25
      vertex -7.77798 -11.6406 25
      vertex -6.59955 -12.3469 25
    endloop
  endfacet
  facet normal 0 0 1
    outer loop
      vertex -9.89949 -9.89949 25
      vertex -7.15602 -7.14079 25
      vertex -7.81506 -6.41365 25
    endloop
  endfacet
  facet normal 0 0 1
    outer loop
      vertex -10.8221 -8.88151 25
      vertex -7.81506 -6.41365 25
      vertex -7.82148 -6.40499 25
    endloop
  endfacet
  facet normal 0 0 1
    outer loop
      vertex -10.8221 -8.88151 25
      vertex -7.82148 -6.40499 25
      vertex -8.40607 -5.61676 25
    endloop
  endfacet
  facet normal 0 0 1
    outer loop
      vertex -11.6406 -7.77798 25
      vertex -8.40607 -5.61676 25
      vertex -8.41162 -5.60751 25
    endloop
  endfacet
  facet normal 0 0 1
    outer loop
      vertex -6.40499 -7.82148 25
      vertex -8.88151 -10.8221 25
      vertex -7.77798 -11.6406 25
    endloop
  endfacet
  facet normal 0 0 1
    outer loop
      vertex -11.6406 -7.77798 25
      vertex -8.41162 -5.60751 25
      vertex -8.91614 -4.76577 25
    endloop
  endfacet
  facet normal 0 0 1
    outer loop
      vertex -12.3469 -6.59955 25
      vertex -8.91614 -4.76577 25
      vertex -9.33572 -3.87864 25
    endloop
  endfacet
  facet normal 0 0 1
    outer loop
      vertex -12.9343 -5.35757 25
      vertex -9.33572 -3.87864 25
      vertex -9.34033 -3.86889 25
    endloop
  endfacet
  facet normal 0 0 1
    outer loop
      vertex -12.9343 -5.35757 25
      vertex -9.34033 -3.86889 25
      vertex -9.67094 -2.9449 25
    endloop
  endfacet
  facet normal 0 0 1
    outer loop
      vertex -13.3972 -4.06398 25
      vertex -9.67094 -2.9449 25
      vertex -9.67457 -2.93475 25
    endloop
  endfacet
  facet normal 0 0 1
    outer loop
      vertex -13.3972 -4.06398 25
      vertex -9.67457 -2.93475 25
      vertex -9.67719 -2.92429 25
    endloop
  endfacet
  facet normal 0 0 1
    outer loop
      vertex -7.14079 -7.15602 25
      vertex -9.89949 -9.89949 25
      vertex -8.88151 -10.8221 25
    endloop
  endfacet
  facet normal 0 0 1
    outer loop
      vertex -13.3972 -4.06398 25
      vertex -9.67719 -2.92429 25
      vertex -9.91564 -1.97234 25
    endloop
  endfacet
  facet normal 0 0 1
    outer loop
      vertex -13.731 -2.73126 25
      vertex -9.91564 -1.97234 25
      vertex -10.0596 -1.00161 25
    endloop
  endfacet
  facet normal 0 0 1
    outer loop
      vertex -13.9326 -1.37224 25
      vertex -10.0596 -1.00161 25
      vertex -10.0612 -0.990944 25
    endloop
  endfacet
  facet normal 0 0 1
    outer loop
      vertex -13.9326 -1.37224 25
      vertex -10.0612 -0.990944 25
      vertex -10.1094 -0.0107724 25
    endloop
  endfacet
  facet normal -0 0 1
    outer loop
      vertex -14 0 25
      vertex -10.1094 -0.0107724 25
      vertex -10.1099 0 25
    endloop
  endfacet
  facet normal -0 0 1
    outer loop
      vertex -13.731 2.73126 25
      vertex -9.91564 1.97234 25
      vertex -13.3972 4.06398 25
    endloop
  endfacet
  facet normal 0 0 1
    outer loop
      vertex -7.81506 -6.41365 25
      vertex -10.8221 -8.88151 25
      vertex -9.89949 -9.89949 25
    endloop
  endfacet
  facet normal 0 0 1
    outer loop
      vertex -9.91564 1.97234 25
      vertex -13.731 2.73126 25
      vertex -10.0596 1.00161 25
    endloop
  endfacet
  facet normal 0 0 1
    outer loop
      vertex -8.40607 -5.61676 25
      vertex -11.6406 -7.77798 25
      vertex -10.8221 -8.88151 25
    endloop
  endfacet
  facet normal -0 0 1
    outer loop
      vertex -13.9326 1.37224 25
      vertex -10.0596 1.00161 25
      vertex -13.731 2.73126 25
    endloop
  endfacet
  facet normal 0 0 1
    outer loop
      vertex -8.91614 -4.76577 25
      vertex -12.3469 -6.59955 25
      vertex -11.6406 -7.77798 25
    endloop
  endfacet
  facet normal 0 0 1
    outer loop
      vertex -10.0596 1.00161 25
      vertex -13.9326 1.37224 25
      vertex -10.0612 0.990944 25
    endloop
  endfacet
  facet normal 0 0 1
    outer loop
      vertex -9.33572 -3.87864 25
      vertex -12.9343 -5.35757 25
      vertex -12.3469 -6.59955 25
    endloop
  endfacet
  facet normal 0 0 1
    outer loop
      vertex -10.0612 0.990944 25
      vertex -13.9326 1.37224 25
      vertex -10.1094 0.0107724 25
    endloop
  endfacet
  facet normal 0 0 1
    outer loop
      vertex -9.67094 -2.9449 25
      vertex -13.3972 -4.06398 25
      vertex -12.9343 -5.35757 25
    endloop
  endfacet
  facet normal 0 0 1
    outer loop
      vertex -14 0 25
      vertex -10.1094 0.0107724 25
      vertex -13.9326 1.37224 25
    endloop
  endfacet
  facet normal 0 0 1
    outer loop
      vertex -9.91564 -1.97234 25
      vertex -13.731 -2.73126 25
      vertex -13.3972 -4.06398 25
    endloop
  endfacet
  facet normal 0 0 1
    outer loop
      vertex -10.1094 0.0107724 25
      vertex -14 0 25
      vertex -10.1099 0 25
    endloop
  endfacet
  facet normal 0 0 1
    outer loop
      vertex -10.0596 -1.00161 25
      vertex -13.9326 -1.37224 25
      vertex -13.731 -2.73126 25
    endloop
  endfacet
  facet normal 0 0 1
    outer loop
      vertex -10.1094 -0.0107724 25
      vertex -14 0 25
      vertex -13.9326 -1.37224 25
    endloop
  endfacet
  facet normal 4.84848e-19 -0.146736 0.989176
    outer loop
      vertex 9 0.341408 6.78363
      vertex 3.99157 0.17153 6.75843
      vertex 9 0.17153 6.75843
    endloop
  endfacet
  facet normal 4.84042e-19 -0.146736 0.989176
    outer loop
      vertex 3.99157 0.17153 6.75843
      vertex 9 0.341408 6.78363
      vertex 3.98323 0.341408 6.78363
    endloop
  endfacet
  facet normal 0 -0.146736 0.989176
    outer loop
      vertex -14.9832 0.341408 6.78363
      vertex -3.99157 0.17153 6.75843
      vertex -3.98323 0.341408 6.78363
    endloop
  endfacet
  facet normal 0 -0.146736 0.989176
    outer loop
      vertex -3.99157 0.17153 6.75843
      vertex -14.9832 0.341408 6.78363
      vertex -14.9916 0.17153 6.75843
    endloop
  endfacet
  facet normal 0 -0.0490867 0.998795
    outer loop
      vertex -14.9916 0.17153 6.75843
      vertex -4 0 6.75
      vertex -3.99157 0.17153 6.75843
    endloop
  endfacet
  facet normal 0 -0.0490867 0.998795
    outer loop
      vertex -4 0 6.75
      vertex -14.9916 0.17153 6.75843
      vertex -15 0 6.75
    endloop
  endfacet
  facet normal -7.72905e-20 -0.0490867 0.998795
    outer loop
      vertex 9 0.17153 6.75843
      vertex 4 0 6.75
      vertex 9 0 6.75
    endloop
  endfacet
  facet normal -7.71604e-20 -0.0490867 0.998795
    outer loop
      vertex 4 0 6.75
      vertex 9 0.17153 6.75843
      vertex 3.99157 0.17153 6.75843
    endloop
  endfacet
  facet normal -4.54979e-19 -0.242933 0.970043
    outer loop
      vertex 9 0.507998 6.82535
      vertex 3.98323 0.341408 6.78363
      vertex 9 0.341408 6.78363
    endloop
  endfacet
  facet normal 1.87441e-06 -0.242986 0.97003
    outer loop
      vertex 9 0.507998 6.82535
      vertex 3.98074 0.392068 6.79632
      vertex 3.98323 0.341408 6.78363
    endloop
  endfacet
  facet normal 1.4243e-19 -0.24291 0.970049
    outer loop
      vertex 3.98074 0.392068 6.79632
      vertex 9 0.507998 6.82535
      vertex 3.96354 0.507998 6.82535
    endloop
  endfacet
  facet normal 0 -0.24291 0.970049
    outer loop
      vertex -14.975 0.507998 6.82535
      vertex -3.98074 0.392068 6.79632
      vertex -3.96354 0.507998 6.82535
    endloop
  endfacet
  facet normal -8.5626e-07 -0.242986 0.97003
    outer loop
      vertex -14.975 0.507998 6.82535
      vertex -3.98323 0.341408 6.78363
      vertex -3.98074 0.392068 6.79632
    endloop
  endfacet
  facet normal 0 -0.242933 0.970043
    outer loop
      vertex -3.98323 0.341408 6.78363
      vertex -14.975 0.507998 6.82535
      vertex -14.9832 0.341408 6.78363
    endloop
  endfacet
  facet normal -0 0.941539 0.336904
    outer loop
      vertex 3.65482 -1.61679 7.8303
      vertex 9 -1.67465 7.992
      vertex 9 -1.61679 7.8303
    endloop
  endfacet
  facet normal 0 0.941539 0.336904
    outer loop
      vertex 9 -1.67465 7.992
      vertex 3.65482 -1.61679 7.8303
      vertex 3.62745 -1.67465 7.992
    endloop
  endfacet
  facet normal 1.68313e-19 0.941539 0.336904
    outer loop
      vertex -3.65482 -1.61679 7.8303
      vertex -14.8975 -1.67465 7.992
      vertex -3.62745 -1.67465 7.992
    endloop
  endfacet
  facet normal 1.68595e-19 0.941539 0.336904
    outer loop
      vertex -14.8975 -1.67465 7.992
      vertex -3.65482 -1.61679 7.8303
      vertex -14.906 -1.61679 7.8303
    endloop
  endfacet
  facet normal -0 -0.740959 -0.67155
    outer loop
      vertex 9 1.35277 9.61019
      vertex 3.80046 1.23744 9.73744
      vertex 3.75919 1.35277 9.61019
    endloop
  endfacet
  facet normal 0 -0.740959 -0.67155
    outer loop
      vertex 3.80046 1.23744 9.73744
      vertex 9 1.35277 9.61019
      vertex 9 1.23744 9.73744
    endloop
  endfacet
  facet normal 2.71417e-19 -0.740959 -0.67155
    outer loop
      vertex -14.9335 1.35277 9.61019
      vertex -3.80046 1.23744 9.73744
      vertex -14.9392 1.23744 9.73744
    endloop
  endfacet
  facet normal 2.70553e-19 -0.740959 -0.67155
    outer loop
      vertex -3.80046 1.23744 9.73744
      vertex -14.9335 1.35277 9.61019
      vertex -3.75919 1.35277 9.61019
    endloop
  endfacet
  facet normal -1.21509e-20 0.243371 -0.969933
    outer loop
      vertex 9 -0.507998 10.1746
      vertex 3.98323 -0.341408 10.2164
      vertex 9 -0.341408 10.2164
    endloop
  endfacet
  facet normal -7.22065e-06 0.243167 -0.969985
    outer loop
      vertex 9 -0.507998 10.1746
      vertex 3.98074 -0.392068 10.2037
      vertex 3.98323 -0.341408 10.2164
    endloop
  endfacet
  facet normal -2.28364e-19 0.243461 -0.969911
    outer loop
      vertex 3.98074 -0.392068 10.2037
      vertex 9 -0.507998 10.1746
      vertex 3.96354 -0.507998 10.1746
    endloop
  endfacet
  facet normal 0 0.243461 -0.969911
    outer loop
      vertex -14.975 -0.507998 10.1746
      vertex -3.98074 -0.392068 10.2037
      vertex -3.96354 -0.507998 10.1746
    endloop
  endfacet
  facet normal 3.29851e-06 0.243166 -0.969985
    outer loop
      vertex -14.975 -0.507998 10.1746
      vertex -3.98323 -0.341408 10.2164
      vertex -3.98074 -0.392068 10.2037
    endloop
  endfacet
  facet normal 0 0.243371 -0.969933
    outer loop
      vertex -3.98323 -0.341408 10.2164
      vertex -14.975 -0.507998 10.1746
      vertex -14.9832 -0.341408 10.2164
    endloop
  endfacet
  facet normal 3.13013e-19 -0.903974 0.427588
    outer loop
      vertex 3.68954 1.54336 7.67506
      vertex 9 1.61679 7.8303
      vertex 3.65482 1.61679 7.8303
    endloop
  endfacet
  facet normal 3.15059e-19 -0.903974 0.427588
    outer loop
      vertex 9 1.61679 7.8303
      vertex 3.68954 1.54336 7.67506
      vertex 9 1.54336 7.67506
    endloop
  endfacet
  facet normal 0 -0.903974 0.427588
    outer loop
      vertex -3.68954 1.54336 7.67506
      vertex -14.906 1.61679 7.8303
      vertex -14.9169 1.54336 7.67506
    endloop
  endfacet
  facet normal 0 -0.903974 0.427588
    outer loop
      vertex -14.906 1.61679 7.8303
      vertex -3.68954 1.54336 7.67506
      vertex -3.65482 1.61679 7.8303
    endloop
  endfacet
  facet normal 2.21921e-19 0.970043 -0.242933
    outer loop
      vertex 9 -1.71637 8.84141
      vertex 3.62745 -1.67465 9.008
      vertex 9 -1.67465 9.008
    endloop
  endfacet
  facet normal 2.21109e-19 0.970043 -0.242933
    outer loop
      vertex 3.62745 -1.67465 9.008
      vertex 9 -1.71637 8.84141
      vertex 3.60772 -1.71637 8.84141
    endloop
  endfacet
  facet normal 0 0.970043 -0.242933
    outer loop
      vertex -14.8913 -1.71637 8.84141
      vertex -3.62745 -1.67465 9.008
      vertex -3.60772 -1.71637 8.84141
    endloop
  endfacet
  facet normal 0 0.970043 -0.242933
    outer loop
      vertex -3.62745 -1.67465 9.008
      vertex -14.8913 -1.71637 8.84141
      vertex -14.8975 -1.67465 9.008
    endloop
  endfacet
  facet normal 2.01026e-19 0.989176 -0.146734
    outer loop
      vertex 9 -1.74157 8.67153
      vertex 3.60772 -1.71637 8.84141
      vertex 9 -1.71637 8.84141
    endloop
  endfacet
  facet normal 2.00583e-19 0.989176 -0.146734
    outer loop
      vertex 3.60772 -1.71637 8.84141
      vertex 9 -1.74157 8.67153
      vertex 3.5958 -1.74157 8.67153
    endloop
  endfacet
  facet normal 0 0.989176 -0.146734
    outer loop
      vertex -14.8875 -1.74157 8.67153
      vertex -3.60772 -1.71637 8.84141
      vertex -3.5958 -1.74157 8.67153
    endloop
  endfacet
  facet normal 0 0.989176 -0.146734
    outer loop
      vertex -3.60772 -1.71637 8.84141
      vertex -14.8875 -1.74157 8.67153
      vertex -14.8913 -1.71637 8.84141
    endloop
  endfacet
  facet normal -3.99497e-20 -0.970043 0.242933
    outer loop
      vertex 3.62745 1.67465 7.992
      vertex 9 1.71637 8.15859
      vertex 3.60772 1.71637 8.15859
    endloop
  endfacet
  facet normal -4.00964e-20 -0.970043 0.242933
    outer loop
      vertex 9 1.71637 8.15859
      vertex 3.62745 1.67465 7.992
      vertex 9 1.67465 7.992
    endloop
  endfacet
  facet normal 0 -0.970043 0.242933
    outer loop
      vertex -3.62745 1.67465 7.992
      vertex -14.8913 1.71637 8.15859
      vertex -14.8975 1.67465 7.992
    endloop
  endfacet
  facet normal 0 -0.970043 0.242933
    outer loop
      vertex -14.8913 1.71637 8.15859
      vertex -3.62745 1.67465 7.992
      vertex -3.60772 1.71637 8.15859
    endloop
  endfacet
  facet normal 0 -0.67155 -0.740959
    outer loop
      vertex 3.84052 1.11019 9.85277
      vertex 9 1.23744 9.73744
      vertex 9 1.11019 9.85277
    endloop
  endfacet
  facet normal 9.56641e-07 -0.671572 -0.74094
    outer loop
      vertex 3.82776 1.16114 9.80659
      vertex 9 1.23744 9.73744
      vertex 3.84052 1.11019 9.85277
    endloop
  endfacet
  facet normal -0 -0.671536 -0.740972
    outer loop
      vertex 9 1.23744 9.73744
      vertex 3.82776 1.16114 9.80659
      vertex 3.80046 1.23744 9.73744
    endloop
  endfacet
  facet normal -2.94174e-19 -0.671536 -0.740972
    outer loop
      vertex -3.82776 1.16114 9.80659
      vertex -14.9392 1.23744 9.73744
      vertex -3.80046 1.23744 9.73744
    endloop
  endfacet
  facet normal -4.46183e-07 -0.671572 -0.74094
    outer loop
      vertex -3.84052 1.11019 9.85277
      vertex -14.9392 1.23744 9.73744
      vertex -3.82776 1.16114 9.80659
    endloop
  endfacet
  facet normal 1.02783e-20 -0.67155 -0.740959
    outer loop
      vertex -14.9392 1.23744 9.73744
      vertex -3.84052 1.11019 9.85277
      vertex -14.9455 1.11019 9.85277
    endloop
  endfacet
  facet normal -0 -0.941539 -0.336904
    outer loop
      vertex 9 1.67465 9.008
      vertex 3.65482 1.61679 9.1697
      vertex 3.62745 1.67465 9.008
    endloop
  endfacet
  facet normal 0 -0.941539 -0.336904
    outer loop
      vertex 3.65482 1.61679 9.1697
      vertex 9 1.67465 9.008
      vertex 9 1.61679 9.1697
    endloop
  endfacet
  facet normal -5.46238e-20 -0.941539 -0.336904
    outer loop
      vertex -14.8975 1.67465 9.008
      vertex -3.65482 1.61679 9.1697
      vertex -14.906 1.61679 9.1697
    endloop
  endfacet
  facet normal -5.45324e-20 -0.941539 -0.336904
    outer loop
      vertex -3.65482 1.61679 9.1697
      vertex -14.8975 1.67465 9.008
      vertex -3.62745 1.67465 9.008
    endloop
  endfacet
  facet normal -0 0.998795 0.0490867
    outer loop
      vertex 3.5958 -1.74157 8.32847
      vertex 9 -1.75 8.5
      vertex 9 -1.74157 8.32847
    endloop
  endfacet
  facet normal 0 0.998795 0.0490867
    outer loop
      vertex 9 -1.75 8.5
      vertex 3.5958 -1.74157 8.32847
      vertex 3.59181 -1.75 8.5
    endloop
  endfacet
  facet normal -1.77269e-20 0.998795 0.0490867
    outer loop
      vertex -3.5958 -1.74157 8.32847
      vertex -14.8863 -1.75 8.5
      vertex -3.59181 -1.75 8.5
    endloop
  endfacet
  facet normal -1.77313e-20 0.998795 0.0490867
    outer loop
      vertex -14.8863 -1.75 8.5
      vertex -3.5958 -1.74157 8.32847
      vertex -14.8875 -1.74157 8.32847
    endloop
  endfacet
  facet normal -0 -0.998795 -0.0490867
    outer loop
      vertex 9 1.75 8.5
      vertex 3.5958 1.74157 8.67153
      vertex 3.59181 1.75 8.5
    endloop
  endfacet
  facet normal 0 -0.998795 -0.0490867
    outer loop
      vertex 3.5958 1.74157 8.67153
      vertex 9 1.75 8.5
      vertex 9 1.74157 8.67153
    endloop
  endfacet
  facet normal -1.77313e-20 -0.998795 -0.0490867
    outer loop
      vertex -14.8863 1.75 8.5
      vertex -3.5958 1.74157 8.67153
      vertex -14.8875 1.74157 8.67153
    endloop
  endfacet
  facet normal -1.77269e-20 -0.998795 -0.0490867
    outer loop
      vertex -3.5958 1.74157 8.67153
      vertex -14.8863 1.75 8.5
      vertex -3.59181 1.75 8.5
    endloop
  endfacet
  facet normal 9.41575e-19 0.803217 -0.595687
    outer loop
      vertex 9 -1.45507 9.47225
      vertex 3.75919 -1.35277 9.61019
      vertex 9 -1.35277 9.61019
    endloop
  endfacet
  facet normal 9.35045e-19 0.803217 -0.595687
    outer loop
      vertex 3.75919 -1.35277 9.61019
      vertex 9 -1.45507 9.47225
      vertex 3.72259 -1.45507 9.47225
    endloop
  endfacet
  facet normal 0 0.803217 -0.595687
    outer loop
      vertex -14.9285 -1.45507 9.47225
      vertex -3.75919 -1.35277 9.61019
      vertex -3.72259 -1.45507 9.47225
    endloop
  endfacet
  facet normal 0 0.803217 -0.595687
    outer loop
      vertex -3.75919 -1.35277 9.61019
      vertex -14.9285 -1.45507 9.47225
      vertex -14.9335 -1.35277 9.61019
    endloop
  endfacet
  facet normal 2.1686e-19 0.427427 -0.90405
    outer loop
      vertex 9 -0.824944 10.0434
      vertex 3.93956 -0.669696 10.1168
      vertex 9 -0.669696 10.1168
    endloop
  endfacet
  facet normal 1.95749e-05 0.427949 -0.903803
    outer loop
      vertex 9 -0.824944 10.0434
      vertex 3.92314 -0.780361 10.0644
      vertex 3.93956 -0.669696 10.1168
    endloop
  endfacet
  facet normal 1.14487e-19 0.426125 -0.904664
    outer loop
      vertex 3.92314 -0.780361 10.0644
      vertex 9 -0.824944 10.0434
      vertex 3.91197 -0.824944 10.0434
    endloop
  endfacet
  facet normal 0 0.426125 -0.904664
    outer loop
      vertex -14.9595 -0.824944 10.0434
      vertex -3.92314 -0.780361 10.0644
      vertex -3.91197 -0.824944 10.0434
    endloop
  endfacet
  facet normal -9.01102e-06 0.42795 -0.903802
    outer loop
      vertex -14.9595 -0.824944 10.0434
      vertex -3.93956 -0.669696 10.1168
      vertex -3.92314 -0.780361 10.0644
    endloop
  endfacet
  facet normal 0 0.427427 -0.90405
    outer loop
      vertex -3.93956 -0.669696 10.1168
      vertex -14.9595 -0.824944 10.0434
      vertex -14.9671 -0.669696 10.1168
    endloop
  endfacet
  facet normal -0 -0.989176 -0.146734
    outer loop
      vertex 9 1.74157 8.67153
      vertex 3.60772 1.71637 8.84141
      vertex 3.5958 1.74157 8.67153
    endloop
  endfacet
  facet normal 0 -0.989176 -0.146734
    outer loop
      vertex 3.60772 1.71637 8.84141
      vertex 9 1.74157 8.67153
      vertex 9 1.71637 8.84141
    endloop
  endfacet
  facet normal -9.60678e-20 -0.989176 -0.146734
    outer loop
      vertex -14.8875 1.74157 8.67153
      vertex -3.60772 1.71637 8.84141
      vertex -14.8913 1.71637 8.84141
    endloop
  endfacet
  facet normal -9.59987e-20 -0.989176 -0.146734
    outer loop
      vertex -3.60772 1.71637 8.84141
      vertex -14.8875 1.74157 8.67153
      vertex -3.5958 1.74157 8.67153
    endloop
  endfacet
  facet normal -1.27497e-19 -0.857708 0.514137
    outer loop
      vertex 3.69552 1.53073 7.65399
      vertex 9 1.54336 7.67506
      vertex 3.68954 1.54336 7.67506
    endloop
  endfacet
  facet normal 3.26354e-07 -0.857745 0.514076
    outer loop
      vertex 3.72259 1.45507 7.52775
      vertex 9 1.54336 7.67506
      vertex 3.69552 1.53073 7.65399
    endloop
  endfacet
  facet normal -8.22898e-19 -0.857739 0.514085
    outer loop
      vertex 9 1.54336 7.67506
      vertex 3.72259 1.45507 7.52775
      vertex 9 1.45507 7.52775
    endloop
  endfacet
  facet normal 0 -0.857708 0.514137
    outer loop
      vertex -14.9169 1.54336 7.67506
      vertex -3.69552 1.53073 7.65399
      vertex -3.68954 1.54336 7.67506
    endloop
  endfacet
  facet normal -0.00166433 -0.85768 0.51418
    outer loop
      vertex -14.9285 1.45507 7.52775
      vertex -14.9169 1.54336 7.67506
      vertex -14.9278 1.47026 7.55309
    endloop
  endfacet
  facet normal -3.87543e-19 -0.857739 0.514085
    outer loop
      vertex -14.9169 1.54336 7.67506
      vertex -14.9285 1.45507 7.52775
      vertex -3.72259 1.45507 7.52775
    endloop
  endfacet
  facet normal -1.54341e-07 -0.857745 0.514076
    outer loop
      vertex -14.9169 1.54336 7.67506
      vertex -3.72259 1.45507 7.52775
      vertex -3.69552 1.53073 7.65399
    endloop
  endfacet
  facet normal 0 0.0489124 -0.998803
    outer loop
      vertex -14.9916 -0.17153 10.2416
      vertex -4 0 10.25
      vertex -3.99157 -0.17153 10.2416
    endloop
  endfacet
  facet normal 0 0.0489124 -0.998803
    outer loop
      vertex -4 0 10.25
      vertex -14.9916 -0.17153 10.2416
      vertex -15 0 10.25
    endloop
  endfacet
  facet normal 6.36013e-21 0.0489124 -0.998803
    outer loop
      vertex 9 -0.17153 10.2416
      vertex 4 0 10.25
      vertex 9 0 10.25
    endloop
  endfacet
  facet normal 6.34942e-21 0.0489124 -0.998803
    outer loop
      vertex 4 0 10.25
      vertex 9 -0.17153 10.2416
      vertex 3.99157 -0.17153 10.2416
    endloop
  endfacet
  facet normal 1.14979e-19 0.941539 -0.336904
    outer loop
      vertex 9 -1.67465 9.008
      vertex 3.65482 -1.61679 9.1697
      vertex 9 -1.61679 9.1697
    endloop
  endfacet
  facet normal 1.14393e-19 0.941539 -0.336904
    outer loop
      vertex 3.65482 -1.61679 9.1697
      vertex 9 -1.67465 9.008
      vertex 3.62745 -1.67465 9.008
    endloop
  endfacet
  facet normal 0 0.941539 -0.336904
    outer loop
      vertex -14.8975 -1.67465 9.008
      vertex -3.65482 -1.61679 9.1697
      vertex -3.62745 -1.67465 9.008
    endloop
  endfacet
  facet normal 0 0.941539 -0.336904
    outer loop
      vertex -3.65482 -1.61679 9.1697
      vertex -14.8975 -1.67465 9.008
      vertex -14.906 -1.61679 9.1697
    endloop
  endfacet
  facet normal 0 -0.427427 -0.90405
    outer loop
      vertex 3.93956 0.669696 10.1168
      vertex 9 0.824944 10.0434
      vertex 9 0.669696 10.1168
    endloop
  endfacet
  facet normal 1.95749e-05 -0.427949 -0.903803
    outer loop
      vertex 3.92314 0.780361 10.0644
      vertex 9 0.824944 10.0434
      vertex 3.93956 0.669696 10.1168
    endloop
  endfacet
  facet normal -0 -0.426125 -0.904664
    outer loop
      vertex 9 0.824944 10.0434
      vertex 3.92314 0.780361 10.0644
      vertex 3.91197 0.824944 10.0434
    endloop
  endfacet
  facet normal -5.27278e-20 -0.426125 -0.904664
    outer loop
      vertex -3.92314 0.780361 10.0644
      vertex -14.9595 0.824944 10.0434
      vertex -3.91197 0.824944 10.0434
    endloop
  endfacet
  facet normal -9.01102e-06 -0.42795 -0.903802
    outer loop
      vertex -3.93956 0.669696 10.1168
      vertex -14.9595 0.824944 10.0434
      vertex -3.92314 0.780361 10.0644
    endloop
  endfacet
  facet normal -9.9515e-20 -0.427427 -0.90405
    outer loop
      vertex -14.9595 0.824944 10.0434
      vertex -3.93956 0.669696 10.1168
      vertex -14.9671 0.669696 10.1168
    endloop
  endfacet
  facet normal -0 0.242933 0.970043
    outer loop
      vertex 3.98323 -0.341408 6.78363
      vertex 9 -0.507998 6.82535
      vertex 9 -0.341408 6.78363
    endloop
  endfacet
  facet normal 1.87441e-06 0.242986 0.97003
    outer loop
      vertex 3.98074 -0.392068 6.79632
      vertex 9 -0.507998 6.82535
      vertex 3.98323 -0.341408 6.78363
    endloop
  endfacet
  facet normal 0 0.24291 0.970049
    outer loop
      vertex 9 -0.507998 6.82535
      vertex 3.98074 -0.392068 6.79632
      vertex 3.96354 -0.507998 6.82535
    endloop
  endfacet
  facet normal -6.51454e-20 0.24291 0.970049
    outer loop
      vertex -3.98074 -0.392068 6.79632
      vertex -14.975 -0.507998 6.82535
      vertex -3.96354 -0.507998 6.82535
    endloop
  endfacet
  facet normal -8.5626e-07 0.242986 0.97003
    outer loop
      vertex -3.98323 -0.341408 6.78363
      vertex -14.975 -0.507998 6.82535
      vertex -3.98074 -0.392068 6.79632
    endloop
  endfacet
  facet normal 2.07503e-19 0.242933 0.970043
    outer loop
      vertex -14.975 -0.507998 6.82535
      vertex -3.98323 -0.341408 6.78363
      vertex -14.9832 -0.341408 6.78363
    endloop
  endfacet
  facet normal -5.76866e-19 -0.740959 0.67155
    outer loop
      vertex 3.80046 1.23744 7.26256
      vertex 9 1.35277 7.38981
      vertex 3.75919 1.35277 7.38981
    endloop
  endfacet
  facet normal -5.81444e-19 -0.740959 0.67155
    outer loop
      vertex 9 1.35277 7.38981
      vertex 3.80046 1.23744 7.26256
      vertex 9 1.23744 7.26256
    endloop
  endfacet
  facet normal 0 -0.740959 0.67155
    outer loop
      vertex -3.80046 1.23744 7.26256
      vertex -14.9335 1.35277 7.38981
      vertex -14.9392 1.23744 7.26256
    endloop
  endfacet
  facet normal 0 -0.740959 0.67155
    outer loop
      vertex -14.9335 1.35277 7.38981
      vertex -3.80046 1.23744 7.26256
      vertex -3.75919 1.35277 7.38981
    endloop
  endfacet
  facet normal 4.66487e-19 -0.803217 0.595687
    outer loop
      vertex 3.75919 1.35277 7.38981
      vertex 9 1.45507 7.52775
      vertex 3.72259 1.45507 7.52775
    endloop
  endfacet
  facet normal 4.69745e-19 -0.803217 0.595687
    outer loop
      vertex 9 1.45507 7.52775
      vertex 3.75919 1.35277 7.38981
      vertex 9 1.35277 7.38981
    endloop
  endfacet
  facet normal 0 -0.803217 0.595687
    outer loop
      vertex -3.75919 1.35277 7.38981
      vertex -14.9285 1.45507 7.52775
      vertex -14.9335 1.35277 7.38981
    endloop
  endfacet
  facet normal 0 -0.803217 0.595687
    outer loop
      vertex -14.9285 1.45507 7.52775
      vertex -3.75919 1.35277 7.38981
      vertex -3.72259 1.45507 7.52775
    endloop
  endfacet
  facet normal -0 -0.803217 -0.595687
    outer loop
      vertex 9 1.45507 9.47225
      vertex 3.75919 1.35277 9.61019
      vertex 3.72259 1.45507 9.47225
    endloop
  endfacet
  facet normal 0 -0.803217 -0.595687
    outer loop
      vertex 3.75919 1.35277 9.61019
      vertex 9 1.45507 9.47225
      vertex 9 1.35277 9.61019
    endloop
  endfacet
  facet normal -4.41604e-19 -0.803217 -0.595687
    outer loop
      vertex -14.9285 1.45507 9.47225
      vertex -3.75919 1.35277 9.61019
      vertex -14.9335 1.35277 9.61019
    endloop
  endfacet
  facet normal -4.40358e-19 -0.803217 -0.595687
    outer loop
      vertex -3.75919 1.35277 9.61019
      vertex -14.9285 1.45507 9.47225
      vertex -3.72259 1.45507 9.47225
    endloop
  endfacet
  facet normal 0 0.857708 0.514137
    outer loop
      vertex 9 -1.54336 7.67506
      vertex 3.69552 -1.53073 7.65399
      vertex 3.68954 -1.54336 7.67506
    endloop
  endfacet
  facet normal -0 0.857739 0.514085
    outer loop
      vertex 3.72259 -1.45507 7.52775
      vertex 9 -1.54336 7.67506
      vertex 9 -1.45507 7.52775
    endloop
  endfacet
  facet normal 3.26354e-07 0.857745 0.514076
    outer loop
      vertex 9 -1.54336 7.67506
      vertex 3.72259 -1.45507 7.52775
      vertex 3.69552 -1.53073 7.65399
    endloop
  endfacet
  facet normal 6.03052e-20 0.857708 0.514137
    outer loop
      vertex -3.69552 -1.53073 7.65399
      vertex -14.9169 -1.54336 7.67506
      vertex -3.68954 -1.54336 7.67506
    endloop
  endfacet
  facet normal -1.54341e-07 0.857745 0.514076
    outer loop
      vertex -3.72259 -1.45507 7.52775
      vertex -14.9169 -1.54336 7.67506
      vertex -3.69552 -1.53073 7.65399
    endloop
  endfacet
  facet normal -0 0.857739 0.514085
    outer loop
      vertex -14.9285 -1.45507 7.52775
      vertex -14.9169 -1.54336 7.67506
      vertex -3.72259 -1.45507 7.52775
    endloop
  endfacet
  facet normal -0.00166433 0.85768 0.51418
    outer loop
      vertex -14.9169 -1.54336 7.67506
      vertex -14.9285 -1.45507 7.52775
      vertex -14.9278 -1.47026 7.55309
    endloop
  endfacet
  facet normal -3.19703e-19 -0.67155 0.740959
    outer loop
      vertex 9 1.23744 7.26256
      vertex 3.84052 1.11019 7.14723
      vertex 9 1.11019 7.14723
    endloop
  endfacet
  facet normal 9.56641e-07 -0.671572 0.74094
    outer loop
      vertex 9 1.23744 7.26256
      vertex 3.82776 1.16114 7.19341
      vertex 3.84052 1.11019 7.14723
    endloop
  endfacet
  facet normal 4.17654e-19 -0.671536 0.740972
    outer loop
      vertex 3.82776 1.16114 7.19341
      vertex 9 1.23744 7.26256
      vertex 3.80046 1.23744 7.26256
    endloop
  endfacet
  facet normal 0 -0.671536 0.740972
    outer loop
      vertex -14.9392 1.23744 7.26256
      vertex -3.82776 1.16114 7.19341
      vertex -3.80046 1.23744 7.26256
    endloop
  endfacet
  facet normal -4.46183e-07 -0.671572 0.74094
    outer loop
      vertex -14.9392 1.23744 7.26256
      vertex -3.84052 1.11019 7.14723
      vertex -3.82776 1.16114 7.19341
    endloop
  endfacet
  facet normal 0 -0.67155 0.740959
    outer loop
      vertex -3.84052 1.11019 7.14723
      vertex -14.9392 1.23744 7.26256
      vertex -14.9455 1.11019 7.14723
    endloop
  endfacet
  facet normal 7.41923e-19 -0.595679 0.803223
    outer loop
      vertex 9 1.11019 7.14723
      vertex 3.87508 0.972247 7.04493
      vertex 9 0.972247 7.04493
    endloop
  endfacet
  facet normal 7.36953e-19 -0.595679 0.803223
    outer loop
      vertex 3.87508 0.972247 7.04493
      vertex 9 1.11019 7.14723
      vertex 3.84052 1.11019 7.14723
    endloop
  endfacet
  facet normal 0 -0.595679 0.803223
    outer loop
      vertex -14.9455 1.11019 7.14723
      vertex -3.87508 0.972247 7.04493
      vertex -3.84052 1.11019 7.14723
    endloop
  endfacet
  facet normal 0 -0.595679 0.803223
    outer loop
      vertex -3.87508 0.972247 7.04493
      vertex -14.9455 1.11019 7.14723
      vertex -14.9522 0.972247 7.04493
    endloop
  endfacet
  facet normal -0 0.146736 0.989176
    outer loop
      vertex 3.99157 -0.17153 6.75843
      vertex 9 -0.341408 6.78363
      vertex 9 -0.17153 6.75843
    endloop
  endfacet
  facet normal 0 0.146736 0.989176
    outer loop
      vertex 9 -0.341408 6.78363
      vertex 3.99157 -0.17153 6.75843
      vertex 3.98323 -0.341408 6.78363
    endloop
  endfacet
  facet normal -2.20758e-19 0.146736 0.989176
    outer loop
      vertex -3.99157 -0.17153 6.75843
      vertex -14.9832 -0.341408 6.78363
      vertex -3.98323 -0.341408 6.78363
    endloop
  endfacet
  facet normal -2.20756e-19 0.146736 0.989176
    outer loop
      vertex -14.9832 -0.341408 6.78363
      vertex -3.99157 -0.17153 6.75843
      vertex -14.9916 -0.17153 6.75843
    endloop
  endfacet
  facet normal 0 -0.336598 -0.941648
    outer loop
      vertex 3.96354 0.507998 10.1746
      vertex 9 0.669696 10.1168
      vertex 9 0.507998 10.1746
    endloop
  endfacet
  facet normal -0 -0.336598 -0.941648
    outer loop
      vertex 9 0.669696 10.1168
      vertex 3.96354 0.507998 10.1746
      vertex 3.93956 0.669696 10.1168
    endloop
  endfacet
  facet normal -3.34467e-19 -0.336598 -0.941648
    outer loop
      vertex -3.96354 0.507998 10.1746
      vertex -14.9671 0.669696 10.1168
      vertex -3.93956 0.669696 10.1168
    endloop
  endfacet
  facet normal -3.34955e-19 -0.336598 -0.941648
    outer loop
      vertex -14.9671 0.669696 10.1168
      vertex -3.96354 0.507998 10.1746
      vertex -14.975 0.507998 10.1746
    endloop
  endfacet
  facet normal -0 0.42757 0.903982
    outer loop
      vertex 3.93956 -0.669696 6.88321
      vertex 9 -0.824944 6.95664
      vertex 9 -0.669696 6.88321
    endloop
  endfacet
  facet normal -7.24125e-07 0.427551 0.903991
    outer loop
      vertex 3.92314 -0.780361 6.93555
      vertex 9 -0.824944 6.95664
      vertex 3.93956 -0.669696 6.88321
    endloop
  endfacet
  facet normal 0 0.427618 0.903959
    outer loop
      vertex 9 -0.824944 6.95664
      vertex 3.92314 -0.780361 6.93555
      vertex 3.91197 -0.824944 6.95664
    endloop
  endfacet
  facet normal -8.33364e-21 0.427618 0.903959
    outer loop
      vertex -3.92314 -0.780361 6.93555
      vertex -14.9595 -0.824944 6.95664
      vertex -3.91197 -0.824944 6.95664
    endloop
  endfacet
  facet normal 3.3334e-07 0.427551 0.903991
    outer loop
      vertex -3.93956 -0.669696 6.88321
      vertex -14.9595 -0.824944 6.95664
      vertex -3.92314 -0.780361 6.93555
    endloop
  endfacet
  facet normal -4.56708e-19 0.42757 0.903982
    outer loop
      vertex -14.9595 -0.824944 6.95664
      vertex -3.93956 -0.669696 6.88321
      vertex -14.9671 -0.669696 6.88321
    endloop
  endfacet
  facet normal 3.5132e-20 0.0490867 0.998795
    outer loop
      vertex -4 0 6.75
      vertex -14.9916 -0.17153 6.75843
      vertex -3.99157 -0.17153 6.75843
    endloop
  endfacet
  facet normal 3.51321e-20 0.0490867 0.998795
    outer loop
      vertex -14.9916 -0.17153 6.75843
      vertex -4 0 6.75
      vertex -15 0 6.75
    endloop
  endfacet
  facet normal -0 0.0490867 0.998795
    outer loop
      vertex 4 0 6.75
      vertex 9 -0.17153 6.75843
      vertex 9 0 6.75
    endloop
  endfacet
  facet normal 0 0.0490867 0.998795
    outer loop
      vertex 9 -0.17153 6.75843
      vertex 4 0 6.75
      vertex 3.99157 -0.17153 6.75843
    endloop
  endfacet
  facet normal -0 0.970043 0.242933
    outer loop
      vertex 3.62745 -1.67465 7.992
      vertex 9 -1.71637 8.15859
      vertex 9 -1.67465 7.992
    endloop
  endfacet
  facet normal 0 0.970043 0.242933
    outer loop
      vertex 9 -1.71637 8.15859
      vertex 3.62745 -1.67465 7.992
      vertex 3.60772 -1.71637 8.15859
    endloop
  endfacet
  facet normal 1.90914e-20 0.970043 0.242933
    outer loop
      vertex -3.62745 -1.67465 7.992
      vertex -14.8913 -1.71637 8.15859
      vertex -3.60772 -1.71637 8.15859
    endloop
  endfacet
  facet normal 1.91144e-20 0.970043 0.242933
    outer loop
      vertex -14.8913 -1.71637 8.15859
      vertex -3.62745 -1.67465 7.992
      vertex -14.8975 -1.67465 7.992
    endloop
  endfacet
  facet normal -0 0.989176 0.146734
    outer loop
      vertex 3.60772 -1.71637 8.15859
      vertex 9 -1.74157 8.32847
      vertex 9 -1.71637 8.15859
    endloop
  endfacet
  facet normal 0 0.989176 0.146734
    outer loop
      vertex 9 -1.74157 8.32847
      vertex 3.60772 -1.71637 8.15859
      vertex 3.5958 -1.74157 8.32847
    endloop
  endfacet
  facet normal -9.59987e-20 0.989176 0.146734
    outer loop
      vertex -3.60772 -1.71637 8.15859
      vertex -14.8875 -1.74157 8.32847
      vertex -3.5958 -1.74157 8.32847
    endloop
  endfacet
  facet normal -9.60678e-20 0.989176 0.146734
    outer loop
      vertex -14.8875 -1.74157 8.32847
      vertex -3.60772 -1.71637 8.15859
      vertex -14.8913 -1.71637 8.15859
    endloop
  endfacet
  facet normal -4.94264e-19 -0.336908 0.941538
    outer loop
      vertex 9 0.669696 6.88321
      vertex 3.96354 0.507998 6.82535
      vertex 9 0.507998 6.82535
    endloop
  endfacet
  facet normal -4.91921e-19 -0.336908 0.941538
    outer loop
      vertex 3.96354 0.507998 6.82535
      vertex 9 0.669696 6.88321
      vertex 3.93956 0.669696 6.88321
    endloop
  endfacet
  facet normal 0 -0.336908 0.941538
    outer loop
      vertex -14.9671 0.669696 6.88321
      vertex -3.96354 0.507998 6.82535
      vertex -3.93956 0.669696 6.88321
    endloop
  endfacet
  facet normal 0 -0.336908 0.941538
    outer loop
      vertex -3.96354 0.507998 6.82535
      vertex -14.9671 0.669696 6.88321
      vertex -14.975 0.507998 6.82535
    endloop
  endfacet
  facet normal -0 0.595679 0.803223
    outer loop
      vertex 3.87508 -0.972247 7.04493
      vertex 9 -1.11019 7.14723
      vertex 9 -0.972247 7.04493
    endloop
  endfacet
  facet normal 0 0.595679 0.803223
    outer loop
      vertex 9 -1.11019 7.14723
      vertex 3.87508 -0.972247 7.04493
      vertex 3.84052 -1.11019 7.14723
    endloop
  endfacet
  facet normal -3.42396e-19 0.595679 0.803223
    outer loop
      vertex -3.87508 -0.972247 7.04493
      vertex -14.9455 -1.11019 7.14723
      vertex -3.84052 -1.11019 7.14723
    endloop
  endfacet
  facet normal -3.43257e-19 0.595679 0.803223
    outer loop
      vertex -14.9455 -1.11019 7.14723
      vertex -3.87508 -0.972247 7.04493
      vertex -14.9522 -0.972247 7.04493
    endloop
  endfacet
  facet normal -0 0.514103 0.857729
    outer loop
      vertex 3.91197 -0.824944 6.95664
      vertex 9 -0.972247 7.04493
      vertex 9 -0.824944 6.95664
    endloop
  endfacet
  facet normal 0 0.514103 0.857729
    outer loop
      vertex 9 -0.972247 7.04493
      vertex 3.91197 -0.824944 6.95664
      vertex 3.87508 -0.972247 7.04493
    endloop
  endfacet
  facet normal -3.31131e-20 0.514103 0.857729
    outer loop
      vertex -3.91197 -0.824944 6.95664
      vertex -14.9522 -0.972247 7.04493
      vertex -3.87508 -0.972247 7.04493
    endloop
  endfacet
  facet normal -3.32018e-20 0.514103 0.857729
    outer loop
      vertex -14.9522 -0.972247 7.04493
      vertex -3.91197 -0.824944 6.95664
      vertex -14.9595 -0.824944 6.95664
    endloop
  endfacet
  facet normal -0 0.903974 0.427588
    outer loop
      vertex 3.68954 -1.54336 7.67506
      vertex 9 -1.61679 7.8303
      vertex 9 -1.54336 7.67506
    endloop
  endfacet
  facet normal 0 0.903974 0.427588
    outer loop
      vertex 9 -1.61679 7.8303
      vertex 3.68954 -1.54336 7.67506
      vertex 3.65482 -1.61679 7.8303
    endloop
  endfacet
  facet normal -1.48705e-19 0.903974 0.427588
    outer loop
      vertex -3.68954 -1.54336 7.67506
      vertex -14.906 -1.61679 7.8303
      vertex -3.65482 -1.61679 7.8303
    endloop
  endfacet
  facet normal -1.49021e-19 0.903974 0.427588
    outer loop
      vertex -14.906 -1.61679 7.8303
      vertex -3.68954 -1.54336 7.67506
      vertex -14.9169 -1.54336 7.67506
    endloop
  endfacet
  facet normal 3.70209e-20 -0.998795 0.0490867
    outer loop
      vertex 3.5958 1.74157 8.32847
      vertex 9 1.75 8.5
      vertex 3.59181 1.75 8.5
    endloop
  endfacet
  facet normal 3.70482e-20 -0.998795 0.0490867
    outer loop
      vertex 9 1.75 8.5
      vertex 3.5958 1.74157 8.32847
      vertex 9 1.74157 8.32847
    endloop
  endfacet
  facet normal 0 -0.998795 0.0490867
    outer loop
      vertex -3.5958 1.74157 8.32847
      vertex -14.8863 1.75 8.5
      vertex -14.8875 1.74157 8.32847
    endloop
  endfacet
  facet normal 0 -0.998795 0.0490867
    outer loop
      vertex -14.8863 1.75 8.5
      vertex -3.5958 1.74157 8.32847
      vertex -3.59181 1.75 8.5
    endloop
  endfacet
  facet normal -0 0.336908 0.941538
    outer loop
      vertex 3.96354 -0.507998 6.82535
      vertex 9 -0.669696 6.88321
      vertex 9 -0.507998 6.82535
    endloop
  endfacet
  facet normal 0 0.336908 0.941538
    outer loop
      vertex 9 -0.669696 6.88321
      vertex 3.96354 -0.507998 6.82535
      vertex 3.93956 -0.669696 6.88321
    endloop
  endfacet
  facet normal 2.25738e-19 0.336908 0.941538
    outer loop
      vertex -3.96354 -0.507998 6.82535
      vertex -14.9671 -0.669696 6.88321
      vertex -3.93956 -0.669696 6.88321
    endloop
  endfacet
  facet normal 2.26068e-19 0.336908 0.941538
    outer loop
      vertex -14.9671 -0.669696 6.88321
      vertex -3.96354 -0.507998 6.82535
      vertex -14.975 -0.507998 6.82535
    endloop
  endfacet
  facet normal -0 -0.970043 -0.242933
    outer loop
      vertex 9 1.71637 8.84141
      vertex 3.62745 1.67465 9.008
      vertex 3.60772 1.71637 8.84141
    endloop
  endfacet
  facet normal 0 -0.970043 -0.242933
    outer loop
      vertex 3.62745 1.67465 9.008
      vertex 9 1.71637 8.84141
      vertex 9 1.67465 9.008
    endloop
  endfacet
  facet normal -1.05792e-19 -0.970043 -0.242933
    outer loop
      vertex -14.8913 1.71637 8.84141
      vertex -3.62745 1.67465 9.008
      vertex -14.8975 1.67465 9.008
    endloop
  endfacet
  facet normal -1.05665e-19 -0.970043 -0.242933
    outer loop
      vertex -3.62745 1.67465 9.008
      vertex -14.8913 1.71637 8.84141
      vertex -3.60772 1.71637 8.84141
    endloop
  endfacet
  facet normal 9.95243e-19 -0.42757 0.903982
    outer loop
      vertex 9 0.824944 6.95664
      vertex 3.93956 0.669696 6.88321
      vertex 9 0.669696 6.88321
    endloop
  endfacet
  facet normal -7.24125e-07 -0.427551 0.903991
    outer loop
      vertex 9 0.824944 6.95664
      vertex 3.92314 0.780361 6.93555
      vertex 3.93956 0.669696 6.88321
    endloop
  endfacet
  facet normal 1.80947e-20 -0.427618 0.903959
    outer loop
      vertex 3.92314 0.780361 6.93555
      vertex 9 0.824944 6.95664
      vertex 3.91197 0.824944 6.95664
    endloop
  endfacet
  facet normal 0 -0.427618 0.903959
    outer loop
      vertex -14.9595 0.824944 6.95664
      vertex -3.92314 0.780361 6.93555
      vertex -3.91197 0.824944 6.95664
    endloop
  endfacet
  facet normal 3.3334e-07 -0.427551 0.903991
    outer loop
      vertex -14.9595 0.824944 6.95664
      vertex -3.93956 0.669696 6.88321
      vertex -3.92314 0.780361 6.93555
    endloop
  endfacet
  facet normal 0 -0.42757 0.903982
    outer loop
      vertex -3.93956 0.669696 6.88321
      vertex -14.9595 0.824944 6.95664
      vertex -14.9671 0.669696 6.88321
    endloop
  endfacet
  facet normal -0 -0.903974 -0.427588
    outer loop
      vertex 9 1.61679 9.1697
      vertex 3.68954 1.54336 9.32494
      vertex 3.65482 1.61679 9.1697
    endloop
  endfacet
  facet normal 0 -0.903974 -0.427588
    outer loop
      vertex 3.68954 1.54336 9.32494
      vertex 9 1.61679 9.1697
      vertex 9 1.54336 9.32494
    endloop
  endfacet
  facet normal 3.87353e-19 -0.903974 -0.427588
    outer loop
      vertex -14.906 1.61679 9.1697
      vertex -3.68954 1.54336 9.32494
      vertex -14.9169 1.54336 9.32494
    endloop
  endfacet
  facet normal 3.86533e-19 -0.903974 -0.427588
    outer loop
      vertex -3.68954 1.54336 9.32494
      vertex -14.906 1.61679 9.1697
      vertex -3.65482 1.61679 9.1697
    endloop
  endfacet
  facet normal 2.00583e-19 -0.989176 0.146734
    outer loop
      vertex 3.60772 1.71637 8.15859
      vertex 9 1.74157 8.32847
      vertex 3.5958 1.74157 8.32847
    endloop
  endfacet
  facet normal 2.01026e-19 -0.989176 0.146734
    outer loop
      vertex 9 1.74157 8.32847
      vertex 3.60772 1.71637 8.15859
      vertex 9 1.71637 8.15859
    endloop
  endfacet
  facet normal 0 -0.989176 0.146734
    outer loop
      vertex -3.60772 1.71637 8.15859
      vertex -14.8875 1.74157 8.32847
      vertex -14.8913 1.71637 8.15859
    endloop
  endfacet
  facet normal 0 -0.989176 0.146734
    outer loop
      vertex -14.8875 1.74157 8.32847
      vertex -3.60772 1.71637 8.15859
      vertex -3.5958 1.74157 8.32847
    endloop
  endfacet
  facet normal -4.88654e-19 0.514274 -0.857626
    outer loop
      vertex 9 -0.972247 9.95507
      vertex 3.91197 -0.824944 10.0434
      vertex 9 -0.824944 10.0434
    endloop
  endfacet
  facet normal -4.85136e-19 0.514274 -0.857626
    outer loop
      vertex 3.91197 -0.824944 10.0434
      vertex 9 -0.972247 9.95507
      vertex 3.87508 -0.972247 9.95507
    endloop
  endfacet
  facet normal 0 0.514274 -0.857626
    outer loop
      vertex -14.9522 -0.972247 9.95507
      vertex -3.91197 -0.824944 10.0434
      vertex -3.87508 -0.972247 9.95507
    endloop
  endfacet
  facet normal 0 0.514274 -0.857626
    outer loop
      vertex -3.91197 -0.824944 10.0434
      vertex -14.9522 -0.972247 9.95507
      vertex -14.9595 -0.824944 10.0434
    endloop
  endfacet
  facet normal 7.20903e-20 -0.514103 0.857729
    outer loop
      vertex 9 0.972247 7.04493
      vertex 3.91197 0.824944 6.95664
      vertex 9 0.824944 6.95664
    endloop
  endfacet
  facet normal 7.15714e-20 -0.514103 0.857729
    outer loop
      vertex 3.91197 0.824944 6.95664
      vertex 9 0.972247 7.04493
      vertex 3.87508 0.972247 7.04493
    endloop
  endfacet
  facet normal 0 -0.514103 0.857729
    outer loop
      vertex -14.9522 0.972247 7.04493
      vertex -3.91197 0.824944 6.95664
      vertex -3.87508 0.972247 7.04493
    endloop
  endfacet
  facet normal 0 -0.514103 0.857729
    outer loop
      vertex -3.91197 0.824944 6.95664
      vertex -14.9522 0.972247 7.04493
      vertex -14.9595 0.824944 6.95664
    endloop
  endfacet
  facet normal 3.26354e-07 -0.857745 -0.514076
    outer loop
      vertex 9 1.54336 9.32494
      vertex 3.72259 1.45507 9.47225
      vertex 3.69552 1.53073 9.34601
    endloop
  endfacet
  facet normal -0 -0.857708 -0.514137
    outer loop
      vertex 9 1.54336 9.32494
      vertex 3.69552 1.53073 9.34601
      vertex 3.68954 1.54336 9.32494
    endloop
  endfacet
  facet normal 0 -0.857739 -0.514085
    outer loop
      vertex 3.72259 1.45507 9.47225
      vertex 9 1.54336 9.32494
      vertex 9 1.45507 9.47225
    endloop
  endfacet
  facet normal -0.00166433 -0.85768 -0.51418
    outer loop
      vertex -14.9169 1.54336 9.32494
      vertex -14.9285 1.45507 9.47225
      vertex -14.9278 1.47026 9.44691
    endloop
  endfacet
  facet normal 0 -0.857739 -0.514085
    outer loop
      vertex -14.9285 1.45507 9.47225
      vertex -14.9169 1.54336 9.32494
      vertex -3.72259 1.45507 9.47225
    endloop
  endfacet
  facet normal -1.54341e-07 -0.857745 -0.514076
    outer loop
      vertex -3.72259 1.45507 9.47225
      vertex -14.9169 1.54336 9.32494
      vertex -3.69552 1.53073 9.34601
    endloop
  endfacet
  facet normal 6.03052e-20 -0.857708 -0.514137
    outer loop
      vertex -3.69552 1.53073 9.34601
      vertex -14.9169 1.54336 9.32494
      vertex -3.68954 1.54336 9.32494
    endloop
  endfacet
  facet normal -2.21224e-20 0.67155 -0.740959
    outer loop
      vertex 9 -1.23744 9.73744
      vertex 3.84052 -1.11019 9.85277
      vertex 9 -1.11019 9.85277
    endloop
  endfacet
  facet normal 9.56641e-07 0.671572 -0.74094
    outer loop
      vertex 9 -1.23744 9.73744
      vertex 3.82776 -1.16114 9.80659
      vertex 3.84052 -1.11019 9.85277
    endloop
  endfacet
  facet normal 6.30197e-19 0.671536 -0.740972
    outer loop
      vertex 3.82776 -1.16114 9.80659
      vertex 9 -1.23744 9.73744
      vertex 3.80046 -1.23744 9.73744
    endloop
  endfacet
  facet normal 0 0.671536 -0.740972
    outer loop
      vertex -14.9392 -1.23744 9.73744
      vertex -3.82776 -1.16114 9.80659
      vertex -3.80046 -1.23744 9.73744
    endloop
  endfacet
  facet normal -4.46183e-07 0.671572 -0.74094
    outer loop
      vertex -14.9392 -1.23744 9.73744
      vertex -3.84052 -1.11019 9.85277
      vertex -3.82776 -1.16114 9.80659
    endloop
  endfacet
  facet normal 0 0.67155 -0.740959
    outer loop
      vertex -3.84052 -1.11019 9.85277
      vertex -14.9392 -1.23744 9.73744
      vertex -14.9455 -1.11019 9.85277
    endloop
  endfacet
  facet normal -8.18941e-19 0.903974 -0.427588
    outer loop
      vertex 9 -1.61679 9.1697
      vertex 3.68954 -1.54336 9.32494
      vertex 9 -1.54336 9.32494
    endloop
  endfacet
  facet normal -8.13621e-19 0.903974 -0.427588
    outer loop
      vertex 3.68954 -1.54336 9.32494
      vertex 9 -1.61679 9.1697
      vertex 3.65482 -1.61679 9.1697
    endloop
  endfacet
  facet normal 0 0.903974 -0.427588
    outer loop
      vertex -14.906 -1.61679 9.1697
      vertex -3.68954 -1.54336 9.32494
      vertex -3.65482 -1.61679 9.1697
    endloop
  endfacet
  facet normal 0 0.903974 -0.427588
    outer loop
      vertex -3.68954 -1.54336 9.32494
      vertex -14.906 -1.61679 9.1697
      vertex -14.9169 -1.54336 9.32494
    endloop
  endfacet
  facet normal 7.32329e-19 0.336598 -0.941648
    outer loop
      vertex 9 -0.669696 10.1168
      vertex 3.96354 -0.507998 10.1746
      vertex 9 -0.507998 10.1746
    endloop
  endfacet
  facet normal 7.28858e-19 0.336598 -0.941648
    outer loop
      vertex 3.96354 -0.507998 10.1746
      vertex 9 -0.669696 10.1168
      vertex 3.93956 -0.669696 10.1168
    endloop
  endfacet
  facet normal 0 0.336598 -0.941648
    outer loop
      vertex -14.9671 -0.669696 10.1168
      vertex -3.96354 -0.507998 10.1746
      vertex -3.93956 -0.669696 10.1168
    endloop
  endfacet
  facet normal 0 0.336598 -0.941648
    outer loop
      vertex -3.96354 -0.507998 10.1746
      vertex -14.9671 -0.669696 10.1168
      vertex -14.975 -0.507998 10.1746
    endloop
  endfacet
  facet normal -4.31532e-19 0.857739 -0.514085
    outer loop
      vertex 9 -1.54336 9.32494
      vertex 3.72259 -1.45507 9.47225
      vertex 9 -1.45507 9.47225
    endloop
  endfacet
  facet normal 3.26354e-07 0.857745 -0.514076
    outer loop
      vertex 3.72259 -1.45507 9.47225
      vertex 9 -1.54336 9.32494
      vertex 3.69552 -1.53073 9.34601
    endloop
  endfacet
  facet normal -1.27497e-19 0.857708 -0.514137
    outer loop
      vertex 3.69552 -1.53073 9.34601
      vertex 9 -1.54336 9.32494
      vertex 3.68954 -1.54336 9.32494
    endloop
  endfacet
  facet normal -2.03229e-19 0.857739 -0.514085
    outer loop
      vertex -14.9169 -1.54336 9.32494
      vertex -14.9285 -1.45507 9.47225
      vertex -3.72259 -1.45507 9.47225
    endloop
  endfacet
  facet normal -1.54341e-07 0.857745 -0.514076
    outer loop
      vertex -14.9169 -1.54336 9.32494
      vertex -3.72259 -1.45507 9.47225
      vertex -3.69552 -1.53073 9.34601
    endloop
  endfacet
  facet normal 0 0.857708 -0.514137
    outer loop
      vertex -14.9169 -1.54336 9.32494
      vertex -3.69552 -1.53073 9.34601
      vertex -3.68954 -1.54336 9.32494
    endloop
  endfacet
  facet normal -0.00166433 0.85768 -0.51418
    outer loop
      vertex -14.9285 -1.45507 9.47225
      vertex -14.9169 -1.54336 9.32494
      vertex -14.9278 -1.47026 9.44691
    endloop
  endfacet
  facet normal 0 -0.243371 -0.969933
    outer loop
      vertex 3.98323 0.341408 10.2164
      vertex 9 0.507998 10.1746
      vertex 9 0.341408 10.2164
    endloop
  endfacet
  facet normal -7.22065e-06 -0.243167 -0.969985
    outer loop
      vertex 3.98074 0.392068 10.2037
      vertex 9 0.507998 10.1746
      vertex 3.98323 0.341408 10.2164
    endloop
  endfacet
  facet normal -0 -0.243461 -0.969911
    outer loop
      vertex 9 0.507998 10.1746
      vertex 3.98074 0.392068 10.2037
      vertex 3.96354 0.507998 10.1746
    endloop
  endfacet
  facet normal 1.0445e-19 -0.243461 -0.969911
    outer loop
      vertex -3.98074 0.392068 10.2037
      vertex -14.975 0.507998 10.1746
      vertex -3.96354 0.507998 10.1746
    endloop
  endfacet
  facet normal 3.29851e-06 -0.243166 -0.969985
    outer loop
      vertex -3.98323 0.341408 10.2164
      vertex -14.975 0.507998 10.1746
      vertex -3.98074 0.392068 10.2037
    endloop
  endfacet
  facet normal 5.54168e-21 -0.243371 -0.969933
    outer loop
      vertex -14.975 0.507998 10.1746
      vertex -3.98323 0.341408 10.2164
      vertex -14.9832 0.341408 10.2164
    endloop
  endfacet
  facet normal 0 -0.146736 -0.989176
    outer loop
      vertex 3.99157 0.17153 10.2416
      vertex 9 0.341408 10.2164
      vertex 9 0.17153 10.2416
    endloop
  endfacet
  facet normal -0 -0.146736 -0.989176
    outer loop
      vertex 9 0.341408 10.2164
      vertex 3.99157 0.17153 10.2416
      vertex 3.98323 0.341408 10.2164
    endloop
  endfacet
  facet normal -2.20758e-19 -0.146736 -0.989176
    outer loop
      vertex -3.99157 0.17153 10.2416
      vertex -14.9832 0.341408 10.2164
      vertex -3.98323 0.341408 10.2164
    endloop
  endfacet
  facet normal -2.20756e-19 -0.146736 -0.989176
    outer loop
      vertex -14.9832 0.341408 10.2164
      vertex -3.99157 0.17153 10.2416
      vertex -14.9916 0.17153 10.2416
    endloop
  endfacet
  facet normal -3.53072e-19 -0.941539 0.336904
    outer loop
      vertex 3.65482 1.61679 7.8303
      vertex 9 1.67465 7.992
      vertex 3.62745 1.67465 7.992
    endloop
  endfacet
  facet normal -3.5488e-19 -0.941539 0.336904
    outer loop
      vertex 9 1.67465 7.992
      vertex 3.65482 1.61679 7.8303
      vertex 9 1.61679 7.8303
    endloop
  endfacet
  facet normal 0 -0.941539 0.336904
    outer loop
      vertex -3.65482 1.61679 7.8303
      vertex -14.8975 1.67465 7.992
      vertex -14.906 1.61679 7.8303
    endloop
  endfacet
  facet normal 0 -0.941539 0.336904
    outer loop
      vertex -14.8975 1.67465 7.992
      vertex -3.65482 1.61679 7.8303
      vertex -3.62745 1.67465 7.992
    endloop
  endfacet
  facet normal -4.93511e-19 0.595679 -0.803223
    outer loop
      vertex 9 -1.11019 9.85277
      vertex 3.87508 -0.972247 9.95507
      vertex 9 -0.972247 9.95507
    endloop
  endfacet
  facet normal -4.90206e-19 0.595679 -0.803223
    outer loop
      vertex 3.87508 -0.972247 9.95507
      vertex 9 -1.11019 9.85277
      vertex 3.84052 -1.11019 9.85277
    endloop
  endfacet
  facet normal 0 0.595679 -0.803223
    outer loop
      vertex -14.9455 -1.11019 9.85277
      vertex -3.87508 -0.972247 9.95507
      vertex -3.84052 -1.11019 9.85277
    endloop
  endfacet
  facet normal 0 0.595679 -0.803223
    outer loop
      vertex -3.87508 -0.972247 9.95507
      vertex -14.9455 -1.11019 9.85277
      vertex -14.9522 -0.972247 9.95507
    endloop
  endfacet
  facet normal 4.84848e-19 0.146736 -0.989176
    outer loop
      vertex 9 -0.341408 10.2164
      vertex 3.99157 -0.17153 10.2416
      vertex 9 -0.17153 10.2416
    endloop
  endfacet
  facet normal 4.84042e-19 0.146736 -0.989176
    outer loop
      vertex 3.99157 -0.17153 10.2416
      vertex 9 -0.341408 10.2164
      vertex 3.98323 -0.341408 10.2164
    endloop
  endfacet
  facet normal 0 0.146736 -0.989176
    outer loop
      vertex -14.9832 -0.341408 10.2164
      vertex -3.99157 -0.17153 10.2416
      vertex -3.98323 -0.341408 10.2164
    endloop
  endfacet
  facet normal 0 0.146736 -0.989176
    outer loop
      vertex -3.99157 -0.17153 10.2416
      vertex -14.9832 -0.341408 10.2164
      vertex -14.9916 -0.17153 10.2416
    endloop
  endfacet
  facet normal -0 0.803217 0.595687
    outer loop
      vertex 3.75919 -1.35277 7.38981
      vertex 9 -1.45507 7.52775
      vertex 9 -1.35277 7.38981
    endloop
  endfacet
  facet normal 0 0.803217 0.595687
    outer loop
      vertex 9 -1.45507 7.52775
      vertex 3.75919 -1.35277 7.38981
      vertex 3.72259 -1.45507 7.52775
    endloop
  endfacet
  facet normal -2.19692e-19 0.803217 0.595687
    outer loop
      vertex -3.75919 -1.35277 7.38981
      vertex -14.9285 -1.45507 7.52775
      vertex -3.72259 -1.45507 7.52775
    endloop
  endfacet
  facet normal -2.20313e-19 0.803217 0.595687
    outer loop
      vertex -14.9285 -1.45507 7.52775
      vertex -3.75919 -1.35277 7.38981
      vertex -14.9335 -1.35277 7.38981
    endloop
  endfacet
  facet normal -5.81444e-19 0.740959 -0.67155
    outer loop
      vertex 9 -1.35277 9.61019
      vertex 3.80046 -1.23744 9.73744
      vertex 9 -1.23744 9.73744
    endloop
  endfacet
  facet normal -5.76866e-19 0.740959 -0.67155
    outer loop
      vertex 3.80046 -1.23744 9.73744
      vertex 9 -1.35277 9.61019
      vertex 3.75919 -1.35277 9.61019
    endloop
  endfacet
  facet normal 0 0.740959 -0.67155
    outer loop
      vertex -14.9335 -1.35277 9.61019
      vertex -3.80046 -1.23744 9.73744
      vertex -3.75919 -1.35277 9.61019
    endloop
  endfacet
  facet normal 0 0.740959 -0.67155
    outer loop
      vertex -3.80046 -1.23744 9.73744
      vertex -14.9335 -1.35277 9.61019
      vertex -14.9392 -1.23744 9.73744
    endloop
  endfacet
  facet normal 0 -0.595679 -0.803223
    outer loop
      vertex 3.87508 0.972247 9.95507
      vertex 9 1.11019 9.85277
      vertex 9 0.972247 9.95507
    endloop
  endfacet
  facet normal -0 -0.595679 -0.803223
    outer loop
      vertex 9 1.11019 9.85277
      vertex 3.87508 0.972247 9.95507
      vertex 3.84052 1.11019 9.85277
    endloop
  endfacet
  facet normal 2.27754e-19 -0.595679 -0.803223
    outer loop
      vertex -3.87508 0.972247 9.95507
      vertex -14.9455 1.11019 9.85277
      vertex -3.84052 1.11019 9.85277
    endloop
  endfacet
  facet normal 2.28327e-19 -0.595679 -0.803223
    outer loop
      vertex -14.9455 1.11019 9.85277
      vertex -3.87508 0.972247 9.95507
      vertex -14.9522 0.972247 9.95507
    endloop
  endfacet
  facet normal 0 -0.514274 -0.857626
    outer loop
      vertex 3.91197 0.824944 10.0434
      vertex 9 0.972247 9.95507
      vertex 9 0.824944 10.0434
    endloop
  endfacet
  facet normal -0 -0.514274 -0.857626
    outer loop
      vertex 9 0.972247 9.95507
      vertex 3.91197 0.824944 10.0434
      vertex 3.87508 0.972247 9.95507
    endloop
  endfacet
  facet normal 2.24452e-19 -0.514274 -0.857626
    outer loop
      vertex -3.91197 0.824944 10.0434
      vertex -14.9522 0.972247 9.95507
      vertex -3.87508 0.972247 9.95507
    endloop
  endfacet
  facet normal 2.25053e-19 -0.514274 -0.857626
    outer loop
      vertex -14.9522 0.972247 9.95507
      vertex -3.91197 0.824944 10.0434
      vertex -14.9595 0.824944 10.0434
    endloop
  endfacet
  facet normal 3.70482e-20 0.998795 -0.0490867
    outer loop
      vertex 9 -1.75 8.5
      vertex 3.5958 -1.74157 8.67153
      vertex 9 -1.74157 8.67153
    endloop
  endfacet
  facet normal 3.70209e-20 0.998795 -0.0490867
    outer loop
      vertex 3.5958 -1.74157 8.67153
      vertex 9 -1.75 8.5
      vertex 3.59181 -1.75 8.5
    endloop
  endfacet
  facet normal 0 0.998795 -0.0490867
    outer loop
      vertex -14.8863 -1.75 8.5
      vertex -3.5958 -1.74157 8.67153
      vertex -3.59181 -1.75 8.5
    endloop
  endfacet
  facet normal 0 0.998795 -0.0490867
    outer loop
      vertex -3.5958 -1.74157 8.67153
      vertex -14.8863 -1.75 8.5
      vertex -14.8875 -1.74157 8.67153
    endloop
  endfacet
  facet normal -2.89096e-21 -0.0489124 -0.998803
    outer loop
      vertex -4 0 10.25
      vertex -14.9916 0.17153 10.2416
      vertex -3.99157 0.17153 10.2416
    endloop
  endfacet
  facet normal -2.89097e-21 -0.0489124 -0.998803
    outer loop
      vertex -14.9916 0.17153 10.2416
      vertex -4 0 10.25
      vertex -15 0 10.25
    endloop
  endfacet
  facet normal 0 -0.0489124 -0.998803
    outer loop
      vertex 4 0 10.25
      vertex 9 0.17153 10.2416
      vertex 9 0 10.25
    endloop
  endfacet
  facet normal -0 -0.0489124 -0.998803
    outer loop
      vertex 9 0.17153 10.2416
      vertex 4 0 10.25
      vertex 3.99157 0.17153 10.2416
    endloop
  endfacet
  facet normal -0 0.67155 0.740959
    outer loop
      vertex 3.84052 -1.11019 7.14723
      vertex 9 -1.23744 7.26256
      vertex 9 -1.11019 7.14723
    endloop
  endfacet
  facet normal 9.56641e-07 0.671572 0.74094
    outer loop
      vertex 3.82776 -1.16114 7.19341
      vertex 9 -1.23744 7.26256
      vertex 3.84052 -1.11019 7.14723
    endloop
  endfacet
  facet normal 0 0.671536 0.740972
    outer loop
      vertex 9 -1.23744 7.26256
      vertex 3.82776 -1.16114 7.19341
      vertex 3.80046 -1.23744 7.26256
    endloop
  endfacet
  facet normal -1.9496e-19 0.671536 0.740972
    outer loop
      vertex -3.82776 -1.16114 7.19341
      vertex -14.9392 -1.23744 7.26256
      vertex -3.80046 -1.23744 7.26256
    endloop
  endfacet
  facet normal -4.46183e-07 0.671572 0.74094
    outer loop
      vertex -3.84052 -1.11019 7.14723
      vertex -14.9392 -1.23744 7.26256
      vertex -3.82776 -1.16114 7.19341
    endloop
  endfacet
  facet normal 1.48537e-19 0.67155 0.740959
    outer loop
      vertex -14.9392 -1.23744 7.26256
      vertex -3.84052 -1.11019 7.14723
      vertex -14.9455 -1.11019 7.14723
    endloop
  endfacet
  facet normal -0 0.740959 0.67155
    outer loop
      vertex 3.80046 -1.23744 7.26256
      vertex 9 -1.35277 7.38981
      vertex 9 -1.23744 7.26256
    endloop
  endfacet
  facet normal 0 0.740959 0.67155
    outer loop
      vertex 9 -1.35277 7.38981
      vertex 3.80046 -1.23744 7.26256
      vertex 3.75919 -1.35277 7.38981
    endloop
  endfacet
  facet normal 2.70553e-19 0.740959 0.67155
    outer loop
      vertex -3.80046 -1.23744 7.26256
      vertex -14.9335 -1.35277 7.38981
      vertex -3.75919 -1.35277 7.38981
    endloop
  endfacet
  facet normal 2.71417e-19 0.740959 0.67155
    outer loop
      vertex -14.9335 -1.35277 7.38981
      vertex -3.80046 -1.23744 7.26256
      vertex -14.9392 -1.23744 7.26256
    endloop
  endfacet
  facet normal 1.2201e-19 0.970034 -0.242968
    outer loop
      vertex 14.8476 -2.01061 8.89993
      vertex 9 -1.96173 9.09508
      vertex 14.8549 -1.96173 9.09508
    endloop
  endfacet
  facet normal 1.22163e-19 0.970034 -0.242968
    outer loop
      vertex 9 -1.96173 9.09508
      vertex 14.8476 -2.01061 8.89993
      vertex 9 -2.01061 8.89993
    endloop
  endfacet
  facet normal -3.23042e-19 -0.146735 0.989176
    outer loop
      vertex 9 0.200934 6.45987
      vertex 14.9804 0.399935 6.48939
      vertex 9 0.399935 6.48939
    endloop
  endfacet
  facet normal -3.22519e-19 -0.146735 0.989176
    outer loop
      vertex 14.9804 0.399935 6.48939
      vertex 9 0.200934 6.45987
      vertex 14.9901 0.200934 6.45987
    endloop
  endfacet
  facet normal 1.69861e-19 -0.0490615 0.998796
    outer loop
      vertex 9 0 6.45
      vertex 14.9901 0.200934 6.45987
      vertex 9 0.200934 6.45987
    endloop
  endfacet
  facet normal 1.69581e-19 -0.0490615 0.998796
    outer loop
      vertex 14.9901 0.200934 6.45987
      vertex 9 0 6.45
      vertex 15 0 6.45
    endloop
  endfacet
  facet normal -9.53536e-21 -0.242971 0.970034
    outer loop
      vertex 9 0.399935 6.48939
      vertex 14.9708 0.595083 6.53827
      vertex 9 0.595083 6.53827
    endloop
  endfacet
  facet normal -9.52006e-21 -0.242971 0.970034
    outer loop
      vertex 14.9708 0.595083 6.53827
      vertex 9 0.399935 6.48939
      vertex 14.9804 0.399935 6.48939
    endloop
  endfacet
  facet normal 8.2357e-19 -0.514115 0.857721
    outer loop
      vertex 9 0.966363 6.69206
      vertex 14.944 1.13892 6.79549
      vertex 9 1.13892 6.79549
    endloop
  endfacet
  facet normal 8.22394e-19 -0.514115 0.857721
    outer loop
      vertex 14.944 1.13892 6.79549
      vertex 9 0.966363 6.69206
      vertex 14.9525 0.966363 6.69206
    endloop
  endfacet
  facet normal -1.39775e-19 0.243064 -0.97001
    outer loop
      vertex 9 -0.399935 10.5106
      vertex 14.9708 -0.595083 10.4617
      vertex 9 -0.595083 10.4617
    endloop
  endfacet
  facet normal -1.3955e-19 0.243064 -0.97001
    outer loop
      vertex 14.9708 -0.595083 10.4617
      vertex 9 -0.399935 10.5106
      vertex 14.9804 -0.399935 10.5106
    endloop
  endfacet
  facet normal -0 0.146735 0.989176
    outer loop
      vertex 9 -0.200934 6.45987
      vertex 14.9804 -0.399935 6.48939
      vertex 14.9901 -0.200934 6.45987
    endloop
  endfacet
  facet normal 0 0.146735 0.989176
    outer loop
      vertex 14.9804 -0.399935 6.48939
      vertex 9 -0.200934 6.45987
      vertex 9 -0.399935 6.48939
    endloop
  endfacet
  facet normal 1.06697e-19 0.146638 -0.98919
    outer loop
      vertex 9 -0.200934 10.5401
      vertex 14.9804 -0.399935 10.5106
      vertex 9 -0.399935 10.5106
    endloop
  endfacet
  facet normal 1.06524e-19 0.146638 -0.98919
    outer loop
      vertex 14.9804 -0.399935 10.5106
      vertex 9 -0.200934 10.5401
      vertex 14.9901 -0.200934 10.5401
    endloop
  endfacet
  facet normal 1.37138e-18 -0.740951 0.671559
    outer loop
      vertex 9 1.44957 7.05043
      vertex 14.9108 1.58467 7.19949
      vertex 9 1.58467 7.19949
    endloop
  endfacet
  facet normal 0 -0.740951 0.671559
    outer loop
      vertex 14.9288 1.44957 7.05043
      vertex 14.9108 1.58467 7.19949
      vertex 9 1.44957 7.05043
    endloop
  endfacet
  facet normal -0.000796797 -0.740999 0.671506
    outer loop
      vertex 14.9108 1.58467 7.19949
      vertex 14.9288 1.44957 7.05043
      vertex 14.9278 1.47026 7.07326
    endloop
  endfacet
  facet normal -0 0.0490615 0.998796
    outer loop
      vertex 9 0 6.45
      vertex 14.9901 -0.200934 6.45987
      vertex 15 0 6.45
    endloop
  endfacet
  facet normal 0 0.0490615 0.998796
    outer loop
      vertex 14.9901 -0.200934 6.45987
      vertex 9 0 6.45
      vertex 9 -0.200934 6.45987
    endloop
  endfacet
  facet normal -4.58152e-19 -0.671559 0.740951
    outer loop
      vertex 9 1.30051 6.91533
      vertex 14.9288 1.44957 7.05043
      vertex 9 1.44957 7.05043
    endloop
  endfacet
  facet normal -4.57588e-19 -0.671559 0.740951
    outer loop
      vertex 14.9288 1.44957 7.05043
      vertex 9 1.30051 6.91533
      vertex 14.9361 1.30051 6.91533
    endloop
  endfacet
  facet normal -1.61783e-19 -0.740951 -0.671559
    outer loop
      vertex 14.9108 1.58467 9.80051
      vertex 14.9288 1.44957 9.94957
      vertex 9 1.44957 9.94957
    endloop
  endfacet
  facet normal -0 -0.740951 -0.671559
    outer loop
      vertex 14.9108 1.58467 9.80051
      vertex 9 1.44957 9.94957
      vertex 9 1.58467 9.80051
    endloop
  endfacet
  facet normal -0.000796797 -0.740999 -0.671506
    outer loop
      vertex 14.9288 1.44957 9.94957
      vertex 14.9108 1.58467 9.80051
      vertex 14.9278 1.47026 9.92674
    endloop
  endfacet
  facet normal 9.0135e-19 -0.857725 0.514108
    outer loop
      vertex 9 1.70451 7.36108
      vertex 14.8777 1.80794 7.53364
      vertex 9 1.80794 7.53364
    endloop
  endfacet
  facet normal 8.99009e-19 -0.857725 0.514108
    outer loop
      vertex 14.8777 1.80794 7.53364
      vertex 9 1.70451 7.36108
      vertex 14.893 1.70451 7.36108
    endloop
  endfacet
  facet normal 1.7014e-19 -0.998796 -0.0490624
    outer loop
      vertex 9 2.05 8.5
      vertex 14.8432 2.04013 8.70093
      vertex 9 2.04013 8.70093
    endloop
  endfacet
  facet normal 1.7018e-19 -0.998796 -0.0490624
    outer loop
      vertex 14.8432 2.04013 8.70093
      vertex 9 2.05 8.5
      vertex 14.8418 2.05 8.5
    endloop
  endfacet
  facet normal 1 0 0
    outer loop
      vertex 9 1.75 8.5
      vertex 9 2.05 8.5
      vertex 9 2.04013 8.70093
    endloop
  endfacet
  facet normal 1 0 0
    outer loop
      vertex 9 1.74157 8.67153
      vertex 9 2.04013 8.70093
      vertex 9 2.01061 8.89993
    endloop
  endfacet
  facet normal 1 0 0
    outer loop
      vertex 9 2.05 8.5
      vertex 9 1.75 8.5
      vertex 9 2.04013 8.29907
    endloop
  endfacet
  facet normal 1 0 0
    outer loop
      vertex 9 1.71637 8.84141
      vertex 9 2.01061 8.89993
      vertex 9 1.96173 9.09508
    endloop
  endfacet
  facet normal 1 -0 0
    outer loop
      vertex 9 1.74157 8.32847
      vertex 9 2.04013 8.29907
      vertex 9 1.75 8.5
    endloop
  endfacet
  facet normal 1 0 0
    outer loop
      vertex 9 1.67465 9.008
      vertex 9 1.96173 9.09508
      vertex 9 1.89395 9.2845
    endloop
  endfacet
  facet normal 1 0 0
    outer loop
      vertex 9 2.04013 8.29907
      vertex 9 1.74157 8.32847
      vertex 9 2.01061 8.10007
    endloop
  endfacet
  facet normal 1 0 0
    outer loop
      vertex 9 1.61679 9.1697
      vertex 9 1.89395 9.2845
      vertex 9 1.80794 9.46636
    endloop
  endfacet
  facet normal 1 -0 0
    outer loop
      vertex 9 1.71637 8.15859
      vertex 9 2.01061 8.10007
      vertex 9 1.74157 8.32847
    endloop
  endfacet
  facet normal 1 0 0
    outer loop
      vertex 9 2.01061 8.10007
      vertex 9 1.71637 8.15859
      vertex 9 1.96173 7.90492
    endloop
  endfacet
  facet normal 1 0 0
    outer loop
      vertex 9 2.04013 8.70093
      vertex 9 1.74157 8.67153
      vertex 9 1.75 8.5
    endloop
  endfacet
  facet normal 1 0 0
    outer loop
      vertex 9 2.01061 8.89993
      vertex 9 1.71637 8.84141
      vertex 9 1.74157 8.67153
    endloop
  endfacet
  facet normal 1 0 0
    outer loop
      vertex 9 1.54336 9.32494
      vertex 9 1.80794 9.46636
      vertex 9 1.70451 9.63892
    endloop
  endfacet
  facet normal 1 0 0
    outer loop
      vertex 9 1.96173 9.09508
      vertex 9 1.67465 9.008
      vertex 9 1.71637 8.84141
    endloop
  endfacet
  facet normal 1 0 0
    outer loop
      vertex 9 1.89395 9.2845
      vertex 9 1.61679 9.1697
      vertex 9 1.67465 9.008
    endloop
  endfacet
  facet normal 1 0 0
    outer loop
      vertex 9 1.45507 9.47225
      vertex 9 1.70451 9.63892
      vertex 9 1.58467 9.80051
    endloop
  endfacet
  facet normal 1 0 0
    outer loop
      vertex 9 1.80794 9.46636
      vertex 9 1.54336 9.32494
      vertex 9 1.61679 9.1697
    endloop
  endfacet
  facet normal 1 0 0
    outer loop
      vertex 9 1.70451 9.63892
      vertex 9 1.45507 9.47225
      vertex 9 1.54336 9.32494
    endloop
  endfacet
  facet normal 1 0 0
    outer loop
      vertex 9 1.35277 9.61019
      vertex 9 1.58467 9.80051
      vertex 9 1.44957 9.94957
    endloop
  endfacet
  facet normal 1 0 0
    outer loop
      vertex 9 1.58467 9.80051
      vertex 9 1.35277 9.61019
      vertex 9 1.45507 9.47225
    endloop
  endfacet
  facet normal 1 0 0
    outer loop
      vertex 9 1.23744 9.73744
      vertex 9 1.44957 9.94957
      vertex 9 1.30051 10.0847
    endloop
  endfacet
  facet normal 1 0 0
    outer loop
      vertex 9 1.44957 9.94957
      vertex 9 1.23744 9.73744
      vertex 9 1.35277 9.61019
    endloop
  endfacet
  facet normal 1 0 0
    outer loop
      vertex 9 1.11019 9.85277
      vertex 9 1.30051 10.0847
      vertex 9 1.13892 10.2045
    endloop
  endfacet
  facet normal 1 0 0
    outer loop
      vertex 9 1.30051 10.0847
      vertex 9 1.11019 9.85277
      vertex 9 1.23744 9.73744
    endloop
  endfacet
  facet normal 1 0 0
    outer loop
      vertex 9 1.13892 10.2045
      vertex 9 0.972247 9.95507
      vertex 9 1.11019 9.85277
    endloop
  endfacet
  facet normal 1 0 0
    outer loop
      vertex 9 0.966363 10.3079
      vertex 9 0.972247 9.95507
      vertex 9 1.13892 10.2045
    endloop
  endfacet
  facet normal 1 0 0
    outer loop
      vertex 9 0.966363 10.3079
      vertex 9 0.824944 10.0434
      vertex 9 0.972247 9.95507
    endloop
  endfacet
  facet normal 1 0 0
    outer loop
      vertex 9 0.7845 10.394
      vertex 9 0.824944 10.0434
      vertex 9 0.966363 10.3079
    endloop
  endfacet
  facet normal 1 0 0
    outer loop
      vertex 9 0.7845 10.394
      vertex 9 0.669696 10.1168
      vertex 9 0.824944 10.0434
    endloop
  endfacet
  facet normal 1 0 0
    outer loop
      vertex 9 0.595083 10.4617
      vertex 9 0.669696 10.1168
      vertex 9 0.7845 10.394
    endloop
  endfacet
  facet normal 1 0 0
    outer loop
      vertex 9 0.595083 10.4617
      vertex 9 0.507998 10.1746
      vertex 9 0.669696 10.1168
    endloop
  endfacet
  facet normal 1 0 0
    outer loop
      vertex 9 0.399935 10.5106
      vertex 9 0.507998 10.1746
      vertex 9 0.595083 10.4617
    endloop
  endfacet
  facet normal 1 0 0
    outer loop
      vertex 9 0.399935 10.5106
      vertex 9 0.341408 10.2164
      vertex 9 0.507998 10.1746
    endloop
  endfacet
  facet normal 1 0 0
    outer loop
      vertex 9 0.200934 10.5401
      vertex 9 0.341408 10.2164
      vertex 9 0.399935 10.5106
    endloop
  endfacet
  facet normal 1 0 0
    outer loop
      vertex 9 0.200934 10.5401
      vertex 9 0.17153 10.2416
      vertex 9 0.341408 10.2164
    endloop
  endfacet
  facet normal 1 0 0
    outer loop
      vertex 9 0 10.55
      vertex 9 0.17153 10.2416
      vertex 9 0.200934 10.5401
    endloop
  endfacet
  facet normal 1 0 0
    outer loop
      vertex 9 0 10.55
      vertex 9 0 10.25
      vertex 9 0.17153 10.2416
    endloop
  endfacet
  facet normal 1 0 0
    outer loop
      vertex 9 0 10.55
      vertex 9 -0.17153 10.2416
      vertex 9 0 10.25
    endloop
  endfacet
  facet normal 1 -0 0
    outer loop
      vertex 9 -0.200934 10.5401
      vertex 9 -0.17153 10.2416
      vertex 9 0 10.55
    endloop
  endfacet
  facet normal 1 0 0
    outer loop
      vertex 9 -0.200934 10.5401
      vertex 9 -0.341408 10.2164
      vertex 9 -0.17153 10.2416
    endloop
  endfacet
  facet normal 1 -0 0
    outer loop
      vertex 9 -0.399935 10.5106
      vertex 9 -0.341408 10.2164
      vertex 9 -0.200934 10.5401
    endloop
  endfacet
  facet normal 1 0 0
    outer loop
      vertex 9 -0.399935 10.5106
      vertex 9 -0.507998 10.1746
      vertex 9 -0.341408 10.2164
    endloop
  endfacet
  facet normal 1 -0 0
    outer loop
      vertex 9 -0.595083 10.4617
      vertex 9 -0.507998 10.1746
      vertex 9 -0.399935 10.5106
    endloop
  endfacet
  facet normal 1 0 0
    outer loop
      vertex 9 -0.595083 10.4617
      vertex 9 -0.669696 10.1168
      vertex 9 -0.507998 10.1746
    endloop
  endfacet
  facet normal 1 -0 0
    outer loop
      vertex 9 -0.7845 10.394
      vertex 9 -0.669696 10.1168
      vertex 9 -0.595083 10.4617
    endloop
  endfacet
  facet normal 1 0 0
    outer loop
      vertex 9 -0.7845 10.394
      vertex 9 -0.824944 10.0434
      vertex 9 -0.669696 10.1168
    endloop
  endfacet
  facet normal 1 -0 0
    outer loop
      vertex 9 -0.966363 10.3079
      vertex 9 -0.824944 10.0434
      vertex 9 -0.7845 10.394
    endloop
  endfacet
  facet normal 1 0 0
    outer loop
      vertex 9 -0.966363 10.3079
      vertex 9 -0.972247 9.95507
      vertex 9 -0.824944 10.0434
    endloop
  endfacet
  facet normal 1 -0 0
    outer loop
      vertex 9 -1.13892 10.2045
      vertex 9 -0.972247 9.95507
      vertex 9 -0.966363 10.3079
    endloop
  endfacet
  facet normal 1 0 0
    outer loop
      vertex 9 -0.972247 9.95507
      vertex 9 -1.13892 10.2045
      vertex 9 -1.11019 9.85277
    endloop
  endfacet
  facet normal 1 -0 0
    outer loop
      vertex 9 -1.30051 10.0847
      vertex 9 -1.11019 9.85277
      vertex 9 -1.13892 10.2045
    endloop
  endfacet
  facet normal 1 0 0
    outer loop
      vertex 9 -1.11019 9.85277
      vertex 9 -1.30051 10.0847
      vertex 9 -1.23744 9.73744
    endloop
  endfacet
  facet normal 1 -0 0
    outer loop
      vertex 9 -1.44957 9.94957
      vertex 9 -1.23744 9.73744
      vertex 9 -1.30051 10.0847
    endloop
  endfacet
  facet normal 1 0 0
    outer loop
      vertex 9 -1.23744 9.73744
      vertex 9 -1.44957 9.94957
      vertex 9 -1.35277 9.61019
    endloop
  endfacet
  facet normal 1 -0 0
    outer loop
      vertex 9 -1.58467 9.80051
      vertex 9 -1.35277 9.61019
      vertex 9 -1.44957 9.94957
    endloop
  endfacet
  facet normal 1 0 0
    outer loop
      vertex 9 -1.35277 9.61019
      vertex 9 -1.58467 9.80051
      vertex 9 -1.45507 9.47225
    endloop
  endfacet
  facet normal 1 -0 0
    outer loop
      vertex 9 -1.70451 9.63892
      vertex 9 -1.45507 9.47225
      vertex 9 -1.58467 9.80051
    endloop
  endfacet
  facet normal 1 0 0
    outer loop
      vertex 9 -1.45507 9.47225
      vertex 9 -1.70451 9.63892
      vertex 9 -1.54336 9.32494
    endloop
  endfacet
  facet normal 1 -0 0
    outer loop
      vertex 9 -1.80794 9.46636
      vertex 9 -1.54336 9.32494
      vertex 9 -1.70451 9.63892
    endloop
  endfacet
  facet normal 1 0 0
    outer loop
      vertex 9 -1.54336 9.32494
      vertex 9 -1.80794 9.46636
      vertex 9 -1.61679 9.1697
    endloop
  endfacet
  facet normal 1 -0 0
    outer loop
      vertex 9 -1.89395 9.2845
      vertex 9 -1.61679 9.1697
      vertex 9 -1.80794 9.46636
    endloop
  endfacet
  facet normal 1 0 0
    outer loop
      vertex 9 -1.61679 9.1697
      vertex 9 -1.89395 9.2845
      vertex 9 -1.67465 9.008
    endloop
  endfacet
  facet normal 1 -0 0
    outer loop
      vertex 9 -1.96173 9.09508
      vertex 9 -1.67465 9.008
      vertex 9 -1.89395 9.2845
    endloop
  endfacet
  facet normal 1 0 0
    outer loop
      vertex 9 -1.67465 9.008
      vertex 9 -1.96173 9.09508
      vertex 9 -1.71637 8.84141
    endloop
  endfacet
  facet normal 1 -0 0
    outer loop
      vertex 9 1.67465 7.992
      vertex 9 1.96173 7.90492
      vertex 9 1.71637 8.15859
    endloop
  endfacet
  facet normal 1 0 0
    outer loop
      vertex 9 1.96173 7.90492
      vertex 9 1.67465 7.992
      vertex 9 1.89395 7.7155
    endloop
  endfacet
  facet normal 1 -0 0
    outer loop
      vertex 9 1.61679 7.8303
      vertex 9 1.89395 7.7155
      vertex 9 1.67465 7.992
    endloop
  endfacet
  facet normal 1 0 0
    outer loop
      vertex 9 1.89395 7.7155
      vertex 9 1.61679 7.8303
      vertex 9 1.80794 7.53364
    endloop
  endfacet
  facet normal 1 -0 0
    outer loop
      vertex 9 1.54336 7.67506
      vertex 9 1.80794 7.53364
      vertex 9 1.61679 7.8303
    endloop
  endfacet
  facet normal 1 0 0
    outer loop
      vertex 9 1.80794 7.53364
      vertex 9 1.54336 7.67506
      vertex 9 1.70451 7.36108
    endloop
  endfacet
  facet normal 1 -0 0
    outer loop
      vertex 9 1.45507 7.52775
      vertex 9 1.70451 7.36108
      vertex 9 1.54336 7.67506
    endloop
  endfacet
  facet normal 1 0 0
    outer loop
      vertex 9 1.70451 7.36108
      vertex 9 1.45507 7.52775
      vertex 9 1.58467 7.19949
    endloop
  endfacet
  facet normal 1 -0 0
    outer loop
      vertex 9 1.35277 7.38981
      vertex 9 1.58467 7.19949
      vertex 9 1.45507 7.52775
    endloop
  endfacet
  facet normal 1 0 0
    outer loop
      vertex 9 1.58467 7.19949
      vertex 9 1.35277 7.38981
      vertex 9 1.44957 7.05043
    endloop
  endfacet
  facet normal 1 -0 0
    outer loop
      vertex 9 1.23744 7.26256
      vertex 9 1.44957 7.05043
      vertex 9 1.35277 7.38981
    endloop
  endfacet
  facet normal 1 0 0
    outer loop
      vertex 9 1.44957 7.05043
      vertex 9 1.23744 7.26256
      vertex 9 1.30051 6.91533
    endloop
  endfacet
  facet normal 1 -0 0
    outer loop
      vertex 9 1.11019 7.14723
      vertex 9 1.30051 6.91533
      vertex 9 1.23744 7.26256
    endloop
  endfacet
  facet normal 1 0 0
    outer loop
      vertex 9 1.30051 6.91533
      vertex 9 1.11019 7.14723
      vertex 9 1.13892 6.79549
    endloop
  endfacet
  facet normal 1 -0 0
    outer loop
      vertex 9 0.972247 7.04493
      vertex 9 1.13892 6.79549
      vertex 9 1.11019 7.14723
    endloop
  endfacet
  facet normal 1 0 0
    outer loop
      vertex 9 0.972247 7.04493
      vertex 9 0.966363 6.69206
      vertex 9 1.13892 6.79549
    endloop
  endfacet
  facet normal 1 -0 0
    outer loop
      vertex 9 0.824944 6.95664
      vertex 9 0.966363 6.69206
      vertex 9 0.972247 7.04493
    endloop
  endfacet
  facet normal 1 0 0
    outer loop
      vertex 9 0.824944 6.95664
      vertex 9 0.7845 6.60605
      vertex 9 0.966363 6.69206
    endloop
  endfacet
  facet normal 1 -0 0
    outer loop
      vertex 9 0.669696 6.88321
      vertex 9 0.7845 6.60605
      vertex 9 0.824944 6.95664
    endloop
  endfacet
  facet normal 1 0 0
    outer loop
      vertex 9 0.669696 6.88321
      vertex 9 0.595083 6.53827
      vertex 9 0.7845 6.60605
    endloop
  endfacet
  facet normal 1 -0 0
    outer loop
      vertex 9 0.507998 6.82535
      vertex 9 0.595083 6.53827
      vertex 9 0.669696 6.88321
    endloop
  endfacet
  facet normal 1 0 0
    outer loop
      vertex 9 0.507998 6.82535
      vertex 9 0.399935 6.48939
      vertex 9 0.595083 6.53827
    endloop
  endfacet
  facet normal 1 -0 0
    outer loop
      vertex 9 0.341408 6.78363
      vertex 9 0.399935 6.48939
      vertex 9 0.507998 6.82535
    endloop
  endfacet
  facet normal 1 0 0
    outer loop
      vertex 9 0.341408 6.78363
      vertex 9 0.200934 6.45987
      vertex 9 0.399935 6.48939
    endloop
  endfacet
  facet normal 1 -0 0
    outer loop
      vertex 9 0.17153 6.75843
      vertex 9 0.200934 6.45987
      vertex 9 0.341408 6.78363
    endloop
  endfacet
  facet normal 1 -0 0
    outer loop
      vertex 9 0 6.75
      vertex 9 0.200934 6.45987
      vertex 9 0.17153 6.75843
    endloop
  endfacet
  facet normal 1 0 0
    outer loop
      vertex 9 0 6.75
      vertex 9 0 6.45
      vertex 9 0.200934 6.45987
    endloop
  endfacet
  facet normal 1 0 0
    outer loop
      vertex 9 -0.17153 6.75843
      vertex 9 0 6.45
      vertex 9 0 6.75
    endloop
  endfacet
  facet normal 1 0 0
    outer loop
      vertex 9 -0.17153 6.75843
      vertex 9 -0.200934 6.45987
      vertex 9 0 6.45
    endloop
  endfacet
  facet normal 1 0 0
    outer loop
      vertex 9 -0.341408 6.78363
      vertex 9 -0.200934 6.45987
      vertex 9 -0.17153 6.75843
    endloop
  endfacet
  facet normal 1 0 0
    outer loop
      vertex 9 -0.341408 6.78363
      vertex 9 -0.399935 6.48939
      vertex 9 -0.200934 6.45987
    endloop
  endfacet
  facet normal 1 0 0
    outer loop
      vertex 9 -0.507998 6.82535
      vertex 9 -0.399935 6.48939
      vertex 9 -0.341408 6.78363
    endloop
  endfacet
  facet normal 1 0 0
    outer loop
      vertex 9 -0.507998 6.82535
      vertex 9 -0.595083 6.53827
      vertex 9 -0.399935 6.48939
    endloop
  endfacet
  facet normal 1 0 0
    outer loop
      vertex 9 -0.669696 6.88321
      vertex 9 -0.595083 6.53827
      vertex 9 -0.507998 6.82535
    endloop
  endfacet
  facet normal 1 0 0
    outer loop
      vertex 9 -0.669696 6.88321
      vertex 9 -0.7845 6.60605
      vertex 9 -0.595083 6.53827
    endloop
  endfacet
  facet normal 1 0 0
    outer loop
      vertex 9 -0.824944 6.95664
      vertex 9 -0.7845 6.60605
      vertex 9 -0.669696 6.88321
    endloop
  endfacet
  facet normal 1 0 0
    outer loop
      vertex 9 -0.824944 6.95664
      vertex 9 -0.966363 6.69206
      vertex 9 -0.7845 6.60605
    endloop
  endfacet
  facet normal 1 0 0
    outer loop
      vertex 9 -0.972247 7.04493
      vertex 9 -0.966363 6.69206
      vertex 9 -0.824944 6.95664
    endloop
  endfacet
  facet normal 1 0 0
    outer loop
      vertex 9 -1.13892 6.79549
      vertex 9 -0.972247 7.04493
      vertex 9 -1.11019 7.14723
    endloop
  endfacet
  facet normal 1 0 0
    outer loop
      vertex 9 -0.972247 7.04493
      vertex 9 -1.13892 6.79549
      vertex 9 -0.966363 6.69206
    endloop
  endfacet
  facet normal 1 0 0
    outer loop
      vertex 9 -1.30051 6.91533
      vertex 9 -1.11019 7.14723
      vertex 9 -1.23744 7.26256
    endloop
  endfacet
  facet normal 1 0 0
    outer loop
      vertex 9 -1.11019 7.14723
      vertex 9 -1.30051 6.91533
      vertex 9 -1.13892 6.79549
    endloop
  endfacet
  facet normal 1 0 0
    outer loop
      vertex 9 -1.44957 7.05043
      vertex 9 -1.23744 7.26256
      vertex 9 -1.35277 7.38981
    endloop
  endfacet
  facet normal 1 0 0
    outer loop
      vertex 9 -1.23744 7.26256
      vertex 9 -1.44957 7.05043
      vertex 9 -1.30051 6.91533
    endloop
  endfacet
  facet normal 1 0 0
    outer loop
      vertex 9 -1.58467 7.19949
      vertex 9 -1.35277 7.38981
      vertex 9 -1.45507 7.52775
    endloop
  endfacet
  facet normal 1 0 0
    outer loop
      vertex 9 -1.70451 7.36108
      vertex 9 -1.45507 7.52775
      vertex 9 -1.54336 7.67506
    endloop
  endfacet
  facet normal 1 0 0
    outer loop
      vertex 9 -1.35277 7.38981
      vertex 9 -1.58467 7.19949
      vertex 9 -1.44957 7.05043
    endloop
  endfacet
  facet normal 1 0 0
    outer loop
      vertex 9 -1.80794 7.53364
      vertex 9 -1.54336 7.67506
      vertex 9 -1.61679 7.8303
    endloop
  endfacet
  facet normal 1 0 0
    outer loop
      vertex 9 -1.89395 7.7155
      vertex 9 -1.61679 7.8303
      vertex 9 -1.67465 7.992
    endloop
  endfacet
  facet normal 1 0 0
    outer loop
      vertex 9 -1.45507 7.52775
      vertex 9 -1.70451 7.36108
      vertex 9 -1.58467 7.19949
    endloop
  endfacet
  facet normal 1 0 0
    outer loop
      vertex 9 -1.96173 7.90492
      vertex 9 -1.67465 7.992
      vertex 9 -1.71637 8.15859
    endloop
  endfacet
  facet normal 1 0 0
    outer loop
      vertex 9 -2.01061 8.10007
      vertex 9 -1.71637 8.15859
      vertex 9 -1.74157 8.32847
    endloop
  endfacet
  facet normal 1 0 0
    outer loop
      vertex 9 -2.04013 8.29907
      vertex 9 -1.74157 8.32847
      vertex 9 -1.75 8.5
    endloop
  endfacet
  facet normal 1 -0 0
    outer loop
      vertex 9 -2.01061 8.89993
      vertex 9 -1.71637 8.84141
      vertex 9 -1.96173 9.09508
    endloop
  endfacet
  facet normal 1 0 0
    outer loop
      vertex 9 -1.54336 7.67506
      vertex 9 -1.80794 7.53364
      vertex 9 -1.70451 7.36108
    endloop
  endfacet
  facet normal 1 0 0
    outer loop
      vertex 9 -1.71637 8.84141
      vertex 9 -2.01061 8.89993
      vertex 9 -1.74157 8.67153
    endloop
  endfacet
  facet normal 1 0 0
    outer loop
      vertex 9 -1.61679 7.8303
      vertex 9 -1.89395 7.7155
      vertex 9 -1.80794 7.53364
    endloop
  endfacet
  facet normal 1 -0 0
    outer loop
      vertex 9 -2.04013 8.70093
      vertex 9 -1.74157 8.67153
      vertex 9 -2.01061 8.89993
    endloop
  endfacet
  facet normal 1 0 0
    outer loop
      vertex 9 -1.67465 7.992
      vertex 9 -1.96173 7.90492
      vertex 9 -1.89395 7.7155
    endloop
  endfacet
  facet normal 1 0 0
    outer loop
      vertex 9 -1.74157 8.67153
      vertex 9 -2.04013 8.70093
      vertex 9 -1.75 8.5
    endloop
  endfacet
  facet normal 1 0 0
    outer loop
      vertex 9 -1.71637 8.15859
      vertex 9 -2.01061 8.10007
      vertex 9 -1.96173 7.90492
    endloop
  endfacet
  facet normal 1 0 0
    outer loop
      vertex 9 -2.05 8.5
      vertex 9 -1.75 8.5
      vertex 9 -2.04013 8.70093
    endloop
  endfacet
  facet normal 1 0 0
    outer loop
      vertex 9 -1.74157 8.32847
      vertex 9 -2.04013 8.29907
      vertex 9 -2.01061 8.10007
    endloop
  endfacet
  facet normal 1 0 0
    outer loop
      vertex 9 -1.75 8.5
      vertex 9 -2.05 8.5
      vertex 9 -2.04013 8.29907
    endloop
  endfacet
  facet normal 0 -0.336562 -0.941661
    outer loop
      vertex 9 0.595083 10.4617
      vertex 14.9615 0.7845 10.394
      vertex 14.9708 0.595083 10.4617
    endloop
  endfacet
  facet normal -0 -0.336562 -0.941661
    outer loop
      vertex 14.9615 0.7845 10.394
      vertex 9 0.595083 10.4617
      vertex 9 0.7845 10.394
    endloop
  endfacet
  facet normal 0 -0.243064 -0.97001
    outer loop
      vertex 9 0.399935 10.5106
      vertex 14.9708 0.595083 10.4617
      vertex 14.9804 0.399935 10.5106
    endloop
  endfacet
  facet normal -0 -0.243064 -0.97001
    outer loop
      vertex 14.9708 0.595083 10.4617
      vertex 9 0.399935 10.5106
      vertex 9 0.595083 10.4617
    endloop
  endfacet
  facet normal -1.7014e-19 0.998796 -0.0490624
    outer loop
      vertex 14.8418 -2.05 8.5
      vertex 9 -2.04013 8.70093
      vertex 14.8432 -2.04013 8.70093
    endloop
  endfacet
  facet normal -1.7018e-19 0.998796 -0.0490624
    outer loop
      vertex 9 -2.04013 8.70093
      vertex 14.8418 -2.05 8.5
      vertex 9 -2.05 8.5
    endloop
  endfacet
  facet normal -9.38341e-19 -0.803215 0.595689
    outer loop
      vertex 9 1.58467 7.19949
      vertex 14.893 1.70451 7.36108
      vertex 9 1.70451 7.36108
    endloop
  endfacet
  facet normal -9.35515e-19 -0.803215 0.595689
    outer loop
      vertex 14.893 1.70451 7.36108
      vertex 9 1.58467 7.19949
      vertex 14.9108 1.58467 7.19949
    endloop
  endfacet
  facet normal -1.36938e-19 0.0492102 -0.998788
    outer loop
      vertex 9 0 10.55
      vertex 14.9901 -0.200934 10.5401
      vertex 9 -0.200934 10.5401
    endloop
  endfacet
  facet normal -1.36712e-19 0.0492102 -0.998788
    outer loop
      vertex 14.9901 -0.200934 10.5401
      vertex 9 0 10.55
      vertex 15 0 10.55
    endloop
  endfacet
  facet normal -0 0.857725 0.514108
    outer loop
      vertex 9 -1.70451 7.36108
      vertex 14.8777 -1.80794 7.53364
      vertex 14.893 -1.70451 7.36108
    endloop
  endfacet
  facet normal 0 0.857725 0.514108
    outer loop
      vertex 14.8777 -1.80794 7.53364
      vertex 9 -1.70451 7.36108
      vertex 9 -1.80794 7.53364
    endloop
  endfacet
  facet normal -0 0.336914 0.941535
    outer loop
      vertex 9 -0.595083 6.53827
      vertex 14.9615 -0.7845 6.60605
      vertex 14.9708 -0.595083 6.53827
    endloop
  endfacet
  facet normal 0 0.336914 0.941535
    outer loop
      vertex 14.9615 -0.7845 6.60605
      vertex 9 -0.595083 6.53827
      vertex 9 -0.7845 6.60605
    endloop
  endfacet
  facet normal 7.48133e-19 -0.427536 0.903999
    outer loop
      vertex 9 0.7845 6.60605
      vertex 14.9525 0.966363 6.69206
      vertex 9 0.966363 6.69206
    endloop
  endfacet
  facet normal 7.47004e-19 -0.427536 0.903999
    outer loop
      vertex 14.9525 0.966363 6.69206
      vertex 9 0.7845 6.60605
      vertex 14.9615 0.7845 6.60605
    endloop
  endfacet
  facet normal -1.7018e-19 -0.998796 0.0490624
    outer loop
      vertex 9 2.04013 8.29907
      vertex 14.8418 2.05 8.5
      vertex 9 2.05 8.5
    endloop
  endfacet
  facet normal -1.7014e-19 -0.998796 0.0490624
    outer loop
      vertex 14.8418 2.05 8.5
      vertex 9 2.04013 8.29907
      vertex 14.8432 2.04013 8.29907
    endloop
  endfacet
  facet normal -0 -0.970034 -0.242968
    outer loop
      vertex 14.8476 2.01061 8.89993
      vertex 9 1.96173 9.09508
      vertex 9 2.01061 8.89993
    endloop
  endfacet
  facet normal 0 -0.970034 -0.242968
    outer loop
      vertex 9 1.96173 9.09508
      vertex 14.8476 2.01061 8.89993
      vertex 14.8549 1.96173 9.09508
    endloop
  endfacet
  facet normal -0 -0.803215 -0.595689
    outer loop
      vertex 14.893 1.70451 9.63892
      vertex 9 1.58467 9.80051
      vertex 9 1.70451 9.63892
    endloop
  endfacet
  facet normal 0 -0.803215 -0.595689
    outer loop
      vertex 9 1.58467 9.80051
      vertex 14.893 1.70451 9.63892
      vertex 14.9108 1.58467 9.80051
    endloop
  endfacet
  facet normal -0 0.514115 0.857721
    outer loop
      vertex 9 -0.966363 6.69206
      vertex 14.944 -1.13892 6.79549
      vertex 14.9525 -0.966363 6.69206
    endloop
  endfacet
  facet normal 0 0.514115 0.857721
    outer loop
      vertex 14.944 -1.13892 6.79549
      vertex 9 -0.966363 6.69206
      vertex 9 -1.13892 6.79549
    endloop
  endfacet
  facet normal -5.27968e-19 0.336562 -0.941661
    outer loop
      vertex 9 -0.595083 10.4617
      vertex 14.9615 -0.7845 10.394
      vertex 9 -0.7845 10.394
    endloop
  endfacet
  facet normal -5.27145e-19 0.336562 -0.941661
    outer loop
      vertex 14.9615 -0.7845 10.394
      vertex 9 -0.595083 10.4617
      vertex 14.9708 -0.595083 10.4617
    endloop
  endfacet
  facet normal 1.61328e-19 -0.970034 0.242968
    outer loop
      vertex 9 1.96173 7.90492
      vertex 14.8476 2.01061 8.10007
      vertex 9 2.01061 8.10007
    endloop
  endfacet
  facet normal 1.61127e-19 -0.970034 0.242968
    outer loop
      vertex 14.8476 2.01061 8.10007
      vertex 9 1.96173 7.90492
      vertex 14.8549 1.96173 7.90492
    endloop
  endfacet
  facet normal -6.50389e-20 0.989176 -0.146736
    outer loop
      vertex 14.8432 -2.04013 8.70093
      vertex 9 -2.01061 8.89993
      vertex 14.8476 -2.01061 8.89993
    endloop
  endfacet
  facet normal -6.50878e-20 0.989176 -0.146736
    outer loop
      vertex 9 -2.01061 8.89993
      vertex 14.8432 -2.04013 8.70093
      vertex 9 -2.04013 8.70093
    endloop
  endfacet
  facet normal 0 -0.671641 -0.740877
    outer loop
      vertex 9 1.30051 10.0847
      vertex 14.9288 1.44957 9.94957
      vertex 14.9361 1.30051 10.0847
    endloop
  endfacet
  facet normal -0 -0.671641 -0.740877
    outer loop
      vertex 14.9288 1.44957 9.94957
      vertex 9 1.30051 10.0847
      vertex 9 1.44957 9.94957
    endloop
  endfacet
  facet normal -0 0.903996 0.427541
    outer loop
      vertex 9 -1.80794 7.53364
      vertex 14.8649 -1.89395 7.7155
      vertex 14.8777 -1.80794 7.53364
    endloop
  endfacet
  facet normal 0 0.903996 0.427541
    outer loop
      vertex 14.8649 -1.89395 7.7155
      vertex 9 -1.80794 7.53364
      vertex 9 -1.89395 7.7155
    endloop
  endfacet
  facet normal -0 0.595689 0.803215
    outer loop
      vertex 9 -1.13892 6.79549
      vertex 14.9361 -1.30051 6.91533
      vertex 14.944 -1.13892 6.79549
    endloop
  endfacet
  facet normal 0 0.595689 0.803215
    outer loop
      vertex 14.9361 -1.30051 6.91533
      vertex 9 -1.13892 6.79549
      vertex 9 -1.30051 6.91533
    endloop
  endfacet
  facet normal -0 0.671559 0.740951
    outer loop
      vertex 9 -1.30051 6.91533
      vertex 14.9288 -1.44957 7.05043
      vertex 14.9361 -1.30051 6.91533
    endloop
  endfacet
  facet normal 0 0.671559 0.740951
    outer loop
      vertex 14.9288 -1.44957 7.05043
      vertex 9 -1.30051 6.91533
      vertex 9 -1.44957 7.05043
    endloop
  endfacet
  facet normal -6.50878e-20 -0.989176 0.146736
    outer loop
      vertex 9 2.01061 8.10007
      vertex 14.8432 2.04013 8.29907
      vertex 9 2.04013 8.29907
    endloop
  endfacet
  facet normal -6.50389e-20 -0.989176 0.146736
    outer loop
      vertex 14.8432 2.04013 8.29907
      vertex 9 2.01061 8.10007
      vertex 14.8476 2.01061 8.10007
    endloop
  endfacet
  facet normal -6.28331e-19 0.857725 -0.514108
    outer loop
      vertex 14.8777 -1.80794 9.46636
      vertex 9 -1.70451 9.63892
      vertex 14.893 -1.70451 9.63892
    endloop
  endfacet
  facet normal -6.29967e-19 0.857725 -0.514108
    outer loop
      vertex 9 -1.70451 9.63892
      vertex 14.8777 -1.80794 9.46636
      vertex 9 -1.80794 9.46636
    endloop
  endfacet
  facet normal 1.7018e-19 0.998796 0.0490624
    outer loop
      vertex 14.8432 -2.04013 8.29907
      vertex 9 -2.05 8.5
      vertex 14.8418 -2.05 8.5
    endloop
  endfacet
  facet normal 1.7014e-19 0.998796 0.0490624
    outer loop
      vertex 9 -2.05 8.5
      vertex 14.8432 -2.04013 8.29907
      vertex 9 -2.04013 8.29907
    endloop
  endfacet
  facet normal -0 0.989176 0.146736
    outer loop
      vertex 9 -2.01061 8.10007
      vertex 14.8432 -2.04013 8.29907
      vertex 14.8476 -2.01061 8.10007
    endloop
  endfacet
  facet normal 0 0.989176 0.146736
    outer loop
      vertex 14.8432 -2.04013 8.29907
      vertex 9 -2.01061 8.10007
      vertex 9 -2.04013 8.29907
    endloop
  endfacet
  facet normal -0 -0.903996 -0.427541
    outer loop
      vertex 14.8649 1.89395 9.2845
      vertex 9 1.80794 9.46636
      vertex 9 1.89395 9.2845
    endloop
  endfacet
  facet normal 0 -0.903996 -0.427541
    outer loop
      vertex 9 1.80794 9.46636
      vertex 14.8649 1.89395 9.2845
      vertex 14.8777 1.80794 9.46636
    endloop
  endfacet
  facet normal 9.37376e-19 0.803215 -0.595689
    outer loop
      vertex 14.893 -1.70451 9.63892
      vertex 9 -1.58467 9.80051
      vertex 14.9108 -1.58467 9.80051
    endloop
  endfacet
  facet normal 9.40207e-19 0.803215 -0.595689
    outer loop
      vertex 9 -1.58467 9.80051
      vertex 14.893 -1.70451 9.63892
      vertex 9 -1.70451 9.63892
    endloop
  endfacet
  facet normal -0 -0.941537 -0.336909
    outer loop
      vertex 14.8549 1.96173 9.09508
      vertex 9 1.89395 9.2845
      vertex 9 1.96173 9.09508
    endloop
  endfacet
  facet normal 0 -0.941537 -0.336909
    outer loop
      vertex 9 1.89395 9.2845
      vertex 14.8549 1.96173 9.09508
      vertex 14.8649 1.89395 9.2845
    endloop
  endfacet
  facet normal -9.28591e-19 -0.903996 0.427541
    outer loop
      vertex 9 1.80794 7.53364
      vertex 14.8649 1.89395 7.7155
      vertex 9 1.89395 7.7155
    endloop
  endfacet
  facet normal -9.26568e-19 -0.903996 0.427541
    outer loop
      vertex 14.8649 1.89395 7.7155
      vertex 9 1.80794 7.53364
      vertex 14.8777 1.80794 7.53364
    endloop
  endfacet
  facet normal 0 -0.59556 -0.803311
    outer loop
      vertex 9 1.13892 10.2045
      vertex 14.9361 1.30051 10.0847
      vertex 14.944 1.13892 10.2045
    endloop
  endfacet
  facet normal -0 -0.59556 -0.803311
    outer loop
      vertex 14.9361 1.30051 10.0847
      vertex 9 1.13892 10.2045
      vertex 9 1.30051 10.0847
    endloop
  endfacet
  facet normal 0 -0.0492102 -0.998788
    outer loop
      vertex 9 0 10.55
      vertex 14.9901 0.200934 10.5401
      vertex 15 0 10.55
    endloop
  endfacet
  facet normal -0 -0.0492102 -0.998788
    outer loop
      vertex 14.9901 0.200934 10.5401
      vertex 9 0 10.55
      vertex 9 0.200934 10.5401
    endloop
  endfacet
  facet normal 6.98982e-19 -0.336914 0.941535
    outer loop
      vertex 9 0.595083 6.53827
      vertex 14.9615 0.7845 6.60605
      vertex 9 0.7845 6.60605
    endloop
  endfacet
  facet normal 6.97894e-19 -0.336914 0.941535
    outer loop
      vertex 14.9615 0.7845 6.60605
      vertex 9 0.595083 6.53827
      vertex 14.9708 0.595083 6.53827
    endloop
  endfacet
  facet normal -1.16446e-18 0.59556 -0.803311
    outer loop
      vertex 9 -1.13892 10.2045
      vertex 14.9361 -1.30051 10.0847
      vertex 9 -1.30051 10.0847
    endloop
  endfacet
  facet normal -1.16292e-18 0.59556 -0.803311
    outer loop
      vertex 14.9361 -1.30051 10.0847
      vertex 9 -1.13892 10.2045
      vertex 14.944 -1.13892 10.2045
    endloop
  endfacet
  facet normal -0 -0.857725 -0.514108
    outer loop
      vertex 14.8777 1.80794 9.46636
      vertex 9 1.70451 9.63892
      vertex 9 1.80794 9.46636
    endloop
  endfacet
  facet normal 0 -0.857725 -0.514108
    outer loop
      vertex 9 1.70451 9.63892
      vertex 14.8777 1.80794 9.46636
      vertex 14.893 1.70451 9.63892
    endloop
  endfacet
  facet normal -0 0.803215 0.595689
    outer loop
      vertex 9 -1.58467 7.19949
      vertex 14.893 -1.70451 7.36108
      vertex 14.9108 -1.58467 7.19949
    endloop
  endfacet
  facet normal 0 0.803215 0.595689
    outer loop
      vertex 14.893 -1.70451 7.36108
      vertex 9 -1.58467 7.19949
      vertex 9 -1.70451 7.36108
    endloop
  endfacet
  facet normal -6.33438e-19 -0.941537 0.336909
    outer loop
      vertex 9 1.89395 7.7155
      vertex 14.8549 1.96173 7.90492
      vertex 9 1.96173 7.90492
    endloop
  endfacet
  facet normal -6.32358e-19 -0.941537 0.336909
    outer loop
      vertex 14.8549 1.96173 7.90492
      vertex 9 1.89395 7.7155
      vertex 14.8649 1.89395 7.7155
    endloop
  endfacet
  facet normal -8.72111e-19 0.903996 -0.427541
    outer loop
      vertex 14.8649 -1.89395 9.2845
      vertex 9 -1.80794 9.46636
      vertex 14.8777 -1.80794 9.46636
    endloop
  endfacet
  facet normal -8.74014e-19 0.903996 -0.427541
    outer loop
      vertex 9 -1.80794 9.46636
      vertex 14.8649 -1.89395 9.2845
      vertex 9 -1.89395 9.2845
    endloop
  endfacet
  facet normal -0 0.242971 0.970034
    outer loop
      vertex 9 -0.399935 6.48939
      vertex 14.9708 -0.595083 6.53827
      vertex 14.9804 -0.399935 6.48939
    endloop
  endfacet
  facet normal 0 0.242971 0.970034
    outer loop
      vertex 14.9708 -0.595083 6.53827
      vertex 9 -0.399935 6.48939
      vertex 9 -0.595083 6.53827
    endloop
  endfacet
  facet normal -0 -0.989176 -0.146736
    outer loop
      vertex 14.8432 2.04013 8.70093
      vertex 9 2.01061 8.89993
      vertex 9 2.04013 8.70093
    endloop
  endfacet
  facet normal 0 -0.989176 -0.146736
    outer loop
      vertex 9 2.01061 8.89993
      vertex 14.8432 2.04013 8.70093
      vertex 14.8476 2.01061 8.89993
    endloop
  endfacet
  facet normal -0 0.941537 0.336909
    outer loop
      vertex 9 -1.89395 7.7155
      vertex 14.8549 -1.96173 7.90492
      vertex 14.8649 -1.89395 7.7155
    endloop
  endfacet
  facet normal 0 0.941537 0.336909
    outer loop
      vertex 14.8549 -1.96173 7.90492
      vertex 9 -1.89395 7.7155
      vertex 9 -1.96173 7.90492
    endloop
  endfacet
  facet normal -0 0.970034 0.242968
    outer loop
      vertex 9 -1.96173 7.90492
      vertex 14.8476 -2.01061 8.10007
      vertex 14.8549 -1.96173 7.90492
    endloop
  endfacet
  facet normal 0 0.970034 0.242968
    outer loop
      vertex 14.8476 -2.01061 8.10007
      vertex 9 -1.96173 7.90492
      vertex 9 -2.01061 8.10007
    endloop
  endfacet
  facet normal 2.78867e-20 -0.595689 0.803215
    outer loop
      vertex 9 1.13892 6.79549
      vertex 14.9361 1.30051 6.91533
      vertex 9 1.30051 6.91533
    endloop
  endfacet
  facet normal 2.78496e-20 -0.595689 0.803215
    outer loop
      vertex 14.9361 1.30051 6.91533
      vertex 9 1.13892 6.79549
      vertex 14.944 1.13892 6.79549
    endloop
  endfacet
  facet normal 1.25371e-18 0.671641 -0.740877
    outer loop
      vertex 9 -1.30051 10.0847
      vertex 14.9288 -1.44957 9.94957
      vertex 9 -1.44957 9.94957
    endloop
  endfacet
  facet normal 1.25217e-18 0.671641 -0.740877
    outer loop
      vertex 14.9288 -1.44957 9.94957
      vertex 9 -1.30051 10.0847
      vertex 14.9361 -1.30051 10.0847
    endloop
  endfacet
  facet normal 7.80059e-19 0.514005 -0.857787
    outer loop
      vertex 9 -0.966363 10.3079
      vertex 14.944 -1.13892 10.2045
      vertex 9 -1.13892 10.2045
    endloop
  endfacet
  facet normal 7.78945e-19 0.514005 -0.857787
    outer loop
      vertex 14.944 -1.13892 10.2045
      vertex 9 -0.966363 10.3079
      vertex 14.9525 -0.966363 10.3079
    endloop
  endfacet
  facet normal -0.000796797 0.740999 -0.671506
    outer loop
      vertex 14.9108 -1.58467 9.80051
      vertex 14.9288 -1.44957 9.94957
      vertex 14.9278 -1.47026 9.92674
    endloop
  endfacet
  facet normal 0 0.740951 -0.671559
    outer loop
      vertex 14.9288 -1.44957 9.94957
      vertex 14.9108 -1.58467 9.80051
      vertex 9 -1.44957 9.94957
    endloop
  endfacet
  facet normal 1.62276e-19 0.740951 -0.671559
    outer loop
      vertex 9 -1.44957 9.94957
      vertex 14.9108 -1.58467 9.80051
      vertex 9 -1.58467 9.80051
    endloop
  endfacet
  facet normal -0 0.427536 0.903999
    outer loop
      vertex 9 -0.7845 6.60605
      vertex 14.9525 -0.966363 6.69206
      vertex 14.9615 -0.7845 6.60605
    endloop
  endfacet
  facet normal 0 0.427536 0.903999
    outer loop
      vertex 14.9525 -0.966363 6.69206
      vertex 9 -0.7845 6.60605
      vertex 9 -0.966363 6.69206
    endloop
  endfacet
  facet normal -6.32358e-19 0.941537 -0.336909
    outer loop
      vertex 14.8549 -1.96173 9.09508
      vertex 9 -1.89395 9.2845
      vertex 14.8649 -1.89395 9.2845
    endloop
  endfacet
  facet normal -6.33438e-19 0.941537 -0.336909
    outer loop
      vertex 9 -1.89395 9.2845
      vertex 14.8549 -1.96173 9.09508
      vertex 9 -1.96173 9.09508
    endloop
  endfacet
  facet normal 0 -0.514005 -0.857787
    outer loop
      vertex 9 0.966363 10.3079
      vertex 14.944 1.13892 10.2045
      vertex 14.9525 0.966363 10.3079
    endloop
  endfacet
  facet normal -0 -0.514005 -0.857787
    outer loop
      vertex 14.944 1.13892 10.2045
      vertex 9 0.966363 10.3079
      vertex 9 1.13892 10.2045
    endloop
  endfacet
  facet normal 0 -0.146638 -0.98919
    outer loop
      vertex 9 0.200934 10.5401
      vertex 14.9804 0.399935 10.5106
      vertex 14.9901 0.200934 10.5401
    endloop
  endfacet
  facet normal -0 -0.146638 -0.98919
    outer loop
      vertex 14.9804 0.399935 10.5106
      vertex 9 0.200934 10.5401
      vertex 9 0.399935 10.5106
    endloop
  endfacet
  facet normal -7.59224e-20 0.427901 -0.903826
    outer loop
      vertex 9 -0.7845 10.394
      vertex 14.9525 -0.966363 10.3079
      vertex 9 -0.966363 10.3079
    endloop
  endfacet
  facet normal -7.58078e-20 0.427901 -0.903826
    outer loop
      vertex 14.9525 -0.966363 10.3079
      vertex 9 -0.7845 10.394
      vertex 14.9615 -0.7845 10.394
    endloop
  endfacet
  facet normal 0 -0.427901 -0.903826
    outer loop
      vertex 9 0.7845 10.394
      vertex 14.9525 0.966363 10.3079
      vertex 14.9615 0.7845 10.394
    endloop
  endfacet
  facet normal -0 -0.427901 -0.903826
    outer loop
      vertex 14.9525 0.966363 10.3079
      vertex 9 0.7845 10.394
      vertex 9 0.966363 10.3079
    endloop
  endfacet
  facet normal -0.000796797 0.740999 0.671506
    outer loop
      vertex 14.9288 -1.44957 7.05043
      vertex 14.9108 -1.58467 7.19949
      vertex 14.9278 -1.47026 7.07326
    endloop
  endfacet
  facet normal -1.36721e-18 0.740951 0.671559
    outer loop
      vertex 14.9108 -1.58467 7.19949
      vertex 14.9288 -1.44957 7.05043
      vertex 9 -1.44957 7.05043
    endloop
  endfacet
  facet normal 0 0.740951 0.671559
    outer loop
      vertex 14.9108 -1.58467 7.19949
      vertex 9 -1.44957 7.05043
      vertex 9 -1.58467 7.19949
    endloop
  endfacet
  facet normal -0 0 1
    outer loop
      vertex 14.9186 1.4557 24
      vertex 15 0 24
      vertex 14.9278 1.47026 24
    endloop
  endfacet
  facet normal 0 0 1
    outer loop
      vertex 15 0 24
      vertex 14.9186 1.4557 24
      vertex 14.9901 0 24
    endloop
  endfacet
  facet normal 0 0 1
    outer loop
      vertex 14.9278 1.47026 24
      vertex 14.9179 1.46929 24
      vertex 14.9186 1.4557 24
    endloop
  endfacet
  facet normal 0 0 1
    outer loop
      vertex 14.9278 1.47026 24
      vertex 14.9159 1.48274 24
      vertex 14.9179 1.46929 24
    endloop
  endfacet
  facet normal 0 0 1
    outer loop
      vertex 14.7118 2.92635 24
      vertex 14.9159 1.48274 24
      vertex 14.9278 1.47026 24
    endloop
  endfacet
  facet normal 0 0 1
    outer loop
      vertex 14.7118 2.92635 24
      vertex 14.7021 2.92442 24
      vertex 14.9159 1.48274 24
    endloop
  endfacet
  facet normal -0 0 1
    outer loop
      vertex 14.3479 4.3382 24
      vertex 14.7118 2.92635 24
      vertex 14.3541 4.35427 24
    endloop
  endfacet
  facet normal 0 0 1
    outer loop
      vertex 14.7118 2.92635 24
      vertex 14.3479 4.3382 24
      vertex 14.7021 2.92442 24
    endloop
  endfacet
  facet normal 0 0 1
    outer loop
      vertex 14.3541 4.35427 24
      vertex 14.3446 4.3514 24
      vertex 14.3479 4.3382 24
    endloop
  endfacet
  facet normal 0 0 1
    outer loop
      vertex 14.3541 4.35427 24
      vertex 14.34 4.3642 24
      vertex 14.3446 4.3514 24
    endloop
  endfacet
  facet normal 0 0 1
    outer loop
      vertex 13.8582 5.74025 24
      vertex 14.34 4.3642 24
      vertex 14.3541 4.35427 24
    endloop
  endfacet
  facet normal 0 0 1
    outer loop
      vertex 13.8582 5.74025 24
      vertex 13.849 5.73646 24
      vertex 14.34 4.3642 24
    endloop
  endfacet
  facet normal -0 0 1
    outer loop
      vertex 13.2259 7.05399 24
      vertex 13.8582 5.74025 24
      vertex 13.2288 7.07095 24
    endloop
  endfacet
  facet normal 0 0 1
    outer loop
      vertex 13.8582 5.74025 24
      vertex 13.2259 7.05399 24
      vertex 13.849 5.73646 24
    endloop
  endfacet
  facet normal 0 0 1
    outer loop
      vertex 13.2288 7.07095 24
      vertex 13.2201 7.06628 24
      vertex 13.2259 7.05399 24
    endloop
  endfacet
  facet normal 0 0 1
    outer loop
      vertex 13.2288 7.07095 24
      vertex 13.2131 7.07795 24
      vertex 13.2201 7.06628 24
    endloop
  endfacet
  facet normal 0 0 1
    outer loop
      vertex 12.472 8.33355 24
      vertex 13.2131 7.07795 24
      vertex 13.2288 7.07095 24
    endloop
  endfacet
  facet normal 0 0 1
    outer loop
      vertex 12.472 8.33355 24
      vertex 12.4638 8.32805 24
      vertex 13.2131 7.07795 24
    endloop
  endfacet
  facet normal 0 0 1
    outer loop
      vertex 12.472 8.33355 24
      vertex 11.5956 9.49869 24
      vertex 12.4638 8.32805 24
    endloop
  endfacet
  facet normal 0 0 1
    outer loop
      vertex 11.5952 9.5159 24
      vertex 11.5956 9.49869 24
      vertex 12.472 8.33355 24
    endloop
  endfacet
  facet normal 0 0 1
    outer loop
      vertex 11.5952 9.5159 24
      vertex 11.5875 9.50962 24
      vertex 11.5956 9.49869 24
    endloop
  endfacet
  facet normal 0 0 1
    outer loop
      vertex 11.5952 9.5159 24
      vertex 10.6087 10.5895 24
      vertex 11.5875 9.50962 24
    endloop
  endfacet
  facet normal 0 0 1
    outer loop
      vertex 10.6066 10.6066 24
      vertex 10.6087 10.5895 24
      vertex 11.5952 9.5159 24
    endloop
  endfacet
  facet normal 0 0 1
    outer loop
      vertex 10.6066 10.6066 24
      vertex 10.5996 10.5996 24
      vertex 10.6087 10.5895 24
    endloop
  endfacet
  facet normal 0 0 1
    outer loop
      vertex 10.6066 10.6066 24
      vertex 10.5895 10.6087 24
      vertex 10.5996 10.5996 24
    endloop
  endfacet
  facet normal 0 0 1
    outer loop
      vertex 9.5159 11.5952 24
      vertex 10.5895 10.6087 24
      vertex 10.6066 10.6066 24
    endloop
  endfacet
  facet normal 0 0 1
    outer loop
      vertex 9.5159 11.5952 24
      vertex 9.50962 11.5875 24
      vertex 10.5895 10.6087 24
    endloop
  endfacet
  facet normal 0 0 1
    outer loop
      vertex 9.5159 11.5952 24
      vertex 9.49869 11.5956 24
      vertex 9.50962 11.5875 24
    endloop
  endfacet
  facet normal 0 0 1
    outer loop
      vertex 8.33355 12.472 24
      vertex 9.49869 11.5956 24
      vertex 9.5159 11.5952 24
    endloop
  endfacet
  facet normal 0 0 1
    outer loop
      vertex 8.33355 12.472 24
      vertex 8.32805 12.4638 24
      vertex 9.49869 11.5956 24
    endloop
  endfacet
  facet normal 0 0 1
    outer loop
      vertex 8.33355 12.472 24
      vertex 7.07795 13.2131 24
      vertex 8.32805 12.4638 24
    endloop
  endfacet
  facet normal 0 0 1
    outer loop
      vertex 7.07095 13.2288 24
      vertex 7.07795 13.2131 24
      vertex 8.33355 12.472 24
    endloop
  endfacet
  facet normal 0 0 1
    outer loop
      vertex 7.07095 13.2288 24
      vertex 7.06628 13.2201 24
      vertex 7.07795 13.2131 24
    endloop
  endfacet
  facet normal 0 0 1
    outer loop
      vertex 7.07095 13.2288 24
      vertex 7.05399 13.2259 24
      vertex 7.06628 13.2201 24
    endloop
  endfacet
  facet normal 0 0 1
    outer loop
      vertex 5.74025 13.8582 24
      vertex 7.05399 13.2259 24
      vertex 7.07095 13.2288 24
    endloop
  endfacet
  facet normal 0 0 1
    outer loop
      vertex 5.74025 13.8582 24
      vertex 5.73646 13.849 24
      vertex 7.05399 13.2259 24
    endloop
  endfacet
  facet normal 0 0 1
    outer loop
      vertex 5.74025 13.8582 24
      vertex 4.3642 14.34 24
      vertex 5.73646 13.849 24
    endloop
  endfacet
  facet normal 0 0 1
    outer loop
      vertex 4.35427 14.3541 24
      vertex 4.3642 14.34 24
      vertex 5.74025 13.8582 24
    endloop
  endfacet
  facet normal 0 0 1
    outer loop
      vertex 4.35427 14.3541 24
      vertex 4.3514 14.3446 24
      vertex 4.3642 14.34 24
    endloop
  endfacet
  facet normal 0 0 1
    outer loop
      vertex 4.35427 14.3541 24
      vertex 4.3382 14.3479 24
      vertex 4.3514 14.3446 24
    endloop
  endfacet
  facet normal 0 0 1
    outer loop
      vertex 2.92635 14.7118 24
      vertex 4.3382 14.3479 24
      vertex 4.35427 14.3541 24
    endloop
  endfacet
  facet normal 0 0 1
    outer loop
      vertex 2.92635 14.7118 24
      vertex 2.92442 14.7021 24
      vertex 4.3382 14.3479 24
    endloop
  endfacet
  facet normal 0 0 1
    outer loop
      vertex 2.92635 14.7118 24
      vertex 1.48274 14.9159 24
      vertex 2.92442 14.7021 24
    endloop
  endfacet
  facet normal 0 0 1
    outer loop
      vertex 1.47026 14.9278 24
      vertex 1.48274 14.9159 24
      vertex 2.92635 14.7118 24
    endloop
  endfacet
  facet normal 0 0 1
    outer loop
      vertex 1.47026 14.9278 24
      vertex 1.46929 14.9179 24
      vertex 1.48274 14.9159 24
    endloop
  endfacet
  facet normal 0 0 1
    outer loop
      vertex 1.47026 14.9278 24
      vertex 1.4557 14.9186 24
      vertex 1.46929 14.9179 24
    endloop
  endfacet
  facet normal 0 0 1
    outer loop
      vertex 0 15 24
      vertex 1.4557 14.9186 24
      vertex 1.47026 14.9278 24
    endloop
  endfacet
  facet normal 0 0 1
    outer loop
      vertex 0 15 24
      vertex 0 14.9901 24
      vertex 1.4557 14.9186 24
    endloop
  endfacet
  facet normal 0 0 1
    outer loop
      vertex 0 15 24
      vertex -1.4557 14.9186 24
      vertex 0 14.9901 24
    endloop
  endfacet
  facet normal -0 0 1
    outer loop
      vertex -1.47026 14.9278 24
      vertex -1.4557 14.9186 24
      vertex 0 15 24
    endloop
  endfacet
  facet normal 0 0 1
    outer loop
      vertex -1.4557 14.9186 24
      vertex -1.47026 14.9278 24
      vertex -1.46929 14.9179 24
    endloop
  endfacet
  facet normal 0 0 1
    outer loop
      vertex -1.47026 14.9278 24
      vertex -1.48274 14.9159 24
      vertex -1.46929 14.9179 24
    endloop
  endfacet
  facet normal 0 0 1
    outer loop
      vertex -2.92635 14.7118 24
      vertex -1.48274 14.9159 24
      vertex -1.47026 14.9278 24
    endloop
  endfacet
  facet normal 0 0 1
    outer loop
      vertex -1.48274 14.9159 24
      vertex -2.92635 14.7118 24
      vertex -2.92442 14.7021 24
    endloop
  endfacet
  facet normal 0 0 1
    outer loop
      vertex -2.92635 14.7118 24
      vertex -4.3382 14.3479 24
      vertex -2.92442 14.7021 24
    endloop
  endfacet
  facet normal -0 0 1
    outer loop
      vertex -4.35427 14.3541 24
      vertex -4.3382 14.3479 24
      vertex -2.92635 14.7118 24
    endloop
  endfacet
  facet normal 0 0 1
    outer loop
      vertex -4.3382 14.3479 24
      vertex -4.35427 14.3541 24
      vertex -4.3514 14.3446 24
    endloop
  endfacet
  facet normal 0 0 1
    outer loop
      vertex -4.35427 14.3541 24
      vertex -4.3642 14.34 24
      vertex -4.3514 14.3446 24
    endloop
  endfacet
  facet normal 0 0 1
    outer loop
      vertex -5.74025 13.8582 24
      vertex -4.3642 14.34 24
      vertex -4.35427 14.3541 24
    endloop
  endfacet
  facet normal 0 0 1
    outer loop
      vertex -4.3642 14.34 24
      vertex -5.74025 13.8582 24
      vertex -5.73646 13.849 24
    endloop
  endfacet
  facet normal 0 0 1
    outer loop
      vertex -5.74025 13.8582 24
      vertex -7.05399 13.2259 24
      vertex -5.73646 13.849 24
    endloop
  endfacet
  facet normal -0 0 1
    outer loop
      vertex -7.07095 13.2288 24
      vertex -7.05399 13.2259 24
      vertex -5.74025 13.8582 24
    endloop
  endfacet
  facet normal 0 0 1
    outer loop
      vertex -7.05399 13.2259 24
      vertex -7.07095 13.2288 24
      vertex -7.06628 13.2201 24
    endloop
  endfacet
  facet normal 0 0 1
    outer loop
      vertex -7.07095 13.2288 24
      vertex -7.07795 13.2131 24
      vertex -7.06628 13.2201 24
    endloop
  endfacet
  facet normal 0 0 1
    outer loop
      vertex -8.33355 12.472 24
      vertex -7.07795 13.2131 24
      vertex -7.07095 13.2288 24
    endloop
  endfacet
  facet normal 0 0 1
    outer loop
      vertex -7.07795 13.2131 24
      vertex -8.33355 12.472 24
      vertex -8.32805 12.4638 24
    endloop
  endfacet
  facet normal 0 0 1
    outer loop
      vertex -8.33355 12.472 24
      vertex -9.49869 11.5956 24
      vertex -8.32805 12.4638 24
    endloop
  endfacet
  facet normal 0 0 1
    outer loop
      vertex -9.5159 11.5952 24
      vertex -9.49869 11.5956 24
      vertex -8.33355 12.472 24
    endloop
  endfacet
  facet normal 0 0 1
    outer loop
      vertex -9.49869 11.5956 24
      vertex -9.5159 11.5952 24
      vertex -9.50962 11.5875 24
    endloop
  endfacet
  facet normal 0 0 1
    outer loop
      vertex -9.5159 11.5952 24
      vertex -10.5895 10.6087 24
      vertex -9.50962 11.5875 24
    endloop
  endfacet
  facet normal 0 0 1
    outer loop
      vertex -10.6066 10.6066 24
      vertex -10.5895 10.6087 24
      vertex -9.5159 11.5952 24
    endloop
  endfacet
  facet normal 0 0 1
    outer loop
      vertex -10.5895 10.6087 24
      vertex -10.6066 10.6066 24
      vertex -10.5996 10.5996 24
    endloop
  endfacet
  facet normal 0 0 1
    outer loop
      vertex -10.6066 10.6066 24
      vertex -10.6087 10.5895 24
      vertex -10.5996 10.5996 24
    endloop
  endfacet
  facet normal 0 0 1
    outer loop
      vertex -11.5952 9.5159 24
      vertex -10.6087 10.5895 24
      vertex -10.6066 10.6066 24
    endloop
  endfacet
  facet normal 0 0 1
    outer loop
      vertex -10.6087 10.5895 24
      vertex -11.5952 9.5159 24
      vertex -11.5875 9.50962 24
    endloop
  endfacet
  facet normal 0 0 1
    outer loop
      vertex -11.5952 9.5159 24
      vertex -11.5956 9.49869 24
      vertex -11.5875 9.50962 24
    endloop
  endfacet
  facet normal 0 0 1
    outer loop
      vertex -12.472 8.33355 24
      vertex -11.5956 9.49869 24
      vertex -11.5952 9.5159 24
    endloop
  endfacet
  facet normal 0 0 1
    outer loop
      vertex -11.5956 9.49869 24
      vertex -12.472 8.33355 24
      vertex -12.4638 8.32805 24
    endloop
  endfacet
  facet normal 0 0 1
    outer loop
      vertex -12.472 8.33355 24
      vertex -13.2131 7.07795 24
      vertex -12.4638 8.32805 24
    endloop
  endfacet
  facet normal 0 0 1
    outer loop
      vertex -13.2288 7.07095 24
      vertex -13.2131 7.07795 24
      vertex -12.472 8.33355 24
    endloop
  endfacet
  facet normal 0 0 1
    outer loop
      vertex -13.2131 7.07795 24
      vertex -13.2288 7.07095 24
      vertex -13.2201 7.06628 24
    endloop
  endfacet
  facet normal 0 0 1
    outer loop
      vertex -13.2288 7.07095 24
      vertex -13.2259 7.05399 24
      vertex -13.2201 7.06628 24
    endloop
  endfacet
  facet normal 0 0 1
    outer loop
      vertex -13.8582 5.74025 24
      vertex -13.2259 7.05399 24
      vertex -13.2288 7.07095 24
    endloop
  endfacet
  facet normal 0 0 1
    outer loop
      vertex -13.2259 7.05399 24
      vertex -13.8582 5.74025 24
      vertex -13.849 5.73646 24
    endloop
  endfacet
  facet normal 0 0 1
    outer loop
      vertex -13.8582 5.74025 24
      vertex -14.34 4.3642 24
      vertex -13.849 5.73646 24
    endloop
  endfacet
  facet normal 0 0 1
    outer loop
      vertex -14.3541 4.35427 24
      vertex -14.34 4.3642 24
      vertex -13.8582 5.74025 24
    endloop
  endfacet
  facet normal 0 0 1
    outer loop
      vertex -14.34 4.3642 24
      vertex -14.3541 4.35427 24
      vertex -14.3446 4.3514 24
    endloop
  endfacet
  facet normal 0 0 1
    outer loop
      vertex -14.3541 4.35427 24
      vertex -14.3479 4.3382 24
      vertex -14.3446 4.3514 24
    endloop
  endfacet
  facet normal 0 0 1
    outer loop
      vertex -14.7118 2.92635 24
      vertex -14.3479 4.3382 24
      vertex -14.3541 4.35427 24
    endloop
  endfacet
  facet normal 0 0 1
    outer loop
      vertex -14.3479 4.3382 24
      vertex -14.7118 2.92635 24
      vertex -14.7021 2.92442 24
    endloop
  endfacet
  facet normal 0 0 1
    outer loop
      vertex -14.7118 2.92635 24
      vertex -14.9159 1.48274 24
      vertex -14.7021 2.92442 24
    endloop
  endfacet
  facet normal 0 0 1
    outer loop
      vertex -14.9278 1.47026 24
      vertex -14.9159 1.48274 24
      vertex -14.7118 2.92635 24
    endloop
  endfacet
  facet normal 0 0 1
    outer loop
      vertex -14.9159 1.48274 24
      vertex -14.9278 1.47026 24
      vertex -14.9179 1.46929 24
    endloop
  endfacet
  facet normal 0 0 1
    outer loop
      vertex -14.9278 1.47026 24
      vertex -14.9186 1.4557 24
      vertex -14.9179 1.46929 24
    endloop
  endfacet
  facet normal 0 0 1
    outer loop
      vertex -15 0 24
      vertex -14.9186 1.4557 24
      vertex -14.9278 1.47026 24
    endloop
  endfacet
  facet normal 0 0 1
    outer loop
      vertex -14.9186 1.4557 24
      vertex -15 0 24
      vertex -14.9901 0 24
    endloop
  endfacet
  facet normal 0 0 1
    outer loop
      vertex 14.9186 -1.4557 24
      vertex 15 0 24
      vertex 14.9901 0 24
    endloop
  endfacet
  facet normal 0 0 1
    outer loop
      vertex 15 0 24
      vertex 14.9186 -1.4557 24
      vertex 14.9278 -1.47026 24
    endloop
  endfacet
  facet normal -0 0 1
    outer loop
      vertex 14.9179 -1.46929 24
      vertex 14.9278 -1.47026 24
      vertex 14.9186 -1.4557 24
    endloop
  endfacet
  facet normal 0 0 1
    outer loop
      vertex 14.9159 -1.48274 24
      vertex 14.9278 -1.47026 24
      vertex 14.9179 -1.46929 24
    endloop
  endfacet
  facet normal -0 0 1
    outer loop
      vertex 14.9159 -1.48274 24
      vertex 14.7118 -2.92635 24
      vertex 14.9278 -1.47026 24
    endloop
  endfacet
  facet normal -0 0 1
    outer loop
      vertex 14.7021 -2.92442 24
      vertex 14.7118 -2.92635 24
      vertex 14.9159 -1.48274 24
    endloop
  endfacet
  facet normal 0 0 1
    outer loop
      vertex 14.3479 -4.3382 24
      vertex 14.7118 -2.92635 24
      vertex 14.7021 -2.92442 24
    endloop
  endfacet
  facet normal 0 0 1
    outer loop
      vertex 14.7118 -2.92635 24
      vertex 14.3479 -4.3382 24
      vertex 14.3541 -4.35427 24
    endloop
  endfacet
  facet normal -0 0 1
    outer loop
      vertex 14.3446 -4.3514 24
      vertex 14.3541 -4.35427 24
      vertex 14.3479 -4.3382 24
    endloop
  endfacet
  facet normal 0 0 1
    outer loop
      vertex 14.34 -4.3642 24
      vertex 14.3541 -4.35427 24
      vertex 14.3446 -4.3514 24
    endloop
  endfacet
  facet normal -0 0 1
    outer loop
      vertex 14.34 -4.3642 24
      vertex 13.8582 -5.74025 24
      vertex 14.3541 -4.35427 24
    endloop
  endfacet
  facet normal -0 0 1
    outer loop
      vertex 13.849 -5.73646 24
      vertex 13.8582 -5.74025 24
      vertex 14.34 -4.3642 24
    endloop
  endfacet
  facet normal 0 0 1
    outer loop
      vertex 13.2259 -7.05399 24
      vertex 13.8582 -5.74025 24
      vertex 13.849 -5.73646 24
    endloop
  endfacet
  facet normal 0 0 1
    outer loop
      vertex 13.8582 -5.74025 24
      vertex 13.2259 -7.05399 24
      vertex 13.2288 -7.07095 24
    endloop
  endfacet
  facet normal -0 0 1
    outer loop
      vertex 13.2201 -7.06628 24
      vertex 13.2288 -7.07095 24
      vertex 13.2259 -7.05399 24
    endloop
  endfacet
  facet normal 0 0 1
    outer loop
      vertex 13.2131 -7.07795 24
      vertex 13.2288 -7.07095 24
      vertex 13.2201 -7.06628 24
    endloop
  endfacet
  facet normal -0 0 1
    outer loop
      vertex 13.2131 -7.07795 24
      vertex 12.472 -8.33355 24
      vertex 13.2288 -7.07095 24
    endloop
  endfacet
  facet normal -0 0 1
    outer loop
      vertex 12.4638 -8.32805 24
      vertex 12.472 -8.33355 24
      vertex 13.2131 -7.07795 24
    endloop
  endfacet
  facet normal 0 0 1
    outer loop
      vertex 11.5956 -9.49869 24
      vertex 12.472 -8.33355 24
      vertex 12.4638 -8.32805 24
    endloop
  endfacet
  facet normal -0 0 1
    outer loop
      vertex 11.5956 -9.49869 24
      vertex 11.5952 -9.5159 24
      vertex 12.472 -8.33355 24
    endloop
  endfacet
  facet normal -0 0 1
    outer loop
      vertex 11.5875 -9.50962 24
      vertex 11.5952 -9.5159 24
      vertex 11.5956 -9.49869 24
    endloop
  endfacet
  facet normal 0 0 1
    outer loop
      vertex 10.6087 -10.5895 24
      vertex 11.5952 -9.5159 24
      vertex 11.5875 -9.50962 24
    endloop
  endfacet
  facet normal -0 0 1
    outer loop
      vertex 10.6087 -10.5895 24
      vertex 10.6066 -10.6066 24
      vertex 11.5952 -9.5159 24
    endloop
  endfacet
  facet normal -0 0 1
    outer loop
      vertex 10.5996 -10.5996 24
      vertex 10.6066 -10.6066 24
      vertex 10.6087 -10.5895 24
    endloop
  endfacet
  facet normal 0 0 1
    outer loop
      vertex 10.5895 -10.6087 24
      vertex 10.6066 -10.6066 24
      vertex 10.5996 -10.5996 24
    endloop
  endfacet
  facet normal -0 0 1
    outer loop
      vertex 10.5895 -10.6087 24
      vertex 9.5159 -11.5952 24
      vertex 10.6066 -10.6066 24
    endloop
  endfacet
  facet normal -0 0 1
    outer loop
      vertex 9.50962 -11.5875 24
      vertex 9.5159 -11.5952 24
      vertex 10.5895 -10.6087 24
    endloop
  endfacet
  facet normal 0 0 1
    outer loop
      vertex 9.49869 -11.5956 24
      vertex 9.5159 -11.5952 24
      vertex 9.50962 -11.5875 24
    endloop
  endfacet
  facet normal -0 0 1
    outer loop
      vertex 9.49869 -11.5956 24
      vertex 8.33355 -12.472 24
      vertex 9.5159 -11.5952 24
    endloop
  endfacet
  facet normal -0 0 1
    outer loop
      vertex 8.32805 -12.4638 24
      vertex 8.33355 -12.472 24
      vertex 9.49869 -11.5956 24
    endloop
  endfacet
  facet normal 0 0 1
    outer loop
      vertex 7.07795 -13.2131 24
      vertex 8.33355 -12.472 24
      vertex 8.32805 -12.4638 24
    endloop
  endfacet
  facet normal -0 0 1
    outer loop
      vertex 7.07795 -13.2131 24
      vertex 7.07095 -13.2288 24
      vertex 8.33355 -12.472 24
    endloop
  endfacet
  facet normal -0 0 1
    outer loop
      vertex 7.06628 -13.2201 24
      vertex 7.07095 -13.2288 24
      vertex 7.07795 -13.2131 24
    endloop
  endfacet
  facet normal -0 0 1
    outer loop
      vertex 7.05399 -13.2259 24
      vertex 7.07095 -13.2288 24
      vertex 7.06628 -13.2201 24
    endloop
  endfacet
  facet normal 0 0 1
    outer loop
      vertex 7.05399 -13.2259 24
      vertex 5.74025 -13.8582 24
      vertex 7.07095 -13.2288 24
    endloop
  endfacet
  facet normal -0 0 1
    outer loop
      vertex 5.73646 -13.849 24
      vertex 5.74025 -13.8582 24
      vertex 7.05399 -13.2259 24
    endloop
  endfacet
  facet normal 0 0 1
    outer loop
      vertex 4.3642 -14.34 24
      vertex 5.74025 -13.8582 24
      vertex 5.73646 -13.849 24
    endloop
  endfacet
  facet normal -0 0 1
    outer loop
      vertex 4.3642 -14.34 24
      vertex 4.35427 -14.3541 24
      vertex 5.74025 -13.8582 24
    endloop
  endfacet
  facet normal -0 0 1
    outer loop
      vertex 4.3514 -14.3446 24
      vertex 4.35427 -14.3541 24
      vertex 4.3642 -14.34 24
    endloop
  endfacet
  facet normal -0 0 1
    outer loop
      vertex 4.3382 -14.3479 24
      vertex 4.35427 -14.3541 24
      vertex 4.3514 -14.3446 24
    endloop
  endfacet
  facet normal 0 0 1
    outer loop
      vertex 4.3382 -14.3479 24
      vertex 2.92635 -14.7118 24
      vertex 4.35427 -14.3541 24
    endloop
  endfacet
  facet normal -0 0 1
    outer loop
      vertex 2.92442 -14.7021 24
      vertex 2.92635 -14.7118 24
      vertex 4.3382 -14.3479 24
    endloop
  endfacet
  facet normal 0 0 1
    outer loop
      vertex 1.48274 -14.9159 24
      vertex 2.92635 -14.7118 24
      vertex 2.92442 -14.7021 24
    endloop
  endfacet
  facet normal -0 0 1
    outer loop
      vertex 1.48274 -14.9159 24
      vertex 1.47026 -14.9278 24
      vertex 2.92635 -14.7118 24
    endloop
  endfacet
  facet normal -0 0 1
    outer loop
      vertex 1.46929 -14.9179 24
      vertex 1.47026 -14.9278 24
      vertex 1.48274 -14.9159 24
    endloop
  endfacet
  facet normal -0 0 1
    outer loop
      vertex 1.4557 -14.9186 24
      vertex 1.47026 -14.9278 24
      vertex 1.46929 -14.9179 24
    endloop
  endfacet
  facet normal 0 0 1
    outer loop
      vertex 0 -15 24
      vertex 1.4557 -14.9186 24
      vertex 0 -14.9901 24
    endloop
  endfacet
  facet normal 0 0 1
    outer loop
      vertex 1.4557 -14.9186 24
      vertex 0 -15 24
      vertex 1.47026 -14.9278 24
    endloop
  endfacet
  facet normal 0 0 1
    outer loop
      vertex -1.4557 -14.9186 24
      vertex 0 -15 24
      vertex 0 -14.9901 24
    endloop
  endfacet
  facet normal 0 0 1
    outer loop
      vertex -1.47026 -14.9278 24
      vertex -1.4557 -14.9186 24
      vertex -1.46929 -14.9179 24
    endloop
  endfacet
  facet normal 0 0 1
    outer loop
      vertex -1.4557 -14.9186 24
      vertex -1.47026 -14.9278 24
      vertex 0 -15 24
    endloop
  endfacet
  facet normal 0 0 1
    outer loop
      vertex -1.48274 -14.9159 24
      vertex -1.47026 -14.9278 24
      vertex -1.46929 -14.9179 24
    endloop
  endfacet
  facet normal -0 0 1
    outer loop
      vertex -2.92635 -14.7118 24
      vertex -1.48274 -14.9159 24
      vertex -2.92442 -14.7021 24
    endloop
  endfacet
  facet normal 0 0 1
    outer loop
      vertex -1.48274 -14.9159 24
      vertex -2.92635 -14.7118 24
      vertex -1.47026 -14.9278 24
    endloop
  endfacet
  facet normal 0 0 1
    outer loop
      vertex -4.3382 -14.3479 24
      vertex -2.92635 -14.7118 24
      vertex -2.92442 -14.7021 24
    endloop
  endfacet
  facet normal 0 0 1
    outer loop
      vertex -4.35427 -14.3541 24
      vertex -4.3382 -14.3479 24
      vertex -4.3514 -14.3446 24
    endloop
  endfacet
  facet normal 0 0 1
    outer loop
      vertex -4.3382 -14.3479 24
      vertex -4.35427 -14.3541 24
      vertex -2.92635 -14.7118 24
    endloop
  endfacet
  facet normal 0 0 1
    outer loop
      vertex -4.3642 -14.34 24
      vertex -4.35427 -14.3541 24
      vertex -4.3514 -14.3446 24
    endloop
  endfacet
  facet normal -0 0 1
    outer loop
      vertex -5.74025 -13.8582 24
      vertex -4.3642 -14.34 24
      vertex -5.73646 -13.849 24
    endloop
  endfacet
  facet normal 0 0 1
    outer loop
      vertex -4.3642 -14.34 24
      vertex -5.74025 -13.8582 24
      vertex -4.35427 -14.3541 24
    endloop
  endfacet
  facet normal 0 0 1
    outer loop
      vertex -7.05399 -13.2259 24
      vertex -5.74025 -13.8582 24
      vertex -5.73646 -13.849 24
    endloop
  endfacet
  facet normal 0 0 1
    outer loop
      vertex -7.07095 -13.2288 24
      vertex -7.05399 -13.2259 24
      vertex -7.06628 -13.2201 24
    endloop
  endfacet
  facet normal 0 0 1
    outer loop
      vertex -7.05399 -13.2259 24
      vertex -7.07095 -13.2288 24
      vertex -5.74025 -13.8582 24
    endloop
  endfacet
  facet normal 0 0 1
    outer loop
      vertex -7.07795 -13.2131 24
      vertex -7.07095 -13.2288 24
      vertex -7.06628 -13.2201 24
    endloop
  endfacet
  facet normal -0 0 1
    outer loop
      vertex -8.33355 -12.472 24
      vertex -7.07795 -13.2131 24
      vertex -8.32805 -12.4638 24
    endloop
  endfacet
  facet normal 0 0 1
    outer loop
      vertex -7.07795 -13.2131 24
      vertex -8.33355 -12.472 24
      vertex -7.07095 -13.2288 24
    endloop
  endfacet
  facet normal 0 0 1
    outer loop
      vertex -9.49869 -11.5956 24
      vertex -8.33355 -12.472 24
      vertex -8.32805 -12.4638 24
    endloop
  endfacet
  facet normal -0 0 1
    outer loop
      vertex -9.5159 -11.5952 24
      vertex -9.49869 -11.5956 24
      vertex -9.50962 -11.5875 24
    endloop
  endfacet
  facet normal 0 0 1
    outer loop
      vertex -9.49869 -11.5956 24
      vertex -9.5159 -11.5952 24
      vertex -8.33355 -12.472 24
    endloop
  endfacet
  facet normal 0 0 1
    outer loop
      vertex -10.5895 -10.6087 24
      vertex -9.5159 -11.5952 24
      vertex -9.50962 -11.5875 24
    endloop
  endfacet
  facet normal -0 0 1
    outer loop
      vertex -10.6066 -10.6066 24
      vertex -10.5895 -10.6087 24
      vertex -10.5996 -10.5996 24
    endloop
  endfacet
  facet normal 0 0 1
    outer loop
      vertex -10.5895 -10.6087 24
      vertex -10.6066 -10.6066 24
      vertex -9.5159 -11.5952 24
    endloop
  endfacet
  facet normal 0 0 1
    outer loop
      vertex -10.6087 -10.5895 24
      vertex -10.6066 -10.6066 24
      vertex -10.5996 -10.5996 24
    endloop
  endfacet
  facet normal -0 0 1
    outer loop
      vertex -11.5952 -9.5159 24
      vertex -10.6087 -10.5895 24
      vertex -11.5875 -9.50962 24
    endloop
  endfacet
  facet normal 0 0 1
    outer loop
      vertex -10.6087 -10.5895 24
      vertex -11.5952 -9.5159 24
      vertex -10.6066 -10.6066 24
    endloop
  endfacet
  facet normal 0 0 1
    outer loop
      vertex -11.5956 -9.49869 24
      vertex -11.5952 -9.5159 24
      vertex -11.5875 -9.50962 24
    endloop
  endfacet
  facet normal -0 0 1
    outer loop
      vertex -12.472 -8.33355 24
      vertex -11.5956 -9.49869 24
      vertex -12.4638 -8.32805 24
    endloop
  endfacet
  facet normal 0 0 1
    outer loop
      vertex -11.5956 -9.49869 24
      vertex -12.472 -8.33355 24
      vertex -11.5952 -9.5159 24
    endloop
  endfacet
  facet normal 0 0 1
    outer loop
      vertex -13.2131 -7.07795 24
      vertex -12.472 -8.33355 24
      vertex -12.4638 -8.32805 24
    endloop
  endfacet
  facet normal -0 0 1
    outer loop
      vertex -13.2288 -7.07095 24
      vertex -13.2131 -7.07795 24
      vertex -13.2201 -7.06628 24
    endloop
  endfacet
  facet normal 0 0 1
    outer loop
      vertex -13.2131 -7.07795 24
      vertex -13.2288 -7.07095 24
      vertex -12.472 -8.33355 24
    endloop
  endfacet
  facet normal 0 0 1
    outer loop
      vertex -13.2259 -7.05399 24
      vertex -13.2288 -7.07095 24
      vertex -13.2201 -7.06628 24
    endloop
  endfacet
  facet normal -0 0 1
    outer loop
      vertex -13.8582 -5.74025 24
      vertex -13.2259 -7.05399 24
      vertex -13.849 -5.73646 24
    endloop
  endfacet
  facet normal 0 0 1
    outer loop
      vertex -13.2259 -7.05399 24
      vertex -13.8582 -5.74025 24
      vertex -13.2288 -7.07095 24
    endloop
  endfacet
  facet normal 0 0 1
    outer loop
      vertex -14.34 -4.3642 24
      vertex -13.8582 -5.74025 24
      vertex -13.849 -5.73646 24
    endloop
  endfacet
  facet normal -0 0 1
    outer loop
      vertex -14.3541 -4.35427 24
      vertex -14.34 -4.3642 24
      vertex -14.3446 -4.3514 24
    endloop
  endfacet
  facet normal 0 0 1
    outer loop
      vertex -14.34 -4.3642 24
      vertex -14.3541 -4.35427 24
      vertex -13.8582 -5.74025 24
    endloop
  endfacet
  facet normal 0 0 1
    outer loop
      vertex -14.3479 -4.3382 24
      vertex -14.3541 -4.35427 24
      vertex -14.3446 -4.3514 24
    endloop
  endfacet
  facet normal -0 0 1
    outer loop
      vertex -14.7118 -2.92635 24
      vertex -14.3479 -4.3382 24
      vertex -14.7021 -2.92442 24
    endloop
  endfacet
  facet normal 0 0 1
    outer loop
      vertex -14.3479 -4.3382 24
      vertex -14.7118 -2.92635 24
      vertex -14.3541 -4.35427 24
    endloop
  endfacet
  facet normal 0 0 1
    outer loop
      vertex -14.9159 -1.48274 24
      vertex -14.7118 -2.92635 24
      vertex -14.7021 -2.92442 24
    endloop
  endfacet
  facet normal -0 0 1
    outer loop
      vertex -14.9278 -1.47026 24
      vertex -14.9159 -1.48274 24
      vertex -14.9179 -1.46929 24
    endloop
  endfacet
  facet normal 0 0 1
    outer loop
      vertex -14.9159 -1.48274 24
      vertex -14.9278 -1.47026 24
      vertex -14.7118 -2.92635 24
    endloop
  endfacet
  facet normal 0 0 1
    outer loop
      vertex -14.9186 -1.4557 24
      vertex -14.9278 -1.47026 24
      vertex -14.9179 -1.46929 24
    endloop
  endfacet
  facet normal -0 0 1
    outer loop
      vertex -15 0 24
      vertex -14.9186 -1.4557 24
      vertex -14.9901 0 24
    endloop
  endfacet
  facet normal 0 0 1
    outer loop
      vertex -14.9186 -1.4557 24
      vertex -15 0 24
      vertex -14.9278 -1.47026 24
    endloop
  endfacet
  facet normal 0.710183 0.0348823 0.703152
    outer loop
      vertex 14.9186 1.4557 24
      vertex 14 0 25
      vertex 14.9901 0 24
    endloop
  endfacet
  facet normal -0.17276 -0.689758 0.703127
    outer loop
      vertex -4.06398 -13.3972 25
      vertex -4.3382 -14.3479 24
      vertex -2.73126 -13.731 25
    endloop
  endfacet
  facet normal -0.17246 -0.689839 0.703122
    outer loop
      vertex -4.3382 -14.3479 24
      vertex -4.06398 -13.3972 25
      vertex -4.3514 -14.3446 24
    endloop
  endfacet
  facet normal 0.689758 -0.17276 0.703127
    outer loop
      vertex 13.3972 -4.06398 25
      vertex 14.3479 -4.3382 24
      vertex 13.731 -2.73126 25
    endloop
  endfacet
  facet normal 0.689839 -0.17246 0.703122
    outer loop
      vertex 14.3479 -4.3382 24
      vertex 13.3972 -4.06398 25
      vertex 14.3446 -4.3514 24
    endloop
  endfacet
  facet normal 0.240488 0.669184 0.703106
    outer loop
      vertex 4.06398 13.3972 25
      vertex 4.3642 14.34 24
      vertex 4.3514 14.3446 24
    endloop
  endfacet
  facet normal 0.239573 0.669494 0.703123
    outer loop
      vertex 4.3642 14.34 24
      vertex 4.06398 13.3972 25
      vertex 5.35757 12.9343 25
    endloop
  endfacet
  facet normal 0.423352 -0.571264 0.703157
    outer loop
      vertex 8.88151 -10.8221 25
      vertex 9.49869 -11.5956 24
      vertex 9.50962 -11.5875 24
    endloop
  endfacet
  facet normal 0.423582 -0.571088 0.703162
    outer loop
      vertex 9.49869 -11.5956 24
      vertex 8.88151 -10.8221 25
      vertex 7.77798 -11.6406 25
    endloop
  endfacet
  facet normal 0.609885 -0.36556 0.703141
    outer loop
      vertex 13.2131 -7.07795 24
      vertex 11.6406 -7.77798 25
      vertex 12.4638 -8.32805 24
    endloop
  endfacet
  facet normal -0.689715 -0.172797 0.70316
    outer loop
      vertex -13.731 -2.73126 25
      vertex -14.7021 -2.92442 24
      vertex -14.3479 -4.3382 24
    endloop
  endfacet
  facet normal 0.365537 -0.609883 0.703154
    outer loop
      vertex 6.59955 -12.3469 25
      vertex 7.07795 -13.2131 24
      vertex 7.77798 -11.6406 25
    endloop
  endfacet
  facet normal 0.365751 -0.60976 0.703149
    outer loop
      vertex 7.07795 -13.2131 24
      vertex 6.59955 -12.3469 25
      vertex 7.06628 -13.2201 24
    endloop
  endfacet
  facet normal 0.571088 -0.423582 0.703162
    outer loop
      vertex 10.8221 -8.88151 25
      vertex 11.5956 -9.49869 24
      vertex 11.6406 -7.77798 25
    endloop
  endfacet
  facet normal 0.571264 -0.423352 0.703157
    outer loop
      vertex 11.5956 -9.49869 24
      vertex 10.8221 -8.88151 25
      vertex 11.5875 -9.50962 24
    endloop
  endfacet
  facet normal -0.42357 0.571122 0.703141
    outer loop
      vertex -8.32805 12.4638 24
      vertex -9.49869 11.5956 24
      vertex -7.77798 11.6406 25
    endloop
  endfacet
  facet normal -0.689715 0.172797 0.70316
    outer loop
      vertex -14.3479 4.3382 24
      vertex -14.7021 2.92442 24
      vertex -13.731 2.73126 25
    endloop
  endfacet
  facet normal -0.172797 -0.689715 0.70316
    outer loop
      vertex -2.73126 -13.731 25
      vertex -4.3382 -14.3479 24
      vertex -2.92442 -14.7021 24
    endloop
  endfacet
  facet normal -0.0348819 0.710183 0.703152
    outer loop
      vertex -1.4557 14.9186 24
      vertex -1.37224 13.9326 25
      vertex 0 14 25
    endloop
  endfacet
  facet normal -0.0365746 0.71007 0.703181
    outer loop
      vertex -1.37224 13.9326 25
      vertex -1.4557 14.9186 24
      vertex -1.46929 14.9179 24
    endloop
  endfacet
  facet normal 0.36556 -0.609885 0.703141
    outer loop
      vertex 7.77798 -11.6406 25
      vertex 7.07795 -13.2131 24
      vertex 8.32805 -12.4638 24
    endloop
  endfacet
  facet normal 0.526863 -0.477504 0.703139
    outer loop
      vertex 9.89949 -9.89949 25
      vertex 10.6087 -10.5895 24
      vertex 10.8221 -8.88151 25
    endloop
  endfacet
  facet normal 0.528289 -0.475983 0.703101
    outer loop
      vertex 10.6087 -10.5895 24
      vertex 9.89949 -9.89949 25
      vertex 10.5996 -10.5996 24
    endloop
  endfacet
  facet normal -0.0348823 0.710183 0.703152
    outer loop
      vertex 0 14.9901 24
      vertex -1.4557 14.9186 24
      vertex 0 14 25
    endloop
  endfacet
  facet normal 0.64279 0.303995 0.703141
    outer loop
      vertex 13.2259 7.05399 24
      vertex 12.9343 5.35757 25
      vertex 13.849 5.73646 24
    endloop
  endfacet
  facet normal 0.528289 0.475983 0.703101
    outer loop
      vertex 9.89949 9.89949 25
      vertex 10.6087 10.5895 24
      vertex 10.5996 10.5996 24
    endloop
  endfacet
  facet normal 0.526863 0.477504 0.703139
    outer loop
      vertex 10.6087 10.5895 24
      vertex 9.89949 9.89949 25
      vertex 10.8221 8.88151 25
    endloop
  endfacet
  facet normal 0.642776 -0.304004 0.703151
    outer loop
      vertex 12.3469 -6.59955 25
      vertex 13.2259 -7.05399 24
      vertex 12.9343 -5.35757 25
    endloop
  endfacet
  facet normal 0.64304 -0.303469 0.70314
    outer loop
      vertex 13.2259 -7.05399 24
      vertex 12.3469 -6.59955 25
      vertex 13.2201 -7.06628 24
    endloop
  endfacet
  facet normal -0.703324 -0.104583 0.703135
    outer loop
      vertex -14.9159 -1.48274 24
      vertex -13.9326 -1.37224 25
      vertex -14.9179 -1.46929 24
    endloop
  endfacet
  facet normal -0.703356 -0.104337 0.703139
    outer loop
      vertex -13.9326 -1.37224 25
      vertex -14.9159 -1.48274 24
      vertex -13.731 -2.73126 25
    endloop
  endfacet
  facet normal -0.36556 0.609885 0.703141
    outer loop
      vertex -7.07795 13.2131 24
      vertex -8.32805 12.4638 24
      vertex -7.77798 11.6406 25
    endloop
  endfacet
  facet normal 0.571264 0.423352 0.703157
    outer loop
      vertex 10.8221 8.88151 25
      vertex 11.5956 9.49869 24
      vertex 11.5875 9.50962 24
    endloop
  endfacet
  facet normal 0.571088 0.423582 0.703162
    outer loop
      vertex 11.5956 9.49869 24
      vertex 10.8221 8.88151 25
      vertex 11.6406 7.77798 25
    endloop
  endfacet
  facet normal 0.710183 -0.0348823 0.703152
    outer loop
      vertex 14.9901 0 24
      vertex 14 0 25
      vertex 14.9186 -1.4557 24
    endloop
  endfacet
  facet normal 0.0348819 -0.710183 0.703152
    outer loop
      vertex 1.4557 -14.9186 24
      vertex 1.37224 -13.9326 25
      vertex 0 -14 25
    endloop
  endfacet
  facet normal 0.0365746 -0.71007 0.703181
    outer loop
      vertex 1.37224 -13.9326 25
      vertex 1.4557 -14.9186 24
      vertex 1.46929 -14.9179 24
    endloop
  endfacet
  facet normal 0.703356 0.104337 0.703139
    outer loop
      vertex 13.9326 1.37224 25
      vertex 14.9159 1.48274 24
      vertex 13.731 2.73126 25
    endloop
  endfacet
  facet normal 0.703324 0.104583 0.703135
    outer loop
      vertex 14.9159 1.48274 24
      vertex 13.9326 1.37224 25
      vertex 14.9179 1.46929 24
    endloop
  endfacet
  facet normal 0.104305 0.703339 0.70316
    outer loop
      vertex 2.92442 14.7021 24
      vertex 1.48274 14.9159 24
      vertex 2.73126 13.731 25
    endloop
  endfacet
  facet normal 0.571122 0.42357 0.703141
    outer loop
      vertex 12.4638 8.32805 24
      vertex 11.5956 9.49869 24
      vertex 11.6406 7.77798 25
    endloop
  endfacet
  facet normal 0.303469 0.64304 0.70314
    outer loop
      vertex 7.05399 13.2259 24
      vertex 6.59955 12.3469 25
      vertex 7.06628 13.2201 24
    endloop
  endfacet
  facet normal 0.304004 0.642776 0.703151
    outer loop
      vertex 6.59955 12.3469 25
      vertex 7.05399 13.2259 24
      vertex 5.35757 12.9343 25
    endloop
  endfacet
  facet normal 0.239545 0.669486 0.70314
    outer loop
      vertex 5.73646 13.849 24
      vertex 4.3642 14.34 24
      vertex 5.35757 12.9343 25
    endloop
  endfacet
  facet normal -0.526825 -0.477513 0.703162
    outer loop
      vertex -10.8221 -8.88151 25
      vertex -11.5875 -9.50962 24
      vertex -10.6087 -10.5895 24
    endloop
  endfacet
  facet normal -0.609885 -0.36556 0.703141
    outer loop
      vertex -11.6406 -7.77798 25
      vertex -13.2131 -7.07795 24
      vertex -12.4638 -8.32805 24
    endloop
  endfacet
  facet normal -0.609883 0.365537 0.703154
    outer loop
      vertex -13.2131 7.07795 24
      vertex -12.3469 6.59955 25
      vertex -11.6406 7.77798 25
    endloop
  endfacet
  facet normal -0.60976 0.365751 0.703149
    outer loop
      vertex -12.3469 6.59955 25
      vertex -13.2131 7.07795 24
      vertex -13.2201 7.06628 24
    endloop
  endfacet
  facet normal 0.669184 0.240488 0.703106
    outer loop
      vertex 14.34 4.3642 24
      vertex 13.3972 4.06398 25
      vertex 14.3446 4.3514 24
    endloop
  endfacet
  facet normal 0.669494 0.239573 0.703123
    outer loop
      vertex 13.3972 4.06398 25
      vertex 14.34 4.3642 24
      vertex 12.9343 5.35757 25
    endloop
  endfacet
  facet normal -0.669486 0.239545 0.70314
    outer loop
      vertex -13.849 5.73646 24
      vertex -14.34 4.3642 24
      vertex -12.9343 5.35757 25
    endloop
  endfacet
  facet normal -0.642776 -0.304004 0.703151
    outer loop
      vertex -13.2259 -7.05399 24
      vertex -12.3469 -6.59955 25
      vertex -12.9343 -5.35757 25
    endloop
  endfacet
  facet normal -0.64304 -0.303469 0.70314
    outer loop
      vertex -12.3469 -6.59955 25
      vertex -13.2259 -7.05399 24
      vertex -13.2201 -7.06628 24
    endloop
  endfacet
  facet normal 0.689839 0.17246 0.703122
    outer loop
      vertex 13.3972 4.06398 25
      vertex 14.3479 4.3382 24
      vertex 14.3446 4.3514 24
    endloop
  endfacet
  facet normal 0.689758 0.17276 0.703127
    outer loop
      vertex 14.3479 4.3382 24
      vertex 13.3972 4.06398 25
      vertex 13.731 2.73126 25
    endloop
  endfacet
  facet normal -0.710183 -0.0348823 0.703152
    outer loop
      vertex -14 0 25
      vertex -14.9901 0 24
      vertex -14.9186 -1.4557 24
    endloop
  endfacet
  facet normal -0.17276 0.689758 0.703127
    outer loop
      vertex -4.3382 14.3479 24
      vertex -4.06398 13.3972 25
      vertex -2.73126 13.731 25
    endloop
  endfacet
  facet normal -0.17246 0.689839 0.703122
    outer loop
      vertex -4.06398 13.3972 25
      vertex -4.3382 14.3479 24
      vertex -4.3514 14.3446 24
    endloop
  endfacet
  facet normal -0.104305 0.703339 0.70316
    outer loop
      vertex -1.48274 14.9159 24
      vertex -2.92442 14.7021 24
      vertex -2.73126 13.731 25
    endloop
  endfacet
  facet normal 0.71007 0.0365746 0.703181
    outer loop
      vertex 13.9326 1.37224 25
      vertex 14.9186 1.4557 24
      vertex 14.9179 1.46929 24
    endloop
  endfacet
  facet normal 0.710183 0.0348819 0.703152
    outer loop
      vertex 14.9186 1.4557 24
      vertex 13.9326 1.37224 25
      vertex 14 0 25
    endloop
  endfacet
  facet normal 0.669486 -0.239545 0.70314
    outer loop
      vertex 14.34 -4.3642 24
      vertex 12.9343 -5.35757 25
      vertex 13.849 -5.73646 24
    endloop
  endfacet
  facet normal 0.0365746 0.71007 0.703181
    outer loop
      vertex 1.4557 14.9186 24
      vertex 1.37224 13.9326 25
      vertex 1.46929 14.9179 24
    endloop
  endfacet
  facet normal 0.0348819 0.710183 0.703152
    outer loop
      vertex 1.37224 13.9326 25
      vertex 1.4557 14.9186 24
      vertex 0 14 25
    endloop
  endfacet
  facet normal 0.239545 -0.669486 0.70314
    outer loop
      vertex 5.35757 -12.9343 25
      vertex 4.3642 -14.34 24
      vertex 5.73646 -13.849 24
    endloop
  endfacet
  facet normal 0.475983 0.528289 0.703101
    outer loop
      vertex 10.5895 10.6087 24
      vertex 9.89949 9.89949 25
      vertex 10.5996 10.5996 24
    endloop
  endfacet
  facet normal 0.477504 0.526863 0.703139
    outer loop
      vertex 9.89949 9.89949 25
      vertex 10.5895 10.6087 24
      vertex 8.88151 10.8221 25
    endloop
  endfacet
  facet normal -0.477513 0.526825 0.703162
    outer loop
      vertex -9.50962 11.5875 24
      vertex -10.5895 10.6087 24
      vertex -8.88151 10.8221 25
    endloop
  endfacet
  facet normal 0.172797 0.689715 0.70316
    outer loop
      vertex 2.92442 14.7021 24
      vertex 2.73126 13.731 25
      vertex 4.3382 14.3479 24
    endloop
  endfacet
  facet normal 0.64304 0.303469 0.70314
    outer loop
      vertex 12.3469 6.59955 25
      vertex 13.2259 7.05399 24
      vertex 13.2201 7.06628 24
    endloop
  endfacet
  facet normal 0.642776 0.304004 0.703151
    outer loop
      vertex 13.2259 7.05399 24
      vertex 12.3469 6.59955 25
      vertex 12.9343 5.35757 25
    endloop
  endfacet
  facet normal 0.60976 0.365751 0.703149
    outer loop
      vertex 13.2131 7.07795 24
      vertex 12.3469 6.59955 25
      vertex 13.2201 7.06628 24
    endloop
  endfacet
  facet normal 0.609883 0.365537 0.703154
    outer loop
      vertex 12.3469 6.59955 25
      vertex 13.2131 7.07795 24
      vertex 11.6406 7.77798 25
    endloop
  endfacet
  facet normal 0.0348823 0.710183 0.703152
    outer loop
      vertex 0 14.9901 24
      vertex 0 14 25
      vertex 1.4557 14.9186 24
    endloop
  endfacet
  facet normal -0.571122 -0.42357 0.703141
    outer loop
      vertex -11.6406 -7.77798 25
      vertex -12.4638 -8.32805 24
      vertex -11.5956 -9.49869 24
    endloop
  endfacet
  facet normal 0.17246 0.689839 0.703122
    outer loop
      vertex 4.3382 14.3479 24
      vertex 4.06398 13.3972 25
      vertex 4.3514 14.3446 24
    endloop
  endfacet
  facet normal 0.17276 0.689758 0.703127
    outer loop
      vertex 4.06398 13.3972 25
      vertex 4.3382 14.3479 24
      vertex 2.73126 13.731 25
    endloop
  endfacet
  facet normal -0.36556 -0.609885 0.703141
    outer loop
      vertex -7.77798 -11.6406 25
      vertex -8.32805 -12.4638 24
      vertex -7.07795 -13.2131 24
    endloop
  endfacet
  facet normal -0.423582 0.571088 0.703162
    outer loop
      vertex -9.49869 11.5956 24
      vertex -8.88151 10.8221 25
      vertex -7.77798 11.6406 25
    endloop
  endfacet
  facet normal -0.423352 0.571264 0.703157
    outer loop
      vertex -8.88151 10.8221 25
      vertex -9.49869 11.5956 24
      vertex -9.50962 11.5875 24
    endloop
  endfacet
  facet normal -0.669486 -0.239545 0.70314
    outer loop
      vertex -12.9343 -5.35757 25
      vertex -14.34 -4.3642 24
      vertex -13.849 -5.73646 24
    endloop
  endfacet
  facet normal 0.689715 -0.172797 0.70316
    outer loop
      vertex 14.7021 -2.92442 24
      vertex 13.731 -2.73126 25
      vertex 14.3479 -4.3382 24
    endloop
  endfacet
  facet normal 0.477513 0.526825 0.703162
    outer loop
      vertex 9.50962 11.5875 24
      vertex 8.88151 10.8221 25
      vertex 10.5895 10.6087 24
    endloop
  endfacet
  facet normal 0.303995 0.64279 0.703141
    outer loop
      vertex 5.73646 13.849 24
      vertex 5.35757 12.9343 25
      vertex 7.05399 13.2259 24
    endloop
  endfacet
  facet normal -0.528289 0.475983 0.703101
    outer loop
      vertex -10.6087 10.5895 24
      vertex -9.89949 9.89949 25
      vertex -10.5996 10.5996 24
    endloop
  endfacet
  facet normal -0.526863 0.477504 0.703139
    outer loop
      vertex -9.89949 9.89949 25
      vertex -10.6087 10.5895 24
      vertex -10.8221 8.88151 25
    endloop
  endfacet
  facet normal -0.423582 -0.571088 0.703162
    outer loop
      vertex -8.88151 -10.8221 25
      vertex -9.49869 -11.5956 24
      vertex -7.77798 -11.6406 25
    endloop
  endfacet
  facet normal -0.423352 -0.571264 0.703157
    outer loop
      vertex -9.49869 -11.5956 24
      vertex -8.88151 -10.8221 25
      vertex -9.50962 -11.5875 24
    endloop
  endfacet
  facet normal -0.104305 -0.703339 0.70316
    outer loop
      vertex -2.73126 -13.731 25
      vertex -2.92442 -14.7021 24
      vertex -1.48274 -14.9159 24
    endloop
  endfacet
  facet normal -0.303995 -0.64279 0.703141
    outer loop
      vertex -5.35757 -12.9343 25
      vertex -7.05399 -13.2259 24
      vertex -5.73646 -13.849 24
    endloop
  endfacet
  facet normal -0.703339 0.104305 0.70316
    outer loop
      vertex -14.7021 2.92442 24
      vertex -14.9159 1.48274 24
      vertex -13.731 2.73126 25
    endloop
  endfacet
  facet normal 0.42357 0.571122 0.703141
    outer loop
      vertex 8.32805 12.4638 24
      vertex 7.77798 11.6406 25
      vertex 9.49869 11.5956 24
    endloop
  endfacet
  facet normal 0.669486 0.239545 0.70314
    outer loop
      vertex 13.849 5.73646 24
      vertex 12.9343 5.35757 25
      vertex 14.34 4.3642 24
    endloop
  endfacet
  facet normal -0.42357 -0.571122 0.703141
    outer loop
      vertex -7.77798 -11.6406 25
      vertex -9.49869 -11.5956 24
      vertex -8.32805 -12.4638 24
    endloop
  endfacet
  facet normal 0.689715 0.172797 0.70316
    outer loop
      vertex 14.3479 4.3382 24
      vertex 13.731 2.73126 25
      vertex 14.7021 2.92442 24
    endloop
  endfacet
  facet normal 0.703339 0.104305 0.70316
    outer loop
      vertex 14.7021 2.92442 24
      vertex 13.731 2.73126 25
      vertex 14.9159 1.48274 24
    endloop
  endfacet
  facet normal -0.172797 0.689715 0.70316
    outer loop
      vertex -2.92442 14.7021 24
      vertex -4.3382 14.3479 24
      vertex -2.73126 13.731 25
    endloop
  endfacet
  facet normal -0.104337 -0.703356 0.703139
    outer loop
      vertex -1.48274 -14.9159 24
      vertex -1.37224 -13.9326 25
      vertex -2.73126 -13.731 25
    endloop
  endfacet
  facet normal -0.104583 -0.703324 0.703135
    outer loop
      vertex -1.37224 -13.9326 25
      vertex -1.48274 -14.9159 24
      vertex -1.46929 -14.9179 24
    endloop
  endfacet
  facet normal -0.571264 0.423352 0.703157
    outer loop
      vertex -11.5956 9.49869 24
      vertex -10.8221 8.88151 25
      vertex -11.5875 9.50962 24
    endloop
  endfacet
  facet normal -0.571088 0.423582 0.703162
    outer loop
      vertex -10.8221 8.88151 25
      vertex -11.5956 9.49869 24
      vertex -11.6406 7.77798 25
    endloop
  endfacet
  facet normal 0.703339 -0.104305 0.70316
    outer loop
      vertex 14.9159 -1.48274 24
      vertex 13.731 -2.73126 25
      vertex 14.7021 -2.92442 24
    endloop
  endfacet
  facet normal -0.239545 -0.669486 0.70314
    outer loop
      vertex -5.35757 -12.9343 25
      vertex -5.73646 -13.849 24
      vertex -4.3642 -14.34 24
    endloop
  endfacet
  facet normal 0.477513 -0.526825 0.703162
    outer loop
      vertex 10.5895 -10.6087 24
      vertex 8.88151 -10.8221 25
      vertex 9.50962 -11.5875 24
    endloop
  endfacet
  facet normal 0.526825 0.477513 0.703162
    outer loop
      vertex 11.5875 9.50962 24
      vertex 10.6087 10.5895 24
      vertex 10.8221 8.88151 25
    endloop
  endfacet
  facet normal 0.36556 0.609885 0.703141
    outer loop
      vertex 8.32805 12.4638 24
      vertex 7.07795 13.2131 24
      vertex 7.77798 11.6406 25
    endloop
  endfacet
  facet normal -0.240488 0.669184 0.703106
    outer loop
      vertex -4.3642 14.34 24
      vertex -4.06398 13.3972 25
      vertex -4.3514 14.3446 24
    endloop
  endfacet
  facet normal -0.239573 0.669494 0.703123
    outer loop
      vertex -4.06398 13.3972 25
      vertex -4.3642 14.34 24
      vertex -5.35757 12.9343 25
    endloop
  endfacet
  facet normal 0.104337 0.703356 0.703139
    outer loop
      vertex 1.48274 14.9159 24
      vertex 1.37224 13.9326 25
      vertex 2.73126 13.731 25
    endloop
  endfacet
  facet normal 0.104583 0.703324 0.703135
    outer loop
      vertex 1.37224 13.9326 25
      vertex 1.48274 14.9159 24
      vertex 1.46929 14.9179 24
    endloop
  endfacet
  facet normal 0.303995 -0.64279 0.703141
    outer loop
      vertex 7.05399 -13.2259 24
      vertex 5.35757 -12.9343 25
      vertex 5.73646 -13.849 24
    endloop
  endfacet
  facet normal 0.172797 -0.689715 0.70316
    outer loop
      vertex 4.3382 -14.3479 24
      vertex 2.73126 -13.731 25
      vertex 2.92442 -14.7021 24
    endloop
  endfacet
  facet normal -0.689758 -0.17276 0.703127
    outer loop
      vertex -14.3479 -4.3382 24
      vertex -13.3972 -4.06398 25
      vertex -13.731 -2.73126 25
    endloop
  endfacet
  facet normal -0.689839 -0.17246 0.703122
    outer loop
      vertex -13.3972 -4.06398 25
      vertex -14.3479 -4.3382 24
      vertex -14.3446 -4.3514 24
    endloop
  endfacet
  facet normal -0.64279 0.303995 0.703141
    outer loop
      vertex -13.2259 7.05399 24
      vertex -13.849 5.73646 24
      vertex -12.9343 5.35757 25
    endloop
  endfacet
  facet normal -0.71007 0.0365746 0.703181
    outer loop
      vertex -14.9186 1.4557 24
      vertex -13.9326 1.37224 25
      vertex -14.9179 1.46929 24
    endloop
  endfacet
  facet normal -0.710183 0.0348819 0.703152
    outer loop
      vertex -13.9326 1.37224 25
      vertex -14.9186 1.4557 24
      vertex -14 0 25
    endloop
  endfacet
  facet normal -0.710183 0.0348823 0.703152
    outer loop
      vertex -14.9186 1.4557 24
      vertex -14.9901 0 24
      vertex -14 0 25
    endloop
  endfacet
  facet normal -0.571122 0.42357 0.703141
    outer loop
      vertex -11.5956 9.49869 24
      vertex -12.4638 8.32805 24
      vertex -11.6406 7.77798 25
    endloop
  endfacet
  facet normal 0.423352 0.571264 0.703157
    outer loop
      vertex 9.49869 11.5956 24
      vertex 8.88151 10.8221 25
      vertex 9.50962 11.5875 24
    endloop
  endfacet
  facet normal 0.423582 0.571088 0.703162
    outer loop
      vertex 8.88151 10.8221 25
      vertex 9.49869 11.5956 24
      vertex 7.77798 11.6406 25
    endloop
  endfacet
  facet normal 0.64279 -0.303995 0.703141
    outer loop
      vertex 13.849 -5.73646 24
      vertex 12.9343 -5.35757 25
      vertex 13.2259 -7.05399 24
    endloop
  endfacet
  facet normal 0.239573 -0.669494 0.703123
    outer loop
      vertex 4.06398 -13.3972 25
      vertex 4.3642 -14.34 24
      vertex 5.35757 -12.9343 25
    endloop
  endfacet
  facet normal 0.240488 -0.669184 0.703106
    outer loop
      vertex 4.3642 -14.34 24
      vertex 4.06398 -13.3972 25
      vertex 4.3514 -14.3446 24
    endloop
  endfacet
  facet normal -0.64279 -0.303995 0.703141
    outer loop
      vertex -12.9343 -5.35757 25
      vertex -13.849 -5.73646 24
      vertex -13.2259 -7.05399 24
    endloop
  endfacet
  facet normal 0.571122 -0.42357 0.703141
    outer loop
      vertex 11.6406 -7.77798 25
      vertex 11.5956 -9.49869 24
      vertex 12.4638 -8.32805 24
    endloop
  endfacet
  facet normal 0.0348823 -0.710183 0.703152
    outer loop
      vertex 0 -14 25
      vertex 0 -14.9901 24
      vertex 1.4557 -14.9186 24
    endloop
  endfacet
  facet normal 0.475983 -0.528289 0.703101
    outer loop
      vertex 9.89949 -9.89949 25
      vertex 10.5895 -10.6087 24
      vertex 10.5996 -10.5996 24
    endloop
  endfacet
  facet normal 0.477504 -0.526863 0.703139
    outer loop
      vertex 10.5895 -10.6087 24
      vertex 9.89949 -9.89949 25
      vertex 8.88151 -10.8221 25
    endloop
  endfacet
  facet normal 0.669184 -0.240488 0.703106
    outer loop
      vertex 13.3972 -4.06398 25
      vertex 14.34 -4.3642 24
      vertex 14.3446 -4.3514 24
    endloop
  endfacet
  facet normal 0.669494 -0.239573 0.703123
    outer loop
      vertex 14.34 -4.3642 24
      vertex 13.3972 -4.06398 25
      vertex 12.9343 -5.35757 25
    endloop
  endfacet
  facet normal -0.303995 0.64279 0.703141
    outer loop
      vertex -5.73646 13.849 24
      vertex -7.05399 13.2259 24
      vertex -5.35757 12.9343 25
    endloop
  endfacet
  facet normal -0.240488 -0.669184 0.703106
    outer loop
      vertex -4.06398 -13.3972 25
      vertex -4.3642 -14.34 24
      vertex -4.3514 -14.3446 24
    endloop
  endfacet
  facet normal -0.239573 -0.669494 0.703123
    outer loop
      vertex -4.3642 -14.34 24
      vertex -4.06398 -13.3972 25
      vertex -5.35757 -12.9343 25
    endloop
  endfacet
  facet normal 0.609885 0.36556 0.703141
    outer loop
      vertex 12.4638 8.32805 24
      vertex 11.6406 7.77798 25
      vertex 13.2131 7.07795 24
    endloop
  endfacet
  facet normal 0.526825 -0.477513 0.703162
    outer loop
      vertex 10.8221 -8.88151 25
      vertex 10.6087 -10.5895 24
      vertex 11.5875 -9.50962 24
    endloop
  endfacet
  facet normal 0.42357 -0.571122 0.703141
    outer loop
      vertex 9.49869 -11.5956 24
      vertex 7.77798 -11.6406 25
      vertex 8.32805 -12.4638 24
    endloop
  endfacet
  facet normal -0.669494 -0.239573 0.703123
    outer loop
      vertex -13.3972 -4.06398 25
      vertex -14.34 -4.3642 24
      vertex -12.9343 -5.35757 25
    endloop
  endfacet
  facet normal -0.669184 -0.240488 0.703106
    outer loop
      vertex -14.34 -4.3642 24
      vertex -13.3972 -4.06398 25
      vertex -14.3446 -4.3514 24
    endloop
  endfacet
  facet normal -0.0348823 -0.710183 0.703152
    outer loop
      vertex 0 -14 25
      vertex -1.4557 -14.9186 24
      vertex 0 -14.9901 24
    endloop
  endfacet
  facet normal -0.239545 0.669486 0.70314
    outer loop
      vertex -4.3642 14.34 24
      vertex -5.73646 13.849 24
      vertex -5.35757 12.9343 25
    endloop
  endfacet
  facet normal -0.477504 0.526863 0.703139
    outer loop
      vertex -10.5895 10.6087 24
      vertex -9.89949 9.89949 25
      vertex -8.88151 10.8221 25
    endloop
  endfacet
  facet normal -0.475983 0.528289 0.703101
    outer loop
      vertex -9.89949 9.89949 25
      vertex -10.5895 10.6087 24
      vertex -10.5996 10.5996 24
    endloop
  endfacet
  facet normal -0.703324 0.104583 0.703135
    outer loop
      vertex -13.9326 1.37224 25
      vertex -14.9159 1.48274 24
      vertex -14.9179 1.46929 24
    endloop
  endfacet
  facet normal -0.703356 0.104337 0.703139
    outer loop
      vertex -14.9159 1.48274 24
      vertex -13.9326 1.37224 25
      vertex -13.731 2.73126 25
    endloop
  endfacet
  facet normal -0.304004 0.642776 0.703151
    outer loop
      vertex -7.05399 13.2259 24
      vertex -6.59955 12.3469 25
      vertex -5.35757 12.9343 25
    endloop
  endfacet
  facet normal -0.303469 0.64304 0.70314
    outer loop
      vertex -6.59955 12.3469 25
      vertex -7.05399 13.2259 24
      vertex -7.06628 13.2201 24
    endloop
  endfacet
  facet normal 0.703324 -0.104583 0.703135
    outer loop
      vertex 13.9326 -1.37224 25
      vertex 14.9159 -1.48274 24
      vertex 14.9179 -1.46929 24
    endloop
  endfacet
  facet normal 0.703356 -0.104337 0.703139
    outer loop
      vertex 14.9159 -1.48274 24
      vertex 13.9326 -1.37224 25
      vertex 13.731 -2.73126 25
    endloop
  endfacet
  facet normal 0.710183 -0.0348819 0.703152
    outer loop
      vertex 13.9326 -1.37224 25
      vertex 14.9186 -1.4557 24
      vertex 14 0 25
    endloop
  endfacet
  facet normal 0.71007 -0.0365746 0.703181
    outer loop
      vertex 14.9186 -1.4557 24
      vertex 13.9326 -1.37224 25
      vertex 14.9179 -1.46929 24
    endloop
  endfacet
  facet normal -0.526825 0.477513 0.703162
    outer loop
      vertex -10.6087 10.5895 24
      vertex -11.5875 9.50962 24
      vertex -10.8221 8.88151 25
    endloop
  endfacet
  facet normal -0.703339 -0.104305 0.70316
    outer loop
      vertex -13.731 -2.73126 25
      vertex -14.9159 -1.48274 24
      vertex -14.7021 -2.92442 24
    endloop
  endfacet
  facet normal -0.304004 -0.642776 0.703151
    outer loop
      vertex -6.59955 -12.3469 25
      vertex -7.05399 -13.2259 24
      vertex -5.35757 -12.9343 25
    endloop
  endfacet
  facet normal -0.303469 -0.64304 0.70314
    outer loop
      vertex -7.05399 -13.2259 24
      vertex -6.59955 -12.3469 25
      vertex -7.06628 -13.2201 24
    endloop
  endfacet
  facet normal -0.710183 -0.0348819 0.703152
    outer loop
      vertex -14.9186 -1.4557 24
      vertex -13.9326 -1.37224 25
      vertex -14 0 25
    endloop
  endfacet
  facet normal -0.71007 -0.0365746 0.703181
    outer loop
      vertex -13.9326 -1.37224 25
      vertex -14.9186 -1.4557 24
      vertex -14.9179 -1.46929 24
    endloop
  endfacet
  facet normal 0.303469 -0.64304 0.70314
    outer loop
      vertex 6.59955 -12.3469 25
      vertex 7.05399 -13.2259 24
      vertex 7.06628 -13.2201 24
    endloop
  endfacet
  facet normal 0.304004 -0.642776 0.703151
    outer loop
      vertex 7.05399 -13.2259 24
      vertex 6.59955 -12.3469 25
      vertex 5.35757 -12.9343 25
    endloop
  endfacet
  facet normal 0.60976 -0.365751 0.703149
    outer loop
      vertex 12.3469 -6.59955 25
      vertex 13.2131 -7.07795 24
      vertex 13.2201 -7.06628 24
    endloop
  endfacet
  facet normal 0.609883 -0.365537 0.703154
    outer loop
      vertex 13.2131 -7.07795 24
      vertex 12.3469 -6.59955 25
      vertex 11.6406 -7.77798 25
    endloop
  endfacet
  facet normal -0.609885 0.36556 0.703141
    outer loop
      vertex -12.4638 8.32805 24
      vertex -13.2131 7.07795 24
      vertex -11.6406 7.77798 25
    endloop
  endfacet
  facet normal -0.365751 -0.60976 0.703149
    outer loop
      vertex -6.59955 -12.3469 25
      vertex -7.07795 -13.2131 24
      vertex -7.06628 -13.2201 24
    endloop
  endfacet
  facet normal -0.365537 -0.609883 0.703154
    outer loop
      vertex -7.07795 -13.2131 24
      vertex -6.59955 -12.3469 25
      vertex -7.77798 -11.6406 25
    endloop
  endfacet
  facet normal 0.365751 0.60976 0.703149
    outer loop
      vertex 6.59955 12.3469 25
      vertex 7.07795 13.2131 24
      vertex 7.06628 13.2201 24
    endloop
  endfacet
  facet normal 0.365537 0.609883 0.703154
    outer loop
      vertex 7.07795 13.2131 24
      vertex 6.59955 12.3469 25
      vertex 7.77798 11.6406 25
    endloop
  endfacet
  facet normal -0.104583 0.703324 0.703135
    outer loop
      vertex -1.48274 14.9159 24
      vertex -1.37224 13.9326 25
      vertex -1.46929 14.9179 24
    endloop
  endfacet
  facet normal -0.104337 0.703356 0.703139
    outer loop
      vertex -1.37224 13.9326 25
      vertex -1.48274 14.9159 24
      vertex -2.73126 13.731 25
    endloop
  endfacet
  facet normal -0.64304 0.303469 0.70314
    outer loop
      vertex -13.2259 7.05399 24
      vertex -12.3469 6.59955 25
      vertex -13.2201 7.06628 24
    endloop
  endfacet
  facet normal -0.642776 0.304004 0.703151
    outer loop
      vertex -12.3469 6.59955 25
      vertex -13.2259 7.05399 24
      vertex -12.9343 5.35757 25
    endloop
  endfacet
  facet normal -0.0365746 -0.71007 0.703181
    outer loop
      vertex -1.4557 -14.9186 24
      vertex -1.37224 -13.9326 25
      vertex -1.46929 -14.9179 24
    endloop
  endfacet
  facet normal -0.0348819 -0.710183 0.703152
    outer loop
      vertex -1.37224 -13.9326 25
      vertex -1.4557 -14.9186 24
      vertex 0 -14 25
    endloop
  endfacet
  facet normal -0.365751 0.60976 0.703149
    outer loop
      vertex -7.07795 13.2131 24
      vertex -6.59955 12.3469 25
      vertex -7.06628 13.2201 24
    endloop
  endfacet
  facet normal -0.365537 0.609883 0.703154
    outer loop
      vertex -6.59955 12.3469 25
      vertex -7.07795 13.2131 24
      vertex -7.77798 11.6406 25
    endloop
  endfacet
  facet normal -0.571264 -0.423352 0.703157
    outer loop
      vertex -10.8221 -8.88151 25
      vertex -11.5956 -9.49869 24
      vertex -11.5875 -9.50962 24
    endloop
  endfacet
  facet normal -0.571088 -0.423582 0.703162
    outer loop
      vertex -11.5956 -9.49869 24
      vertex -10.8221 -8.88151 25
      vertex -11.6406 -7.77798 25
    endloop
  endfacet
  facet normal -0.609883 -0.365537 0.703154
    outer loop
      vertex -12.3469 -6.59955 25
      vertex -13.2131 -7.07795 24
      vertex -11.6406 -7.77798 25
    endloop
  endfacet
  facet normal -0.60976 -0.365751 0.703149
    outer loop
      vertex -13.2131 -7.07795 24
      vertex -12.3469 -6.59955 25
      vertex -13.2201 -7.06628 24
    endloop
  endfacet
  facet normal 0.104583 -0.703324 0.703135
    outer loop
      vertex 1.48274 -14.9159 24
      vertex 1.37224 -13.9326 25
      vertex 1.46929 -14.9179 24
    endloop
  endfacet
  facet normal 0.104337 -0.703356 0.703139
    outer loop
      vertex 1.37224 -13.9326 25
      vertex 1.48274 -14.9159 24
      vertex 2.73126 -13.731 25
    endloop
  endfacet
  facet normal -0.528289 -0.475983 0.703101
    outer loop
      vertex -9.89949 -9.89949 25
      vertex -10.6087 -10.5895 24
      vertex -10.5996 -10.5996 24
    endloop
  endfacet
  facet normal -0.526863 -0.477504 0.703139
    outer loop
      vertex -10.6087 -10.5895 24
      vertex -9.89949 -9.89949 25
      vertex -10.8221 -8.88151 25
    endloop
  endfacet
  facet normal -0.669494 0.239573 0.703123
    outer loop
      vertex -14.34 4.3642 24
      vertex -13.3972 4.06398 25
      vertex -12.9343 5.35757 25
    endloop
  endfacet
  facet normal -0.669184 0.240488 0.703106
    outer loop
      vertex -13.3972 4.06398 25
      vertex -14.34 4.3642 24
      vertex -14.3446 4.3514 24
    endloop
  endfacet
  facet normal -0.689839 0.17246 0.703122
    outer loop
      vertex -14.3479 4.3382 24
      vertex -13.3972 4.06398 25
      vertex -14.3446 4.3514 24
    endloop
  endfacet
  facet normal -0.689758 0.17276 0.703127
    outer loop
      vertex -13.3972 4.06398 25
      vertex -14.3479 4.3382 24
      vertex -13.731 2.73126 25
    endloop
  endfacet
  facet normal -0.477504 -0.526863 0.703139
    outer loop
      vertex -9.89949 -9.89949 25
      vertex -10.5895 -10.6087 24
      vertex -8.88151 -10.8221 25
    endloop
  endfacet
  facet normal -0.475983 -0.528289 0.703101
    outer loop
      vertex -10.5895 -10.6087 24
      vertex -9.89949 -9.89949 25
      vertex -10.5996 -10.5996 24
    endloop
  endfacet
  facet normal 0.104305 -0.703339 0.70316
    outer loop
      vertex 2.73126 -13.731 25
      vertex 1.48274 -14.9159 24
      vertex 2.92442 -14.7021 24
    endloop
  endfacet
  facet normal -0.477513 -0.526825 0.703162
    outer loop
      vertex -8.88151 -10.8221 25
      vertex -10.5895 -10.6087 24
      vertex -9.50962 -11.5875 24
    endloop
  endfacet
  facet normal 0.17246 -0.689839 0.703122
    outer loop
      vertex 4.06398 -13.3972 25
      vertex 4.3382 -14.3479 24
      vertex 4.3514 -14.3446 24
    endloop
  endfacet
  facet normal 0.17276 -0.689758 0.703127
    outer loop
      vertex 4.3382 -14.3479 24
      vertex 4.06398 -13.3972 25
      vertex 2.73126 -13.731 25
    endloop
  endfacet
  facet normal 0 0 -1
    outer loop
      vertex 14.9186 -1.4557 1
      vertex 15 0 1
      vertex 14.9278 -1.47026 1
    endloop
  endfacet
  facet normal -0 0 -1
    outer loop
      vertex 15 0 1
      vertex 14.9186 -1.4557 1
      vertex 14.9901 0 1
    endloop
  endfacet
  facet normal 0 0 -1
    outer loop
      vertex 14.9278 -1.47026 1
      vertex 14.9179 -1.46929 1
      vertex 14.9186 -1.4557 1
    endloop
  endfacet
  facet normal -0 0 -1
    outer loop
      vertex 14.9278 -1.47026 1
      vertex 14.9159 -1.48274 1
      vertex 14.9179 -1.46929 1
    endloop
  endfacet
  facet normal 0 0 -1
    outer loop
      vertex 14.7118 -2.92635 1
      vertex 14.9159 -1.48274 1
      vertex 14.9278 -1.47026 1
    endloop
  endfacet
  facet normal 0 0 -1
    outer loop
      vertex 14.7118 -2.92635 1
      vertex 14.7021 -2.92442 1
      vertex 14.9159 -1.48274 1
    endloop
  endfacet
  facet normal 0 0 -1
    outer loop
      vertex 14.3479 -4.3382 1
      vertex 14.7118 -2.92635 1
      vertex 14.3541 -4.35427 1
    endloop
  endfacet
  facet normal -0 0 -1
    outer loop
      vertex 14.7118 -2.92635 1
      vertex 14.3479 -4.3382 1
      vertex 14.7021 -2.92442 1
    endloop
  endfacet
  facet normal 0 0 -1
    outer loop
      vertex 14.3541 -4.35427 1
      vertex 14.3446 -4.3514 1
      vertex 14.3479 -4.3382 1
    endloop
  endfacet
  facet normal -0 0 -1
    outer loop
      vertex 14.3541 -4.35427 1
      vertex 14.34 -4.3642 1
      vertex 14.3446 -4.3514 1
    endloop
  endfacet
  facet normal 0 0 -1
    outer loop
      vertex 13.8582 -5.74025 1
      vertex 14.34 -4.3642 1
      vertex 14.3541 -4.35427 1
    endloop
  endfacet
  facet normal 0 0 -1
    outer loop
      vertex 13.8582 -5.74025 1
      vertex 13.849 -5.73646 1
      vertex 14.34 -4.3642 1
    endloop
  endfacet
  facet normal 0 0 -1
    outer loop
      vertex 13.2259 -7.05399 1
      vertex 13.8582 -5.74025 1
      vertex 13.2288 -7.07095 1
    endloop
  endfacet
  facet normal -0 0 -1
    outer loop
      vertex 13.8582 -5.74025 1
      vertex 13.2259 -7.05399 1
      vertex 13.849 -5.73646 1
    endloop
  endfacet
  facet normal 0 0 -1
    outer loop
      vertex 13.2288 -7.07095 1
      vertex 13.2201 -7.06628 1
      vertex 13.2259 -7.05399 1
    endloop
  endfacet
  facet normal -0 0 -1
    outer loop
      vertex 13.2288 -7.07095 1
      vertex 13.2131 -7.07795 1
      vertex 13.2201 -7.06628 1
    endloop
  endfacet
  facet normal 0 0 -1
    outer loop
      vertex 12.472 -8.33355 1
      vertex 13.2131 -7.07795 1
      vertex 13.2288 -7.07095 1
    endloop
  endfacet
  facet normal 0 0 -1
    outer loop
      vertex 12.472 -8.33355 1
      vertex 12.4638 -8.32805 1
      vertex 13.2131 -7.07795 1
    endloop
  endfacet
  facet normal -0 0 -1
    outer loop
      vertex 12.472 -8.33355 1
      vertex 11.5956 -9.49869 1
      vertex 12.4638 -8.32805 1
    endloop
  endfacet
  facet normal 0 0 -1
    outer loop
      vertex 11.5952 -9.5159 1
      vertex 11.5956 -9.49869 1
      vertex 12.472 -8.33355 1
    endloop
  endfacet
  facet normal 0 0 -1
    outer loop
      vertex 11.5952 -9.5159 1
      vertex 11.5875 -9.50962 1
      vertex 11.5956 -9.49869 1
    endloop
  endfacet
  facet normal -0 0 -1
    outer loop
      vertex 11.5952 -9.5159 1
      vertex 10.6087 -10.5895 1
      vertex 11.5875 -9.50962 1
    endloop
  endfacet
  facet normal 0 0 -1
    outer loop
      vertex 10.6066 -10.6066 1
      vertex 10.6087 -10.5895 1
      vertex 11.5952 -9.5159 1
    endloop
  endfacet
  facet normal 0 0 -1
    outer loop
      vertex 10.6066 -10.6066 1
      vertex 10.5996 -10.5996 1
      vertex 10.6087 -10.5895 1
    endloop
  endfacet
  facet normal -0 0 -1
    outer loop
      vertex 10.6066 -10.6066 1
      vertex 10.5895 -10.6087 1
      vertex 10.5996 -10.5996 1
    endloop
  endfacet
  facet normal 0 0 -1
    outer loop
      vertex 9.5159 -11.5952 1
      vertex 10.5895 -10.6087 1
      vertex 10.6066 -10.6066 1
    endloop
  endfacet
  facet normal 0 0 -1
    outer loop
      vertex 9.5159 -11.5952 1
      vertex 9.50962 -11.5875 1
      vertex 10.5895 -10.6087 1
    endloop
  endfacet
  facet normal -0 0 -1
    outer loop
      vertex 9.5159 -11.5952 1
      vertex 9.49869 -11.5956 1
      vertex 9.50962 -11.5875 1
    endloop
  endfacet
  facet normal 0 0 -1
    outer loop
      vertex 8.33355 -12.472 1
      vertex 9.49869 -11.5956 1
      vertex 9.5159 -11.5952 1
    endloop
  endfacet
  facet normal 0 0 -1
    outer loop
      vertex 8.33355 -12.472 1
      vertex 8.32805 -12.4638 1
      vertex 9.49869 -11.5956 1
    endloop
  endfacet
  facet normal -0 0 -1
    outer loop
      vertex 8.33355 -12.472 1
      vertex 7.07795 -13.2131 1
      vertex 8.32805 -12.4638 1
    endloop
  endfacet
  facet normal 0 0 -1
    outer loop
      vertex 7.07095 -13.2288 1
      vertex 7.07795 -13.2131 1
      vertex 8.33355 -12.472 1
    endloop
  endfacet
  facet normal 0 0 -1
    outer loop
      vertex 7.07095 -13.2288 1
      vertex 7.06628 -13.2201 1
      vertex 7.07795 -13.2131 1
    endloop
  endfacet
  facet normal 0 0 -1
    outer loop
      vertex 7.07095 -13.2288 1
      vertex 7.05399 -13.2259 1
      vertex 7.06628 -13.2201 1
    endloop
  endfacet
  facet normal 0 0 -1
    outer loop
      vertex 5.74025 -13.8582 1
      vertex 7.05399 -13.2259 1
      vertex 7.07095 -13.2288 1
    endloop
  endfacet
  facet normal 0 0 -1
    outer loop
      vertex 5.74025 -13.8582 1
      vertex 5.73646 -13.849 1
      vertex 7.05399 -13.2259 1
    endloop
  endfacet
  facet normal -0 0 -1
    outer loop
      vertex 5.74025 -13.8582 1
      vertex 4.3642 -14.34 1
      vertex 5.73646 -13.849 1
    endloop
  endfacet
  facet normal 0 0 -1
    outer loop
      vertex 4.35427 -14.3541 1
      vertex 4.3642 -14.34 1
      vertex 5.74025 -13.8582 1
    endloop
  endfacet
  facet normal 0 0 -1
    outer loop
      vertex 4.35427 -14.3541 1
      vertex 4.3514 -14.3446 1
      vertex 4.3642 -14.34 1
    endloop
  endfacet
  facet normal 0 0 -1
    outer loop
      vertex 4.35427 -14.3541 1
      vertex 4.3382 -14.3479 1
      vertex 4.3514 -14.3446 1
    endloop
  endfacet
  facet normal 0 0 -1
    outer loop
      vertex 2.92635 -14.7118 1
      vertex 4.3382 -14.3479 1
      vertex 4.35427 -14.3541 1
    endloop
  endfacet
  facet normal 0 0 -1
    outer loop
      vertex 2.92635 -14.7118 1
      vertex 2.92442 -14.7021 1
      vertex 4.3382 -14.3479 1
    endloop
  endfacet
  facet normal -0 0 -1
    outer loop
      vertex 2.92635 -14.7118 1
      vertex 1.48274 -14.9159 1
      vertex 2.92442 -14.7021 1
    endloop
  endfacet
  facet normal 0 0 -1
    outer loop
      vertex 1.47026 -14.9278 1
      vertex 1.48274 -14.9159 1
      vertex 2.92635 -14.7118 1
    endloop
  endfacet
  facet normal 0 0 -1
    outer loop
      vertex 1.47026 -14.9278 1
      vertex 1.46929 -14.9179 1
      vertex 1.48274 -14.9159 1
    endloop
  endfacet
  facet normal 0 0 -1
    outer loop
      vertex 1.47026 -14.9278 1
      vertex 1.4557 -14.9186 1
      vertex 1.46929 -14.9179 1
    endloop
  endfacet
  facet normal 0 0 -1
    outer loop
      vertex 0 -15 1
      vertex 1.4557 -14.9186 1
      vertex 1.47026 -14.9278 1
    endloop
  endfacet
  facet normal 0 0 -1
    outer loop
      vertex 0 -15 1
      vertex 0 -14.9901 1
      vertex 1.4557 -14.9186 1
    endloop
  endfacet
  facet normal 0 0 -1
    outer loop
      vertex 0 -15 1
      vertex -1.4557 -14.9186 1
      vertex 0 -14.9901 1
    endloop
  endfacet
  facet normal 0 0 -1
    outer loop
      vertex -1.47026 -14.9278 1
      vertex -1.4557 -14.9186 1
      vertex 0 -15 1
    endloop
  endfacet
  facet normal -0 0 -1
    outer loop
      vertex -1.4557 -14.9186 1
      vertex -1.47026 -14.9278 1
      vertex -1.46929 -14.9179 1
    endloop
  endfacet
  facet normal 0 0 -1
    outer loop
      vertex -1.47026 -14.9278 1
      vertex -1.48274 -14.9159 1
      vertex -1.46929 -14.9179 1
    endloop
  endfacet
  facet normal 0 0 -1
    outer loop
      vertex -2.92635 -14.7118 1
      vertex -1.48274 -14.9159 1
      vertex -1.47026 -14.9278 1
    endloop
  endfacet
  facet normal 0 0 -1
    outer loop
      vertex -1.48274 -14.9159 1
      vertex -2.92635 -14.7118 1
      vertex -2.92442 -14.7021 1
    endloop
  endfacet
  facet normal 0 0 -1
    outer loop
      vertex -2.92635 -14.7118 1
      vertex -4.3382 -14.3479 1
      vertex -2.92442 -14.7021 1
    endloop
  endfacet
  facet normal 0 0 -1
    outer loop
      vertex -4.35427 -14.3541 1
      vertex -4.3382 -14.3479 1
      vertex -2.92635 -14.7118 1
    endloop
  endfacet
  facet normal -0 0 -1
    outer loop
      vertex -4.3382 -14.3479 1
      vertex -4.35427 -14.3541 1
      vertex -4.3514 -14.3446 1
    endloop
  endfacet
  facet normal 0 0 -1
    outer loop
      vertex -4.35427 -14.3541 1
      vertex -4.3642 -14.34 1
      vertex -4.3514 -14.3446 1
    endloop
  endfacet
  facet normal 0 0 -1
    outer loop
      vertex -5.74025 -13.8582 1
      vertex -4.3642 -14.34 1
      vertex -4.35427 -14.3541 1
    endloop
  endfacet
  facet normal 0 0 -1
    outer loop
      vertex -4.3642 -14.34 1
      vertex -5.74025 -13.8582 1
      vertex -5.73646 -13.849 1
    endloop
  endfacet
  facet normal 0 0 -1
    outer loop
      vertex -5.74025 -13.8582 1
      vertex -7.05399 -13.2259 1
      vertex -5.73646 -13.849 1
    endloop
  endfacet
  facet normal 0 0 -1
    outer loop
      vertex -7.07095 -13.2288 1
      vertex -7.05399 -13.2259 1
      vertex -5.74025 -13.8582 1
    endloop
  endfacet
  facet normal -0 0 -1
    outer loop
      vertex -7.05399 -13.2259 1
      vertex -7.07095 -13.2288 1
      vertex -7.06628 -13.2201 1
    endloop
  endfacet
  facet normal 0 0 -1
    outer loop
      vertex -7.07095 -13.2288 1
      vertex -7.07795 -13.2131 1
      vertex -7.06628 -13.2201 1
    endloop
  endfacet
  facet normal 0 0 -1
    outer loop
      vertex -8.33355 -12.472 1
      vertex -7.07795 -13.2131 1
      vertex -7.07095 -13.2288 1
    endloop
  endfacet
  facet normal 0 0 -1
    outer loop
      vertex -7.07795 -13.2131 1
      vertex -8.33355 -12.472 1
      vertex -8.32805 -12.4638 1
    endloop
  endfacet
  facet normal 0 0 -1
    outer loop
      vertex -8.33355 -12.472 1
      vertex -9.49869 -11.5956 1
      vertex -8.32805 -12.4638 1
    endloop
  endfacet
  facet normal 0 0 -1
    outer loop
      vertex -9.5159 -11.5952 1
      vertex -9.49869 -11.5956 1
      vertex -8.33355 -12.472 1
    endloop
  endfacet
  facet normal 0 0 -1
    outer loop
      vertex -9.49869 -11.5956 1
      vertex -9.5159 -11.5952 1
      vertex -9.50962 -11.5875 1
    endloop
  endfacet
  facet normal 0 0 -1
    outer loop
      vertex -9.5159 -11.5952 1
      vertex -10.5895 -10.6087 1
      vertex -9.50962 -11.5875 1
    endloop
  endfacet
  facet normal 0 0 -1
    outer loop
      vertex -10.6066 -10.6066 1
      vertex -10.5895 -10.6087 1
      vertex -9.5159 -11.5952 1
    endloop
  endfacet
  facet normal 0 0 -1
    outer loop
      vertex -10.5895 -10.6087 1
      vertex -10.6066 -10.6066 1
      vertex -10.5996 -10.5996 1
    endloop
  endfacet
  facet normal 0 0 -1
    outer loop
      vertex -10.6066 -10.6066 1
      vertex -10.6087 -10.5895 1
      vertex -10.5996 -10.5996 1
    endloop
  endfacet
  facet normal 0 0 -1
    outer loop
      vertex -11.5952 -9.5159 1
      vertex -10.6087 -10.5895 1
      vertex -10.6066 -10.6066 1
    endloop
  endfacet
  facet normal 0 0 -1
    outer loop
      vertex -10.6087 -10.5895 1
      vertex -11.5952 -9.5159 1
      vertex -11.5875 -9.50962 1
    endloop
  endfacet
  facet normal 0 0 -1
    outer loop
      vertex -11.5952 -9.5159 1
      vertex -11.5956 -9.49869 1
      vertex -11.5875 -9.50962 1
    endloop
  endfacet
  facet normal 0 0 -1
    outer loop
      vertex -12.472 -8.33355 1
      vertex -11.5956 -9.49869 1
      vertex -11.5952 -9.5159 1
    endloop
  endfacet
  facet normal 0 0 -1
    outer loop
      vertex -11.5956 -9.49869 1
      vertex -12.472 -8.33355 1
      vertex -12.4638 -8.32805 1
    endloop
  endfacet
  facet normal 0 0 -1
    outer loop
      vertex -12.472 -8.33355 1
      vertex -13.2131 -7.07795 1
      vertex -12.4638 -8.32805 1
    endloop
  endfacet
  facet normal 0 0 -1
    outer loop
      vertex -13.2288 -7.07095 1
      vertex -13.2131 -7.07795 1
      vertex -12.472 -8.33355 1
    endloop
  endfacet
  facet normal 0 0 -1
    outer loop
      vertex -13.2131 -7.07795 1
      vertex -13.2288 -7.07095 1
      vertex -13.2201 -7.06628 1
    endloop
  endfacet
  facet normal 0 0 -1
    outer loop
      vertex -13.2288 -7.07095 1
      vertex -13.2259 -7.05399 1
      vertex -13.2201 -7.06628 1
    endloop
  endfacet
  facet normal 0 0 -1
    outer loop
      vertex -13.8582 -5.74025 1
      vertex -13.2259 -7.05399 1
      vertex -13.2288 -7.07095 1
    endloop
  endfacet
  facet normal 0 0 -1
    outer loop
      vertex -13.2259 -7.05399 1
      vertex -13.8582 -5.74025 1
      vertex -13.849 -5.73646 1
    endloop
  endfacet
  facet normal 0 0 -1
    outer loop
      vertex -13.8582 -5.74025 1
      vertex -14.34 -4.3642 1
      vertex -13.849 -5.73646 1
    endloop
  endfacet
  facet normal 0 0 -1
    outer loop
      vertex -14.3541 -4.35427 1
      vertex -14.34 -4.3642 1
      vertex -13.8582 -5.74025 1
    endloop
  endfacet
  facet normal 0 0 -1
    outer loop
      vertex -14.34 -4.3642 1
      vertex -14.3541 -4.35427 1
      vertex -14.3446 -4.3514 1
    endloop
  endfacet
  facet normal 0 0 -1
    outer loop
      vertex -14.3541 -4.35427 1
      vertex -14.3479 -4.3382 1
      vertex -14.3446 -4.3514 1
    endloop
  endfacet
  facet normal 0 0 -1
    outer loop
      vertex -14.7118 -2.92635 1
      vertex -14.3479 -4.3382 1
      vertex -14.3541 -4.35427 1
    endloop
  endfacet
  facet normal 0 0 -1
    outer loop
      vertex -14.3479 -4.3382 1
      vertex -14.7118 -2.92635 1
      vertex -14.7021 -2.92442 1
    endloop
  endfacet
  facet normal 0 0 -1
    outer loop
      vertex -14.7118 -2.92635 1
      vertex -14.9159 -1.48274 1
      vertex -14.7021 -2.92442 1
    endloop
  endfacet
  facet normal 0 0 -1
    outer loop
      vertex -14.9278 -1.47026 1
      vertex -14.9159 -1.48274 1
      vertex -14.7118 -2.92635 1
    endloop
  endfacet
  facet normal 0 0 -1
    outer loop
      vertex -14.9159 -1.48274 1
      vertex -14.9278 -1.47026 1
      vertex -14.9179 -1.46929 1
    endloop
  endfacet
  facet normal 0 0 -1
    outer loop
      vertex -14.9278 -1.47026 1
      vertex -14.9186 -1.4557 1
      vertex -14.9179 -1.46929 1
    endloop
  endfacet
  facet normal 0 0 -1
    outer loop
      vertex -15 0 1
      vertex -14.9186 -1.4557 1
      vertex -14.9278 -1.47026 1
    endloop
  endfacet
  facet normal 0 0 -1
    outer loop
      vertex -14.9186 -1.4557 1
      vertex -15 0 1
      vertex -14.9901 0 1
    endloop
  endfacet
  facet normal 0 0 -1
    outer loop
      vertex 14.9186 1.4557 1
      vertex 15 0 1
      vertex 14.9901 0 1
    endloop
  endfacet
  facet normal 0 0 -1
    outer loop
      vertex 15 0 1
      vertex 14.9186 1.4557 1
      vertex 14.9278 1.47026 1
    endloop
  endfacet
  facet normal 0 0 -1
    outer loop
      vertex 14.9179 1.46929 1
      vertex 14.9278 1.47026 1
      vertex 14.9186 1.4557 1
    endloop
  endfacet
  facet normal 0 0 -1
    outer loop
      vertex 14.9159 1.48274 1
      vertex 14.9278 1.47026 1
      vertex 14.9179 1.46929 1
    endloop
  endfacet
  facet normal 0 0 -1
    outer loop
      vertex 14.9159 1.48274 1
      vertex 14.7118 2.92635 1
      vertex 14.9278 1.47026 1
    endloop
  endfacet
  facet normal 0 0 -1
    outer loop
      vertex 14.7021 2.92442 1
      vertex 14.7118 2.92635 1
      vertex 14.9159 1.48274 1
    endloop
  endfacet
  facet normal 0 0 -1
    outer loop
      vertex 14.3479 4.3382 1
      vertex 14.7118 2.92635 1
      vertex 14.7021 2.92442 1
    endloop
  endfacet
  facet normal 0 0 -1
    outer loop
      vertex 14.7118 2.92635 1
      vertex 14.3479 4.3382 1
      vertex 14.3541 4.35427 1
    endloop
  endfacet
  facet normal 0 0 -1
    outer loop
      vertex 14.3446 4.3514 1
      vertex 14.3541 4.35427 1
      vertex 14.3479 4.3382 1
    endloop
  endfacet
  facet normal 0 0 -1
    outer loop
      vertex 14.34 4.3642 1
      vertex 14.3541 4.35427 1
      vertex 14.3446 4.3514 1
    endloop
  endfacet
  facet normal 0 0 -1
    outer loop
      vertex 14.34 4.3642 1
      vertex 13.8582 5.74025 1
      vertex 14.3541 4.35427 1
    endloop
  endfacet
  facet normal 0 0 -1
    outer loop
      vertex 13.849 5.73646 1
      vertex 13.8582 5.74025 1
      vertex 14.34 4.3642 1
    endloop
  endfacet
  facet normal 0 0 -1
    outer loop
      vertex 13.2259 7.05399 1
      vertex 13.8582 5.74025 1
      vertex 13.849 5.73646 1
    endloop
  endfacet
  facet normal 0 0 -1
    outer loop
      vertex 13.8582 5.74025 1
      vertex 13.2259 7.05399 1
      vertex 13.2288 7.07095 1
    endloop
  endfacet
  facet normal 0 0 -1
    outer loop
      vertex 13.2201 7.06628 1
      vertex 13.2288 7.07095 1
      vertex 13.2259 7.05399 1
    endloop
  endfacet
  facet normal 0 0 -1
    outer loop
      vertex 13.2131 7.07795 1
      vertex 13.2288 7.07095 1
      vertex 13.2201 7.06628 1
    endloop
  endfacet
  facet normal 0 0 -1
    outer loop
      vertex 13.2131 7.07795 1
      vertex 12.472 8.33355 1
      vertex 13.2288 7.07095 1
    endloop
  endfacet
  facet normal 0 0 -1
    outer loop
      vertex 12.4638 8.32805 1
      vertex 12.472 8.33355 1
      vertex 13.2131 7.07795 1
    endloop
  endfacet
  facet normal 0 0 -1
    outer loop
      vertex 11.5956 9.49869 1
      vertex 12.472 8.33355 1
      vertex 12.4638 8.32805 1
    endloop
  endfacet
  facet normal 0 0 -1
    outer loop
      vertex 11.5956 9.49869 1
      vertex 11.5952 9.5159 1
      vertex 12.472 8.33355 1
    endloop
  endfacet
  facet normal 0 0 -1
    outer loop
      vertex 11.5875 9.50962 1
      vertex 11.5952 9.5159 1
      vertex 11.5956 9.49869 1
    endloop
  endfacet
  facet normal 0 0 -1
    outer loop
      vertex 10.6087 10.5895 1
      vertex 11.5952 9.5159 1
      vertex 11.5875 9.50962 1
    endloop
  endfacet
  facet normal 0 0 -1
    outer loop
      vertex 10.6087 10.5895 1
      vertex 10.6066 10.6066 1
      vertex 11.5952 9.5159 1
    endloop
  endfacet
  facet normal 0 0 -1
    outer loop
      vertex 10.5996 10.5996 1
      vertex 10.6066 10.6066 1
      vertex 10.6087 10.5895 1
    endloop
  endfacet
  facet normal 0 0 -1
    outer loop
      vertex 10.5895 10.6087 1
      vertex 10.6066 10.6066 1
      vertex 10.5996 10.5996 1
    endloop
  endfacet
  facet normal 0 0 -1
    outer loop
      vertex 10.5895 10.6087 1
      vertex 9.5159 11.5952 1
      vertex 10.6066 10.6066 1
    endloop
  endfacet
  facet normal 0 0 -1
    outer loop
      vertex 9.50962 11.5875 1
      vertex 9.5159 11.5952 1
      vertex 10.5895 10.6087 1
    endloop
  endfacet
  facet normal 0 0 -1
    outer loop
      vertex 9.49869 11.5956 1
      vertex 9.5159 11.5952 1
      vertex 9.50962 11.5875 1
    endloop
  endfacet
  facet normal 0 0 -1
    outer loop
      vertex 9.49869 11.5956 1
      vertex 8.33355 12.472 1
      vertex 9.5159 11.5952 1
    endloop
  endfacet
  facet normal 0 0 -1
    outer loop
      vertex 8.32805 12.4638 1
      vertex 8.33355 12.472 1
      vertex 9.49869 11.5956 1
    endloop
  endfacet
  facet normal 0 0 -1
    outer loop
      vertex 7.07795 13.2131 1
      vertex 8.33355 12.472 1
      vertex 8.32805 12.4638 1
    endloop
  endfacet
  facet normal 0 0 -1
    outer loop
      vertex 7.07795 13.2131 1
      vertex 7.07095 13.2288 1
      vertex 8.33355 12.472 1
    endloop
  endfacet
  facet normal 0 0 -1
    outer loop
      vertex 7.06628 13.2201 1
      vertex 7.07095 13.2288 1
      vertex 7.07795 13.2131 1
    endloop
  endfacet
  facet normal 0 0 -1
    outer loop
      vertex 7.05399 13.2259 1
      vertex 7.07095 13.2288 1
      vertex 7.06628 13.2201 1
    endloop
  endfacet
  facet normal 0 0 -1
    outer loop
      vertex 7.05399 13.2259 1
      vertex 5.74025 13.8582 1
      vertex 7.07095 13.2288 1
    endloop
  endfacet
  facet normal 0 0 -1
    outer loop
      vertex 5.73646 13.849 1
      vertex 5.74025 13.8582 1
      vertex 7.05399 13.2259 1
    endloop
  endfacet
  facet normal 0 0 -1
    outer loop
      vertex 4.3642 14.34 1
      vertex 5.74025 13.8582 1
      vertex 5.73646 13.849 1
    endloop
  endfacet
  facet normal 0 0 -1
    outer loop
      vertex 4.3642 14.34 1
      vertex 4.35427 14.3541 1
      vertex 5.74025 13.8582 1
    endloop
  endfacet
  facet normal 0 0 -1
    outer loop
      vertex 4.3514 14.3446 1
      vertex 4.35427 14.3541 1
      vertex 4.3642 14.34 1
    endloop
  endfacet
  facet normal 0 0 -1
    outer loop
      vertex 4.3382 14.3479 1
      vertex 4.35427 14.3541 1
      vertex 4.3514 14.3446 1
    endloop
  endfacet
  facet normal 0 0 -1
    outer loop
      vertex 4.3382 14.3479 1
      vertex 2.92635 14.7118 1
      vertex 4.35427 14.3541 1
    endloop
  endfacet
  facet normal 0 0 -1
    outer loop
      vertex 2.92442 14.7021 1
      vertex 2.92635 14.7118 1
      vertex 4.3382 14.3479 1
    endloop
  endfacet
  facet normal 0 0 -1
    outer loop
      vertex 1.48274 14.9159 1
      vertex 2.92635 14.7118 1
      vertex 2.92442 14.7021 1
    endloop
  endfacet
  facet normal 0 0 -1
    outer loop
      vertex 1.48274 14.9159 1
      vertex 1.47026 14.9278 1
      vertex 2.92635 14.7118 1
    endloop
  endfacet
  facet normal 0 0 -1
    outer loop
      vertex 1.46929 14.9179 1
      vertex 1.47026 14.9278 1
      vertex 1.48274 14.9159 1
    endloop
  endfacet
  facet normal 0 0 -1
    outer loop
      vertex 1.4557 14.9186 1
      vertex 1.47026 14.9278 1
      vertex 1.46929 14.9179 1
    endloop
  endfacet
  facet normal 0 0 -1
    outer loop
      vertex 0 15 1
      vertex 1.4557 14.9186 1
      vertex 0 14.9901 1
    endloop
  endfacet
  facet normal 0 0 -1
    outer loop
      vertex 1.4557 14.9186 1
      vertex 0 15 1
      vertex 1.47026 14.9278 1
    endloop
  endfacet
  facet normal 0 0 -1
    outer loop
      vertex -1.4557 14.9186 1
      vertex 0 15 1
      vertex 0 14.9901 1
    endloop
  endfacet
  facet normal 0 0 -1
    outer loop
      vertex -1.47026 14.9278 1
      vertex -1.4557 14.9186 1
      vertex -1.46929 14.9179 1
    endloop
  endfacet
  facet normal 0 0 -1
    outer loop
      vertex -1.4557 14.9186 1
      vertex -1.47026 14.9278 1
      vertex 0 15 1
    endloop
  endfacet
  facet normal 0 0 -1
    outer loop
      vertex -1.48274 14.9159 1
      vertex -1.47026 14.9278 1
      vertex -1.46929 14.9179 1
    endloop
  endfacet
  facet normal 0 0 -1
    outer loop
      vertex -2.92635 14.7118 1
      vertex -1.48274 14.9159 1
      vertex -2.92442 14.7021 1
    endloop
  endfacet
  facet normal -0 0 -1
    outer loop
      vertex -1.48274 14.9159 1
      vertex -2.92635 14.7118 1
      vertex -1.47026 14.9278 1
    endloop
  endfacet
  facet normal 0 0 -1
    outer loop
      vertex -4.3382 14.3479 1
      vertex -2.92635 14.7118 1
      vertex -2.92442 14.7021 1
    endloop
  endfacet
  facet normal 0 0 -1
    outer loop
      vertex -4.35427 14.3541 1
      vertex -4.3382 14.3479 1
      vertex -4.3514 14.3446 1
    endloop
  endfacet
  facet normal 0 0 -1
    outer loop
      vertex -4.3382 14.3479 1
      vertex -4.35427 14.3541 1
      vertex -2.92635 14.7118 1
    endloop
  endfacet
  facet normal 0 0 -1
    outer loop
      vertex -4.3642 14.34 1
      vertex -4.35427 14.3541 1
      vertex -4.3514 14.3446 1
    endloop
  endfacet
  facet normal 0 0 -1
    outer loop
      vertex -5.74025 13.8582 1
      vertex -4.3642 14.34 1
      vertex -5.73646 13.849 1
    endloop
  endfacet
  facet normal -0 0 -1
    outer loop
      vertex -4.3642 14.34 1
      vertex -5.74025 13.8582 1
      vertex -4.35427 14.3541 1
    endloop
  endfacet
  facet normal 0 0 -1
    outer loop
      vertex -7.05399 13.2259 1
      vertex -5.74025 13.8582 1
      vertex -5.73646 13.849 1
    endloop
  endfacet
  facet normal 0 0 -1
    outer loop
      vertex -7.07095 13.2288 1
      vertex -7.05399 13.2259 1
      vertex -7.06628 13.2201 1
    endloop
  endfacet
  facet normal 0 0 -1
    outer loop
      vertex -7.05399 13.2259 1
      vertex -7.07095 13.2288 1
      vertex -5.74025 13.8582 1
    endloop
  endfacet
  facet normal 0 0 -1
    outer loop
      vertex -7.07795 13.2131 1
      vertex -7.07095 13.2288 1
      vertex -7.06628 13.2201 1
    endloop
  endfacet
  facet normal 0 0 -1
    outer loop
      vertex -8.33355 12.472 1
      vertex -7.07795 13.2131 1
      vertex -8.32805 12.4638 1
    endloop
  endfacet
  facet normal -0 0 -1
    outer loop
      vertex -7.07795 13.2131 1
      vertex -8.33355 12.472 1
      vertex -7.07095 13.2288 1
    endloop
  endfacet
  facet normal 0 0 -1
    outer loop
      vertex -9.49869 11.5956 1
      vertex -8.33355 12.472 1
      vertex -8.32805 12.4638 1
    endloop
  endfacet
  facet normal 0 0 -1
    outer loop
      vertex -9.5159 11.5952 1
      vertex -9.49869 11.5956 1
      vertex -9.50962 11.5875 1
    endloop
  endfacet
  facet normal -0 0 -1
    outer loop
      vertex -9.49869 11.5956 1
      vertex -9.5159 11.5952 1
      vertex -8.33355 12.472 1
    endloop
  endfacet
  facet normal 0 0 -1
    outer loop
      vertex -10.5895 10.6087 1
      vertex -9.5159 11.5952 1
      vertex -9.50962 11.5875 1
    endloop
  endfacet
  facet normal 0 0 -1
    outer loop
      vertex -10.6066 10.6066 1
      vertex -10.5895 10.6087 1
      vertex -10.5996 10.5996 1
    endloop
  endfacet
  facet normal -0 0 -1
    outer loop
      vertex -10.5895 10.6087 1
      vertex -10.6066 10.6066 1
      vertex -9.5159 11.5952 1
    endloop
  endfacet
  facet normal 0 0 -1
    outer loop
      vertex -10.6087 10.5895 1
      vertex -10.6066 10.6066 1
      vertex -10.5996 10.5996 1
    endloop
  endfacet
  facet normal 0 0 -1
    outer loop
      vertex -11.5952 9.5159 1
      vertex -10.6087 10.5895 1
      vertex -11.5875 9.50962 1
    endloop
  endfacet
  facet normal -0 0 -1
    outer loop
      vertex -10.6087 10.5895 1
      vertex -11.5952 9.5159 1
      vertex -10.6066 10.6066 1
    endloop
  endfacet
  facet normal 0 0 -1
    outer loop
      vertex -11.5956 9.49869 1
      vertex -11.5952 9.5159 1
      vertex -11.5875 9.50962 1
    endloop
  endfacet
  facet normal 0 0 -1
    outer loop
      vertex -12.472 8.33355 1
      vertex -11.5956 9.49869 1
      vertex -12.4638 8.32805 1
    endloop
  endfacet
  facet normal -0 0 -1
    outer loop
      vertex -11.5956 9.49869 1
      vertex -12.472 8.33355 1
      vertex -11.5952 9.5159 1
    endloop
  endfacet
  facet normal 0 0 -1
    outer loop
      vertex -13.2131 7.07795 1
      vertex -12.472 8.33355 1
      vertex -12.4638 8.32805 1
    endloop
  endfacet
  facet normal 0 0 -1
    outer loop
      vertex -13.2288 7.07095 1
      vertex -13.2131 7.07795 1
      vertex -13.2201 7.06628 1
    endloop
  endfacet
  facet normal -0 0 -1
    outer loop
      vertex -13.2131 7.07795 1
      vertex -13.2288 7.07095 1
      vertex -12.472 8.33355 1
    endloop
  endfacet
  facet normal 0 0 -1
    outer loop
      vertex -13.2259 7.05399 1
      vertex -13.2288 7.07095 1
      vertex -13.2201 7.06628 1
    endloop
  endfacet
  facet normal 0 0 -1
    outer loop
      vertex -13.8582 5.74025 1
      vertex -13.2259 7.05399 1
      vertex -13.849 5.73646 1
    endloop
  endfacet
  facet normal -0 0 -1
    outer loop
      vertex -13.2259 7.05399 1
      vertex -13.8582 5.74025 1
      vertex -13.2288 7.07095 1
    endloop
  endfacet
  facet normal 0 0 -1
    outer loop
      vertex -14.34 4.3642 1
      vertex -13.8582 5.74025 1
      vertex -13.849 5.73646 1
    endloop
  endfacet
  facet normal 0 0 -1
    outer loop
      vertex -14.3541 4.35427 1
      vertex -14.34 4.3642 1
      vertex -14.3446 4.3514 1
    endloop
  endfacet
  facet normal -0 0 -1
    outer loop
      vertex -14.34 4.3642 1
      vertex -14.3541 4.35427 1
      vertex -13.8582 5.74025 1
    endloop
  endfacet
  facet normal 0 0 -1
    outer loop
      vertex -14.3479 4.3382 1
      vertex -14.3541 4.35427 1
      vertex -14.3446 4.3514 1
    endloop
  endfacet
  facet normal 0 0 -1
    outer loop
      vertex -14.7118 2.92635 1
      vertex -14.3479 4.3382 1
      vertex -14.7021 2.92442 1
    endloop
  endfacet
  facet normal -0 0 -1
    outer loop
      vertex -14.3479 4.3382 1
      vertex -14.7118 2.92635 1
      vertex -14.3541 4.35427 1
    endloop
  endfacet
  facet normal 0 0 -1
    outer loop
      vertex -14.9159 1.48274 1
      vertex -14.7118 2.92635 1
      vertex -14.7021 2.92442 1
    endloop
  endfacet
  facet normal 0 0 -1
    outer loop
      vertex -14.9278 1.47026 1
      vertex -14.9159 1.48274 1
      vertex -14.9179 1.46929 1
    endloop
  endfacet
  facet normal -0 0 -1
    outer loop
      vertex -14.9159 1.48274 1
      vertex -14.9278 1.47026 1
      vertex -14.7118 2.92635 1
    endloop
  endfacet
  facet normal 0 0 -1
    outer loop
      vertex -14.9186 1.4557 1
      vertex -14.9278 1.47026 1
      vertex -14.9179 1.46929 1
    endloop
  endfacet
  facet normal 0 0 -1
    outer loop
      vertex -15 0 1
      vertex -14.9186 1.4557 1
      vertex -14.9901 0 1
    endloop
  endfacet
  facet normal -0 0 -1
    outer loop
      vertex -14.9186 1.4557 1
      vertex -15 0 1
      vertex -14.9278 1.47026 1
    endloop
  endfacet
  facet normal 0.528289 -0.475983 -0.703101
    outer loop
      vertex 9.89949 -9.89949 0
      vertex 10.6087 -10.5895 1
      vertex 10.5996 -10.5996 1
    endloop
  endfacet
  facet normal 0.526863 -0.477504 -0.703139
    outer loop
      vertex 10.6087 -10.5895 1
      vertex 9.89949 -9.89949 0
      vertex 10.8221 -8.88151 0
    endloop
  endfacet
  facet normal -0.64279 -0.303995 -0.703141
    outer loop
      vertex -13.2259 -7.05399 1
      vertex -13.849 -5.73646 1
      vertex -12.9343 -5.35757 0
    endloop
  endfacet
  facet normal -0.64279 0.303995 -0.703141
    outer loop
      vertex -12.9343 5.35757 0
      vertex -13.849 5.73646 1
      vertex -13.2259 7.05399 1
    endloop
  endfacet
  facet normal 0.710183 0.0348823 -0.703152
    outer loop
      vertex 14.9901 0 1
      vertex 14 0 0
      vertex 14.9186 1.4557 1
    endloop
  endfacet
  facet normal 0.71007 0.0365746 -0.703181
    outer loop
      vertex 14.9186 1.4557 1
      vertex 13.9326 1.37224 0
      vertex 14.9179 1.46929 1
    endloop
  endfacet
  facet normal 0.710183 0.0348819 -0.703152
    outer loop
      vertex 13.9326 1.37224 0
      vertex 14.9186 1.4557 1
      vertex 14 0 0
    endloop
  endfacet
  facet normal -0.609883 -0.365537 -0.703154
    outer loop
      vertex -13.2131 -7.07795 1
      vertex -12.3469 -6.59955 0
      vertex -11.6406 -7.77798 0
    endloop
  endfacet
  facet normal -0.60976 -0.365751 -0.703149
    outer loop
      vertex -12.3469 -6.59955 0
      vertex -13.2131 -7.07795 1
      vertex -13.2201 -7.06628 1
    endloop
  endfacet
  facet normal -0.172797 -0.689715 -0.70316
    outer loop
      vertex -2.92442 -14.7021 1
      vertex -4.3382 -14.3479 1
      vertex -2.73126 -13.731 0
    endloop
  endfacet
  facet normal 0.239545 -0.669486 -0.70314
    outer loop
      vertex 5.73646 -13.849 1
      vertex 4.3642 -14.34 1
      vertex 5.35757 -12.9343 0
    endloop
  endfacet
  facet normal 0.477513 -0.526825 -0.703162
    outer loop
      vertex 9.50962 -11.5875 1
      vertex 8.88151 -10.8221 0
      vertex 10.5895 -10.6087 1
    endloop
  endfacet
  facet normal -0.64304 -0.303469 -0.70314
    outer loop
      vertex -13.2259 -7.05399 1
      vertex -12.3469 -6.59955 0
      vertex -13.2201 -7.06628 1
    endloop
  endfacet
  facet normal -0.642776 -0.304004 -0.703151
    outer loop
      vertex -12.3469 -6.59955 0
      vertex -13.2259 -7.05399 1
      vertex -12.9343 -5.35757 0
    endloop
  endfacet
  facet normal 0.104305 -0.703339 -0.70316
    outer loop
      vertex 2.92442 -14.7021 1
      vertex 1.48274 -14.9159 1
      vertex 2.73126 -13.731 0
    endloop
  endfacet
  facet normal 0.172797 -0.689715 -0.70316
    outer loop
      vertex 2.92442 -14.7021 1
      vertex 2.73126 -13.731 0
      vertex 4.3382 -14.3479 1
    endloop
  endfacet
  facet normal -0.0348823 -0.710183 -0.703152
    outer loop
      vertex 0 -14.9901 1
      vertex -1.4557 -14.9186 1
      vertex 0 -14 0
    endloop
  endfacet
  facet normal -0.571264 0.423352 -0.703157
    outer loop
      vertex -10.8221 8.88151 0
      vertex -11.5956 9.49869 1
      vertex -11.5875 9.50962 1
    endloop
  endfacet
  facet normal -0.571088 0.423582 -0.703162
    outer loop
      vertex -11.5956 9.49869 1
      vertex -10.8221 8.88151 0
      vertex -11.6406 7.77798 0
    endloop
  endfacet
  facet normal -0.42357 0.571122 -0.703141
    outer loop
      vertex -7.77798 11.6406 0
      vertex -9.49869 11.5956 1
      vertex -8.32805 12.4638 1
    endloop
  endfacet
  facet normal 0.669486 -0.239545 -0.70314
    outer loop
      vertex 13.849 -5.73646 1
      vertex 12.9343 -5.35757 0
      vertex 14.34 -4.3642 1
    endloop
  endfacet
  facet normal 0.42357 -0.571122 -0.703141
    outer loop
      vertex 8.32805 -12.4638 1
      vertex 7.77798 -11.6406 0
      vertex 9.49869 -11.5956 1
    endloop
  endfacet
  facet normal -0.528289 -0.475983 -0.703101
    outer loop
      vertex -10.6087 -10.5895 1
      vertex -9.89949 -9.89949 0
      vertex -10.5996 -10.5996 1
    endloop
  endfacet
  facet normal -0.526863 -0.477504 -0.703139
    outer loop
      vertex -9.89949 -9.89949 0
      vertex -10.6087 -10.5895 1
      vertex -10.8221 -8.88151 0
    endloop
  endfacet
  facet normal 0.0348823 -0.710183 -0.703152
    outer loop
      vertex 1.4557 -14.9186 1
      vertex 0 -14.9901 1
      vertex 0 -14 0
    endloop
  endfacet
  facet normal -0.104305 0.703339 -0.70316
    outer loop
      vertex -2.73126 13.731 0
      vertex -2.92442 14.7021 1
      vertex -1.48274 14.9159 1
    endloop
  endfacet
  facet normal -0.239545 0.669486 -0.70314
    outer loop
      vertex -5.35757 12.9343 0
      vertex -5.73646 13.849 1
      vertex -4.3642 14.34 1
    endloop
  endfacet
  facet normal 0.303995 -0.64279 -0.703141
    outer loop
      vertex 5.73646 -13.849 1
      vertex 5.35757 -12.9343 0
      vertex 7.05399 -13.2259 1
    endloop
  endfacet
  facet normal 0.689715 -0.172797 -0.70316
    outer loop
      vertex 14.3479 -4.3382 1
      vertex 13.731 -2.73126 0
      vertex 14.7021 -2.92442 1
    endloop
  endfacet
  facet normal -0.42357 -0.571122 -0.703141
    outer loop
      vertex -8.32805 -12.4638 1
      vertex -9.49869 -11.5956 1
      vertex -7.77798 -11.6406 0
    endloop
  endfacet
  facet normal -0.703339 -0.104305 -0.70316
    outer loop
      vertex -14.7021 -2.92442 1
      vertex -14.9159 -1.48274 1
      vertex -13.731 -2.73126 0
    endloop
  endfacet
  facet normal 0.689758 0.17276 -0.703127
    outer loop
      vertex 13.3972 4.06398 0
      vertex 14.3479 4.3382 1
      vertex 13.731 2.73126 0
    endloop
  endfacet
  facet normal 0.689839 0.17246 -0.703122
    outer loop
      vertex 14.3479 4.3382 1
      vertex 13.3972 4.06398 0
      vertex 14.3446 4.3514 1
    endloop
  endfacet
  facet normal -0.689715 -0.172797 -0.70316
    outer loop
      vertex -14.3479 -4.3382 1
      vertex -14.7021 -2.92442 1
      vertex -13.731 -2.73126 0
    endloop
  endfacet
  facet normal -0.477504 0.526863 -0.703139
    outer loop
      vertex -9.89949 9.89949 0
      vertex -10.5895 10.6087 1
      vertex -8.88151 10.8221 0
    endloop
  endfacet
  facet normal -0.475983 0.528289 -0.703101
    outer loop
      vertex -10.5895 10.6087 1
      vertex -9.89949 9.89949 0
      vertex -10.5996 10.5996 1
    endloop
  endfacet
  facet normal 0.64279 0.303995 -0.703141
    outer loop
      vertex 13.849 5.73646 1
      vertex 12.9343 5.35757 0
      vertex 13.2259 7.05399 1
    endloop
  endfacet
  facet normal -0.17276 -0.689758 -0.703127
    outer loop
      vertex -4.3382 -14.3479 1
      vertex -4.06398 -13.3972 0
      vertex -2.73126 -13.731 0
    endloop
  endfacet
  facet normal -0.17246 -0.689839 -0.703122
    outer loop
      vertex -4.06398 -13.3972 0
      vertex -4.3382 -14.3479 1
      vertex -4.3514 -14.3446 1
    endloop
  endfacet
  facet normal 0.36556 -0.609885 -0.703141
    outer loop
      vertex 8.32805 -12.4638 1
      vertex 7.07795 -13.2131 1
      vertex 7.77798 -11.6406 0
    endloop
  endfacet
  facet normal 0.710183 -0.0348819 -0.703152
    outer loop
      vertex 14.9186 -1.4557 1
      vertex 13.9326 -1.37224 0
      vertex 14 0 0
    endloop
  endfacet
  facet normal 0.71007 -0.0365746 -0.703181
    outer loop
      vertex 13.9326 -1.37224 0
      vertex 14.9186 -1.4557 1
      vertex 14.9179 -1.46929 1
    endloop
  endfacet
  facet normal 0.703339 -0.104305 -0.70316
    outer loop
      vertex 14.7021 -2.92442 1
      vertex 13.731 -2.73126 0
      vertex 14.9159 -1.48274 1
    endloop
  endfacet
  facet normal 0.710183 -0.0348823 -0.703152
    outer loop
      vertex 14.9186 -1.4557 1
      vertex 14 0 0
      vertex 14.9901 0 1
    endloop
  endfacet
  facet normal 0.669184 -0.240488 -0.703106
    outer loop
      vertex 14.34 -4.3642 1
      vertex 13.3972 -4.06398 0
      vertex 14.3446 -4.3514 1
    endloop
  endfacet
  facet normal 0.669494 -0.239573 -0.703123
    outer loop
      vertex 13.3972 -4.06398 0
      vertex 14.34 -4.3642 1
      vertex 12.9343 -5.35757 0
    endloop
  endfacet
  facet normal -0.528289 0.475983 -0.703101
    outer loop
      vertex -9.89949 9.89949 0
      vertex -10.6087 10.5895 1
      vertex -10.5996 10.5996 1
    endloop
  endfacet
  facet normal -0.526863 0.477504 -0.703139
    outer loop
      vertex -10.6087 10.5895 1
      vertex -9.89949 9.89949 0
      vertex -10.8221 8.88151 0
    endloop
  endfacet
  facet normal 0.17246 0.689839 -0.703122
    outer loop
      vertex 4.06398 13.3972 0
      vertex 4.3382 14.3479 1
      vertex 4.3514 14.3446 1
    endloop
  endfacet
  facet normal 0.17276 0.689758 -0.703127
    outer loop
      vertex 4.3382 14.3479 1
      vertex 4.06398 13.3972 0
      vertex 2.73126 13.731 0
    endloop
  endfacet
  facet normal -0.571264 -0.423352 -0.703157
    outer loop
      vertex -11.5956 -9.49869 1
      vertex -10.8221 -8.88151 0
      vertex -11.5875 -9.50962 1
    endloop
  endfacet
  facet normal -0.571088 -0.423582 -0.703162
    outer loop
      vertex -10.8221 -8.88151 0
      vertex -11.5956 -9.49869 1
      vertex -11.6406 -7.77798 0
    endloop
  endfacet
  facet normal -0.304004 0.642776 -0.703151
    outer loop
      vertex -6.59955 12.3469 0
      vertex -7.05399 13.2259 1
      vertex -5.35757 12.9343 0
    endloop
  endfacet
  facet normal -0.303469 0.64304 -0.70314
    outer loop
      vertex -7.05399 13.2259 1
      vertex -6.59955 12.3469 0
      vertex -7.06628 13.2201 1
    endloop
  endfacet
  facet normal 0.423352 0.571264 -0.703157
    outer loop
      vertex 8.88151 10.8221 0
      vertex 9.49869 11.5956 1
      vertex 9.50962 11.5875 1
    endloop
  endfacet
  facet normal 0.423582 0.571088 -0.703162
    outer loop
      vertex 9.49869 11.5956 1
      vertex 8.88151 10.8221 0
      vertex 7.77798 11.6406 0
    endloop
  endfacet
  facet normal 0.571264 -0.423352 -0.703157
    outer loop
      vertex 10.8221 -8.88151 0
      vertex 11.5956 -9.49869 1
      vertex 11.5875 -9.50962 1
    endloop
  endfacet
  facet normal 0.571088 -0.423582 -0.703162
    outer loop
      vertex 11.5956 -9.49869 1
      vertex 10.8221 -8.88151 0
      vertex 11.6406 -7.77798 0
    endloop
  endfacet
  facet normal 0.60976 0.365751 -0.703149
    outer loop
      vertex 12.3469 6.59955 0
      vertex 13.2131 7.07795 1
      vertex 13.2201 7.06628 1
    endloop
  endfacet
  facet normal 0.609883 0.365537 -0.703154
    outer loop
      vertex 13.2131 7.07795 1
      vertex 12.3469 6.59955 0
      vertex 11.6406 7.77798 0
    endloop
  endfacet
  facet normal -0.104583 0.703324 -0.703135
    outer loop
      vertex -1.37224 13.9326 0
      vertex -1.48274 14.9159 1
      vertex -1.46929 14.9179 1
    endloop
  endfacet
  facet normal -0.104337 0.703356 -0.703139
    outer loop
      vertex -1.48274 14.9159 1
      vertex -1.37224 13.9326 0
      vertex -2.73126 13.731 0
    endloop
  endfacet
  facet normal -0.423582 -0.571088 -0.703162
    outer loop
      vertex -9.49869 -11.5956 1
      vertex -8.88151 -10.8221 0
      vertex -7.77798 -11.6406 0
    endloop
  endfacet
  facet normal -0.423352 -0.571264 -0.703157
    outer loop
      vertex -8.88151 -10.8221 0
      vertex -9.49869 -11.5956 1
      vertex -9.50962 -11.5875 1
    endloop
  endfacet
  facet normal 0.104583 -0.703324 -0.703135
    outer loop
      vertex 1.37224 -13.9326 0
      vertex 1.48274 -14.9159 1
      vertex 1.46929 -14.9179 1
    endloop
  endfacet
  facet normal 0.104337 -0.703356 -0.703139
    outer loop
      vertex 1.48274 -14.9159 1
      vertex 1.37224 -13.9326 0
      vertex 2.73126 -13.731 0
    endloop
  endfacet
  facet normal 0.703324 -0.104583 -0.703135
    outer loop
      vertex 14.9159 -1.48274 1
      vertex 13.9326 -1.37224 0
      vertex 14.9179 -1.46929 1
    endloop
  endfacet
  facet normal 0.703356 -0.104337 -0.703139
    outer loop
      vertex 13.9326 -1.37224 0
      vertex 14.9159 -1.48274 1
      vertex 13.731 -2.73126 0
    endloop
  endfacet
  facet normal -0.0348823 0.710183 -0.703152
    outer loop
      vertex 0 14 0
      vertex -1.4557 14.9186 1
      vertex 0 14.9901 1
    endloop
  endfacet
  facet normal -0.526825 -0.477513 -0.703162
    outer loop
      vertex -10.6087 -10.5895 1
      vertex -11.5875 -9.50962 1
      vertex -10.8221 -8.88151 0
    endloop
  endfacet
  facet normal -0.669486 0.239545 -0.70314
    outer loop
      vertex -12.9343 5.35757 0
      vertex -14.34 4.3642 1
      vertex -13.849 5.73646 1
    endloop
  endfacet
  facet normal 0.689715 0.172797 -0.70316
    outer loop
      vertex 14.7021 2.92442 1
      vertex 13.731 2.73126 0
      vertex 14.3479 4.3382 1
    endloop
  endfacet
  facet normal -0.477513 0.526825 -0.703162
    outer loop
      vertex -8.88151 10.8221 0
      vertex -10.5895 10.6087 1
      vertex -9.50962 11.5875 1
    endloop
  endfacet
  facet normal -0.571122 0.42357 -0.703141
    outer loop
      vertex -11.6406 7.77798 0
      vertex -12.4638 8.32805 1
      vertex -11.5956 9.49869 1
    endloop
  endfacet
  facet normal -0.365751 -0.60976 -0.703149
    outer loop
      vertex -7.07795 -13.2131 1
      vertex -6.59955 -12.3469 0
      vertex -7.06628 -13.2201 1
    endloop
  endfacet
  facet normal -0.365537 -0.609883 -0.703154
    outer loop
      vertex -6.59955 -12.3469 0
      vertex -7.07795 -13.2131 1
      vertex -7.77798 -11.6406 0
    endloop
  endfacet
  facet normal -0.477513 -0.526825 -0.703162
    outer loop
      vertex -9.50962 -11.5875 1
      vertex -10.5895 -10.6087 1
      vertex -8.88151 -10.8221 0
    endloop
  endfacet
  facet normal 0.42357 0.571122 -0.703141
    outer loop
      vertex 9.49869 11.5956 1
      vertex 7.77798 11.6406 0
      vertex 8.32805 12.4638 1
    endloop
  endfacet
  facet normal -0.703324 -0.104583 -0.703135
    outer loop
      vertex -13.9326 -1.37224 0
      vertex -14.9159 -1.48274 1
      vertex -14.9179 -1.46929 1
    endloop
  endfacet
  facet normal -0.703356 -0.104337 -0.703139
    outer loop
      vertex -14.9159 -1.48274 1
      vertex -13.9326 -1.37224 0
      vertex -13.731 -2.73126 0
    endloop
  endfacet
  facet normal 0.689839 -0.17246 -0.703122
    outer loop
      vertex 13.3972 -4.06398 0
      vertex 14.3479 -4.3382 1
      vertex 14.3446 -4.3514 1
    endloop
  endfacet
  facet normal 0.689758 -0.17276 -0.703127
    outer loop
      vertex 14.3479 -4.3382 1
      vertex 13.3972 -4.06398 0
      vertex 13.731 -2.73126 0
    endloop
  endfacet
  facet normal -0.669486 -0.239545 -0.70314
    outer loop
      vertex -13.849 -5.73646 1
      vertex -14.34 -4.3642 1
      vertex -12.9343 -5.35757 0
    endloop
  endfacet
  facet normal -0.423582 0.571088 -0.703162
    outer loop
      vertex -8.88151 10.8221 0
      vertex -9.49869 11.5956 1
      vertex -7.77798 11.6406 0
    endloop
  endfacet
  facet normal -0.423352 0.571264 -0.703157
    outer loop
      vertex -9.49869 11.5956 1
      vertex -8.88151 10.8221 0
      vertex -9.50962 11.5875 1
    endloop
  endfacet
  facet normal 0.477513 0.526825 -0.703162
    outer loop
      vertex 10.5895 10.6087 1
      vertex 8.88151 10.8221 0
      vertex 9.50962 11.5875 1
    endloop
  endfacet
  facet normal -0.703356 0.104337 -0.703139
    outer loop
      vertex -13.9326 1.37224 0
      vertex -14.9159 1.48274 1
      vertex -13.731 2.73126 0
    endloop
  endfacet
  facet normal -0.703324 0.104583 -0.703135
    outer loop
      vertex -14.9159 1.48274 1
      vertex -13.9326 1.37224 0
      vertex -14.9179 1.46929 1
    endloop
  endfacet
  facet normal 0.0348819 -0.710183 -0.703152
    outer loop
      vertex 1.37224 -13.9326 0
      vertex 1.4557 -14.9186 1
      vertex 0 -14 0
    endloop
  endfacet
  facet normal 0.0365746 -0.71007 -0.703181
    outer loop
      vertex 1.4557 -14.9186 1
      vertex 1.37224 -13.9326 0
      vertex 1.46929 -14.9179 1
    endloop
  endfacet
  facet normal 0.0365746 0.71007 -0.703181
    outer loop
      vertex 1.37224 13.9326 0
      vertex 1.4557 14.9186 1
      vertex 1.46929 14.9179 1
    endloop
  endfacet
  facet normal 0.0348819 0.710183 -0.703152
    outer loop
      vertex 1.4557 14.9186 1
      vertex 1.37224 13.9326 0
      vertex 0 14 0
    endloop
  endfacet
  facet normal -0.104305 -0.703339 -0.70316
    outer loop
      vertex -1.48274 -14.9159 1
      vertex -2.92442 -14.7021 1
      vertex -2.73126 -13.731 0
    endloop
  endfacet
  facet normal 0.240488 -0.669184 -0.703106
    outer loop
      vertex 4.06398 -13.3972 0
      vertex 4.3642 -14.34 1
      vertex 4.3514 -14.3446 1
    endloop
  endfacet
  facet normal 0.239573 -0.669494 -0.703123
    outer loop
      vertex 4.3642 -14.34 1
      vertex 4.06398 -13.3972 0
      vertex 5.35757 -12.9343 0
    endloop
  endfacet
  facet normal 0.17246 -0.689839 -0.703122
    outer loop
      vertex 4.3382 -14.3479 1
      vertex 4.06398 -13.3972 0
      vertex 4.3514 -14.3446 1
    endloop
  endfacet
  facet normal 0.17276 -0.689758 -0.703127
    outer loop
      vertex 4.06398 -13.3972 0
      vertex 4.3382 -14.3479 1
      vertex 2.73126 -13.731 0
    endloop
  endfacet
  facet normal -0.669494 -0.239573 -0.703123
    outer loop
      vertex -14.34 -4.3642 1
      vertex -13.3972 -4.06398 0
      vertex -12.9343 -5.35757 0
    endloop
  endfacet
  facet normal -0.669184 -0.240488 -0.703106
    outer loop
      vertex -13.3972 -4.06398 0
      vertex -14.34 -4.3642 1
      vertex -14.3446 -4.3514 1
    endloop
  endfacet
  facet normal 0.365751 -0.60976 -0.703149
    outer loop
      vertex 6.59955 -12.3469 0
      vertex 7.07795 -13.2131 1
      vertex 7.06628 -13.2201 1
    endloop
  endfacet
  facet normal 0.365537 -0.609883 -0.703154
    outer loop
      vertex 7.07795 -13.2131 1
      vertex 6.59955 -12.3469 0
      vertex 7.77798 -11.6406 0
    endloop
  endfacet
  facet normal -0.172797 0.689715 -0.70316
    outer loop
      vertex -2.73126 13.731 0
      vertex -4.3382 14.3479 1
      vertex -2.92442 14.7021 1
    endloop
  endfacet
  facet normal -0.609885 -0.36556 -0.703141
    outer loop
      vertex -12.4638 -8.32805 1
      vertex -13.2131 -7.07795 1
      vertex -11.6406 -7.77798 0
    endloop
  endfacet
  facet normal -0.669494 0.239573 -0.703123
    outer loop
      vertex -13.3972 4.06398 0
      vertex -14.34 4.3642 1
      vertex -12.9343 5.35757 0
    endloop
  endfacet
  facet normal -0.669184 0.240488 -0.703106
    outer loop
      vertex -14.34 4.3642 1
      vertex -13.3972 4.06398 0
      vertex -14.3446 4.3514 1
    endloop
  endfacet
  facet normal 0.104337 0.703356 -0.703139
    outer loop
      vertex 1.37224 13.9326 0
      vertex 1.48274 14.9159 1
      vertex 2.73126 13.731 0
    endloop
  endfacet
  facet normal 0.104583 0.703324 -0.703135
    outer loop
      vertex 1.48274 14.9159 1
      vertex 1.37224 13.9326 0
      vertex 1.46929 14.9179 1
    endloop
  endfacet
  facet normal 0.642776 0.304004 -0.703151
    outer loop
      vertex 12.3469 6.59955 0
      vertex 13.2259 7.05399 1
      vertex 12.9343 5.35757 0
    endloop
  endfacet
  facet normal 0.64304 0.303469 -0.70314
    outer loop
      vertex 13.2259 7.05399 1
      vertex 12.3469 6.59955 0
      vertex 13.2201 7.06628 1
    endloop
  endfacet
  facet normal -0.710183 -0.0348819 -0.703152
    outer loop
      vertex -13.9326 -1.37224 0
      vertex -14.9186 -1.4557 1
      vertex -14 0 0
    endloop
  endfacet
  facet normal -0.71007 -0.0365746 -0.703181
    outer loop
      vertex -14.9186 -1.4557 1
      vertex -13.9326 -1.37224 0
      vertex -14.9179 -1.46929 1
    endloop
  endfacet
  facet normal -0.36556 -0.609885 -0.703141
    outer loop
      vertex -7.07795 -13.2131 1
      vertex -8.32805 -12.4638 1
      vertex -7.77798 -11.6406 0
    endloop
  endfacet
  facet normal -0.703339 0.104305 -0.70316
    outer loop
      vertex -13.731 2.73126 0
      vertex -14.9159 1.48274 1
      vertex -14.7021 2.92442 1
    endloop
  endfacet
  facet normal 0.172797 0.689715 -0.70316
    outer loop
      vertex 4.3382 14.3479 1
      vertex 2.73126 13.731 0
      vertex 2.92442 14.7021 1
    endloop
  endfacet
  facet normal -0.239545 -0.669486 -0.70314
    outer loop
      vertex -4.3642 -14.34 1
      vertex -5.73646 -13.849 1
      vertex -5.35757 -12.9343 0
    endloop
  endfacet
  facet normal 0.239573 0.669494 -0.703123
    outer loop
      vertex 4.06398 13.3972 0
      vertex 4.3642 14.34 1
      vertex 5.35757 12.9343 0
    endloop
  endfacet
  facet normal 0.240488 0.669184 -0.703106
    outer loop
      vertex 4.3642 14.34 1
      vertex 4.06398 13.3972 0
      vertex 4.3514 14.3446 1
    endloop
  endfacet
  facet normal 0.526825 -0.477513 -0.703162
    outer loop
      vertex 11.5875 -9.50962 1
      vertex 10.6087 -10.5895 1
      vertex 10.8221 -8.88151 0
    endloop
  endfacet
  facet normal 0.303995 0.64279 -0.703141
    outer loop
      vertex 7.05399 13.2259 1
      vertex 5.35757 12.9343 0
      vertex 5.73646 13.849 1
    endloop
  endfacet
  facet normal -0.36556 0.609885 -0.703141
    outer loop
      vertex -7.77798 11.6406 0
      vertex -8.32805 12.4638 1
      vertex -7.07795 13.2131 1
    endloop
  endfacet
  facet normal 0.60976 -0.365751 -0.703149
    outer loop
      vertex 13.2131 -7.07795 1
      vertex 12.3469 -6.59955 0
      vertex 13.2201 -7.06628 1
    endloop
  endfacet
  facet normal 0.609883 -0.365537 -0.703154
    outer loop
      vertex 12.3469 -6.59955 0
      vertex 13.2131 -7.07795 1
      vertex 11.6406 -7.77798 0
    endloop
  endfacet
  facet normal -0.642776 0.304004 -0.703151
    outer loop
      vertex -13.2259 7.05399 1
      vertex -12.3469 6.59955 0
      vertex -12.9343 5.35757 0
    endloop
  endfacet
  facet normal -0.64304 0.303469 -0.70314
    outer loop
      vertex -12.3469 6.59955 0
      vertex -13.2259 7.05399 1
      vertex -13.2201 7.06628 1
    endloop
  endfacet
  facet normal 0.64304 -0.303469 -0.70314
    outer loop
      vertex 12.3469 -6.59955 0
      vertex 13.2259 -7.05399 1
      vertex 13.2201 -7.06628 1
    endloop
  endfacet
  facet normal 0.642776 -0.304004 -0.703151
    outer loop
      vertex 13.2259 -7.05399 1
      vertex 12.3469 -6.59955 0
      vertex 12.9343 -5.35757 0
    endloop
  endfacet
  facet normal 0.64279 -0.303995 -0.703141
    outer loop
      vertex 13.2259 -7.05399 1
      vertex 12.9343 -5.35757 0
      vertex 13.849 -5.73646 1
    endloop
  endfacet
  facet normal 0.571122 -0.42357 -0.703141
    outer loop
      vertex 12.4638 -8.32805 1
      vertex 11.5956 -9.49869 1
      vertex 11.6406 -7.77798 0
    endloop
  endfacet
  facet normal -0.710183 -0.0348823 -0.703152
    outer loop
      vertex -14.9186 -1.4557 1
      vertex -14.9901 0 1
      vertex -14 0 0
    endloop
  endfacet
  facet normal -0.571122 -0.42357 -0.703141
    outer loop
      vertex -11.5956 -9.49869 1
      vertex -12.4638 -8.32805 1
      vertex -11.6406 -7.77798 0
    endloop
  endfacet
  facet normal 0.303469 -0.64304 -0.70314
    outer loop
      vertex 7.05399 -13.2259 1
      vertex 6.59955 -12.3469 0
      vertex 7.06628 -13.2201 1
    endloop
  endfacet
  facet normal 0.304004 -0.642776 -0.703151
    outer loop
      vertex 6.59955 -12.3469 0
      vertex 7.05399 -13.2259 1
      vertex 5.35757 -12.9343 0
    endloop
  endfacet
  facet normal -0.477504 -0.526863 -0.703139
    outer loop
      vertex -10.5895 -10.6087 1
      vertex -9.89949 -9.89949 0
      vertex -8.88151 -10.8221 0
    endloop
  endfacet
  facet normal -0.475983 -0.528289 -0.703101
    outer loop
      vertex -9.89949 -9.89949 0
      vertex -10.5895 -10.6087 1
      vertex -10.5996 -10.5996 1
    endloop
  endfacet
  facet normal -0.303995 0.64279 -0.703141
    outer loop
      vertex -5.35757 12.9343 0
      vertex -7.05399 13.2259 1
      vertex -5.73646 13.849 1
    endloop
  endfacet
  facet normal -0.689715 0.172797 -0.70316
    outer loop
      vertex -13.731 2.73126 0
      vertex -14.7021 2.92442 1
      vertex -14.3479 4.3382 1
    endloop
  endfacet
  facet normal -0.689758 0.17276 -0.703127
    outer loop
      vertex -14.3479 4.3382 1
      vertex -13.3972 4.06398 0
      vertex -13.731 2.73126 0
    endloop
  endfacet
  facet normal -0.689839 0.17246 -0.703122
    outer loop
      vertex -13.3972 4.06398 0
      vertex -14.3479 4.3382 1
      vertex -14.3446 4.3514 1
    endloop
  endfacet
  facet normal -0.303995 -0.64279 -0.703141
    outer loop
      vertex -5.73646 -13.849 1
      vertex -7.05399 -13.2259 1
      vertex -5.35757 -12.9343 0
    endloop
  endfacet
  facet normal -0.104337 -0.703356 -0.703139
    outer loop
      vertex -1.37224 -13.9326 0
      vertex -1.48274 -14.9159 1
      vertex -2.73126 -13.731 0
    endloop
  endfacet
  facet normal -0.104583 -0.703324 -0.703135
    outer loop
      vertex -1.48274 -14.9159 1
      vertex -1.37224 -13.9326 0
      vertex -1.46929 -14.9179 1
    endloop
  endfacet
  facet normal 0.609885 -0.36556 -0.703141
    outer loop
      vertex 12.4638 -8.32805 1
      vertex 11.6406 -7.77798 0
      vertex 13.2131 -7.07795 1
    endloop
  endfacet
  facet normal 0.239545 0.669486 -0.70314
    outer loop
      vertex 5.35757 12.9343 0
      vertex 4.3642 14.34 1
      vertex 5.73646 13.849 1
    endloop
  endfacet
  facet normal -0.0348819 0.710183 -0.703152
    outer loop
      vertex -1.37224 13.9326 0
      vertex -1.4557 14.9186 1
      vertex 0 14 0
    endloop
  endfacet
  facet normal -0.0365746 0.71007 -0.703181
    outer loop
      vertex -1.4557 14.9186 1
      vertex -1.37224 13.9326 0
      vertex -1.46929 14.9179 1
    endloop
  endfacet
  facet normal -0.17276 0.689758 -0.703127
    outer loop
      vertex -4.06398 13.3972 0
      vertex -4.3382 14.3479 1
      vertex -2.73126 13.731 0
    endloop
  endfacet
  facet normal -0.17246 0.689839 -0.703122
    outer loop
      vertex -4.3382 14.3479 1
      vertex -4.06398 13.3972 0
      vertex -4.3514 14.3446 1
    endloop
  endfacet
  facet normal -0.609885 0.36556 -0.703141
    outer loop
      vertex -11.6406 7.77798 0
      vertex -13.2131 7.07795 1
      vertex -12.4638 8.32805 1
    endloop
  endfacet
  facet normal 0.365537 0.609883 -0.703154
    outer loop
      vertex 6.59955 12.3469 0
      vertex 7.07795 13.2131 1
      vertex 7.77798 11.6406 0
    endloop
  endfacet
  facet normal 0.365751 0.60976 -0.703149
    outer loop
      vertex 7.07795 13.2131 1
      vertex 6.59955 12.3469 0
      vertex 7.06628 13.2201 1
    endloop
  endfacet
  facet normal -0.526825 0.477513 -0.703162
    outer loop
      vertex -10.8221 8.88151 0
      vertex -11.5875 9.50962 1
      vertex -10.6087 10.5895 1
    endloop
  endfacet
  facet normal 0.526825 0.477513 -0.703162
    outer loop
      vertex 10.8221 8.88151 0
      vertex 10.6087 10.5895 1
      vertex 11.5875 9.50962 1
    endloop
  endfacet
  facet normal -0.689839 -0.17246 -0.703122
    outer loop
      vertex -14.3479 -4.3382 1
      vertex -13.3972 -4.06398 0
      vertex -14.3446 -4.3514 1
    endloop
  endfacet
  facet normal -0.689758 -0.17276 -0.703127
    outer loop
      vertex -13.3972 -4.06398 0
      vertex -14.3479 -4.3382 1
      vertex -13.731 -2.73126 0
    endloop
  endfacet
  facet normal -0.240488 -0.669184 -0.703106
    outer loop
      vertex -4.3642 -14.34 1
      vertex -4.06398 -13.3972 0
      vertex -4.3514 -14.3446 1
    endloop
  endfacet
  facet normal -0.239573 -0.669494 -0.703123
    outer loop
      vertex -4.06398 -13.3972 0
      vertex -4.3642 -14.34 1
      vertex -5.35757 -12.9343 0
    endloop
  endfacet
  facet normal 0.0348823 0.710183 -0.703152
    outer loop
      vertex 1.4557 14.9186 1
      vertex 0 14 0
      vertex 0 14.9901 1
    endloop
  endfacet
  facet normal 0.423352 -0.571264 -0.703157
    outer loop
      vertex 9.49869 -11.5956 1
      vertex 8.88151 -10.8221 0
      vertex 9.50962 -11.5875 1
    endloop
  endfacet
  facet normal 0.423582 -0.571088 -0.703162
    outer loop
      vertex 8.88151 -10.8221 0
      vertex 9.49869 -11.5956 1
      vertex 7.77798 -11.6406 0
    endloop
  endfacet
  facet normal 0.475983 -0.528289 -0.703101
    outer loop
      vertex 10.5895 -10.6087 1
      vertex 9.89949 -9.89949 0
      vertex 10.5996 -10.5996 1
    endloop
  endfacet
  facet normal 0.477504 -0.526863 -0.703139
    outer loop
      vertex 9.89949 -9.89949 0
      vertex 10.5895 -10.6087 1
      vertex 8.88151 -10.8221 0
    endloop
  endfacet
  facet normal 0.36556 0.609885 -0.703141
    outer loop
      vertex 7.77798 11.6406 0
      vertex 7.07795 13.2131 1
      vertex 8.32805 12.4638 1
    endloop
  endfacet
  facet normal -0.0365746 -0.71007 -0.703181
    outer loop
      vertex -1.37224 -13.9326 0
      vertex -1.4557 -14.9186 1
      vertex -1.46929 -14.9179 1
    endloop
  endfacet
  facet normal -0.0348819 -0.710183 -0.703152
    outer loop
      vertex -1.4557 -14.9186 1
      vertex -1.37224 -13.9326 0
      vertex 0 -14 0
    endloop
  endfacet
  facet normal -0.710183 0.0348823 -0.703152
    outer loop
      vertex -14 0 0
      vertex -14.9901 0 1
      vertex -14.9186 1.4557 1
    endloop
  endfacet
  facet normal -0.240488 0.669184 -0.703106
    outer loop
      vertex -4.06398 13.3972 0
      vertex -4.3642 14.34 1
      vertex -4.3514 14.3446 1
    endloop
  endfacet
  facet normal -0.239573 0.669494 -0.703123
    outer loop
      vertex -4.3642 14.34 1
      vertex -4.06398 13.3972 0
      vertex -5.35757 12.9343 0
    endloop
  endfacet
  facet normal 0.475983 0.528289 -0.703101
    outer loop
      vertex 9.89949 9.89949 0
      vertex 10.5895 10.6087 1
      vertex 10.5996 10.5996 1
    endloop
  endfacet
  facet normal 0.477504 0.526863 -0.703139
    outer loop
      vertex 10.5895 10.6087 1
      vertex 9.89949 9.89949 0
      vertex 8.88151 10.8221 0
    endloop
  endfacet
  facet normal -0.609883 0.365537 -0.703154
    outer loop
      vertex -12.3469 6.59955 0
      vertex -13.2131 7.07795 1
      vertex -11.6406 7.77798 0
    endloop
  endfacet
  facet normal -0.60976 0.365751 -0.703149
    outer loop
      vertex -13.2131 7.07795 1
      vertex -12.3469 6.59955 0
      vertex -13.2201 7.06628 1
    endloop
  endfacet
  facet normal 0.104305 0.703339 -0.70316
    outer loop
      vertex 2.73126 13.731 0
      vertex 1.48274 14.9159 1
      vertex 2.92442 14.7021 1
    endloop
  endfacet
  facet normal 0.526863 0.477504 -0.703139
    outer loop
      vertex 9.89949 9.89949 0
      vertex 10.6087 10.5895 1
      vertex 10.8221 8.88151 0
    endloop
  endfacet
  facet normal 0.528289 0.475983 -0.703101
    outer loop
      vertex 10.6087 10.5895 1
      vertex 9.89949 9.89949 0
      vertex 10.5996 10.5996 1
    endloop
  endfacet
  facet normal -0.365751 0.60976 -0.703149
    outer loop
      vertex -6.59955 12.3469 0
      vertex -7.07795 13.2131 1
      vertex -7.06628 13.2201 1
    endloop
  endfacet
  facet normal -0.365537 0.609883 -0.703154
    outer loop
      vertex -7.07795 13.2131 1
      vertex -6.59955 12.3469 0
      vertex -7.77798 11.6406 0
    endloop
  endfacet
  facet normal -0.71007 0.0365746 -0.703181
    outer loop
      vertex -13.9326 1.37224 0
      vertex -14.9186 1.4557 1
      vertex -14.9179 1.46929 1
    endloop
  endfacet
  facet normal -0.710183 0.0348819 -0.703152
    outer loop
      vertex -14.9186 1.4557 1
      vertex -13.9326 1.37224 0
      vertex -14 0 0
    endloop
  endfacet
  facet normal 0.669486 0.239545 -0.70314
    outer loop
      vertex 14.34 4.3642 1
      vertex 12.9343 5.35757 0
      vertex 13.849 5.73646 1
    endloop
  endfacet
  facet normal 0.571088 0.423582 -0.703162
    outer loop
      vertex 10.8221 8.88151 0
      vertex 11.5956 9.49869 1
      vertex 11.6406 7.77798 0
    endloop
  endfacet
  facet normal 0.571264 0.423352 -0.703157
    outer loop
      vertex 11.5956 9.49869 1
      vertex 10.8221 8.88151 0
      vertex 11.5875 9.50962 1
    endloop
  endfacet
  facet normal 0.571122 0.42357 -0.703141
    outer loop
      vertex 11.6406 7.77798 0
      vertex 11.5956 9.49869 1
      vertex 12.4638 8.32805 1
    endloop
  endfacet
  facet normal 0.609885 0.36556 -0.703141
    outer loop
      vertex 13.2131 7.07795 1
      vertex 11.6406 7.77798 0
      vertex 12.4638 8.32805 1
    endloop
  endfacet
  facet normal 0.303469 0.64304 -0.70314
    outer loop
      vertex 6.59955 12.3469 0
      vertex 7.05399 13.2259 1
      vertex 7.06628 13.2201 1
    endloop
  endfacet
  facet normal 0.304004 0.642776 -0.703151
    outer loop
      vertex 7.05399 13.2259 1
      vertex 6.59955 12.3469 0
      vertex 5.35757 12.9343 0
    endloop
  endfacet
  facet normal 0.669184 0.240488 -0.703106
    outer loop
      vertex 13.3972 4.06398 0
      vertex 14.34 4.3642 1
      vertex 14.3446 4.3514 1
    endloop
  endfacet
  facet normal 0.669494 0.239573 -0.703123
    outer loop
      vertex 14.34 4.3642 1
      vertex 13.3972 4.06398 0
      vertex 12.9343 5.35757 0
    endloop
  endfacet
  facet normal 0.703339 0.104305 -0.70316
    outer loop
      vertex 14.9159 1.48274 1
      vertex 13.731 2.73126 0
      vertex 14.7021 2.92442 1
    endloop
  endfacet
  facet normal 0.703324 0.104583 -0.703135
    outer loop
      vertex 13.9326 1.37224 0
      vertex 14.9159 1.48274 1
      vertex 14.9179 1.46929 1
    endloop
  endfacet
  facet normal 0.703356 0.104337 -0.703139
    outer loop
      vertex 14.9159 1.48274 1
      vertex 13.9326 1.37224 0
      vertex 13.731 2.73126 0
    endloop
  endfacet
  facet normal -0.304004 -0.642776 -0.703151
    outer loop
      vertex -7.05399 -13.2259 1
      vertex -6.59955 -12.3469 0
      vertex -5.35757 -12.9343 0
    endloop
  endfacet
  facet normal -0.303469 -0.64304 -0.70314
    outer loop
      vertex -6.59955 -12.3469 0
      vertex -7.05399 -13.2259 1
      vertex -7.06628 -13.2201 1
    endloop
  endfacet
  facet normal -0.989177 -0.14673 7.5017e-19
    outer loop
      vertex 9.6502 0.950461 16.99
      vertex 9.51057 1.89177 24.99
      vertex 9.51057 1.89177 16.99
    endloop
  endfacet
  facet normal -0.989177 -0.14673 7.5017e-19
    outer loop
      vertex 9.51057 1.89177 24.99
      vertex 9.6502 0.950461 16.99
      vertex 9.6502 0.950461 24.99
    endloop
  endfacet
  facet normal -0.998796 -0.0490644 1.42313e-19
    outer loop
      vertex 9.69689 0 16.99
      vertex 9.6502 0.950461 24.99
      vertex 9.6502 0.950461 16.99
    endloop
  endfacet
  facet normal -0.998796 -0.0490644 1.42313e-19
    outer loop
      vertex 9.6502 0.950461 24.99
      vertex 9.69689 0 16.99
      vertex 9.69689 0 24.99
    endloop
  endfacet
  facet normal -0.970032 -0.242978 -1.27479e-18
    outer loop
      vertex 9.51057 1.89177 16.99
      vertex 9.27935 2.81486 24.99
      vertex 9.27935 2.81486 16.99
    endloop
  endfacet
  facet normal -0.970032 -0.242978 -1.27479e-18
    outer loop
      vertex 9.27935 2.81486 24.99
      vertex 9.51057 1.89177 16.99
      vertex 9.51057 1.89177 24.99
    endloop
  endfacet
  facet normal 0.85773 -0.5141 1.62993e-18
    outer loop
      vertex -8.55189 4.57108 24.99
      vertex -8.06267 5.3873 16.99
      vertex -8.06267 5.3873 24.99
    endloop
  endfacet
  facet normal 0.85773 -0.5141 1.62993e-18
    outer loop
      vertex -8.06267 5.3873 16.99
      vertex -8.55189 4.57108 24.99
      vertex -8.55189 4.57108 16.99
    endloop
  endfacet
  facet normal -0.427561 0.903987 0
    outer loop
      vertex 4.57108 -8.55189 16.99
      vertex 3.71084 -8.95876 24.99
      vertex 4.57108 -8.55189 24.99
    endloop
  endfacet
  facet normal -0.427561 0.903987 0
    outer loop
      vertex 3.71084 -8.95876 24.99
      vertex 4.57108 -8.55189 16.99
      vertex 3.71084 -8.95876 16.99
    endloop
  endfacet
  facet normal 0.671556 0.740954 -0
    outer loop
      vertex -6.15164 -7.4958 16.99
      vertex -6.85674 -6.85674 24.99
      vertex -6.15164 -7.4958 24.99
    endloop
  endfacet
  facet normal 0.671556 0.740954 0
    outer loop
      vertex -6.85674 -6.85674 24.99
      vertex -6.15164 -7.4958 16.99
      vertex -6.85674 -6.85674 16.99
    endloop
  endfacet
  facet normal -0.5141 -0.85773 0
    outer loop
      vertex 4.57108 8.55189 16.99
      vertex 5.3873 8.06267 24.99
      vertex 4.57108 8.55189 24.99
    endloop
  endfacet
  facet normal -0.5141 -0.85773 -0
    outer loop
      vertex 5.3873 8.06267 24.99
      vertex 4.57108 8.55189 16.99
      vertex 5.3873 8.06267 16.99
    endloop
  endfacet
  facet normal 0.242978 -0.970032 0
    outer loop
      vertex -2.81486 9.27935 16.99
      vertex -1.89177 9.51057 24.99
      vertex -2.81486 9.27935 24.99
    endloop
  endfacet
  facet normal 0.242978 -0.970032 0
    outer loop
      vertex -1.89177 9.51057 24.99
      vertex -2.81486 9.27935 16.99
      vertex -1.89177 9.51057 16.99
    endloop
  endfacet
  facet normal -0.740954 -0.671556 -1.82415e-18
    outer loop
      vertex 7.4958 6.15164 16.99
      vertex 6.85674 6.85674 24.99
      vertex 6.85674 6.85674 16.99
    endloop
  endfacet
  facet normal -0.740954 -0.671556 -1.82415e-18
    outer loop
      vertex 6.85674 6.85674 24.99
      vertex 7.4958 6.15164 16.99
      vertex 7.4958 6.15164 24.99
    endloop
  endfacet
  facet normal 0.970032 0.242978 -1.27479e-18
    outer loop
      vertex -9.27935 -2.81486 24.99
      vertex -9.51057 -1.89177 16.99
      vertex -9.51057 -1.89177 24.99
    endloop
  endfacet
  facet normal 0.970032 0.242978 -1.27479e-18
    outer loop
      vertex -9.51057 -1.89177 16.99
      vertex -9.27935 -2.81486 24.99
      vertex -9.27935 -2.81486 16.99
    endloop
  endfacet
  facet normal -0.85773 -0.5141 -1.62993e-18
    outer loop
      vertex 8.55189 4.57108 16.99
      vertex 8.06267 5.3873 24.99
      vertex 8.06267 5.3873 16.99
    endloop
  endfacet
  facet normal -0.85773 -0.5141 -1.62993e-18
    outer loop
      vertex 8.06267 5.3873 24.99
      vertex 8.55189 4.57108 16.99
      vertex 8.55189 4.57108 24.99
    endloop
  endfacet
  facet normal -0.671556 -0.740954 0
    outer loop
      vertex 6.15164 7.4958 16.99
      vertex 6.85674 6.85674 24.99
      vertex 6.15164 7.4958 24.99
    endloop
  endfacet
  facet normal -0.671556 -0.740954 -0
    outer loop
      vertex 6.85674 6.85674 24.99
      vertex 6.15164 7.4958 16.99
      vertex 6.85674 6.85674 16.99
    endloop
  endfacet
  facet normal 0.941543 0.336893 1.04978e-19
    outer loop
      vertex -8.95876 -3.71084 24.99
      vertex -9.27935 -2.81486 16.99
      vertex -9.27935 -2.81486 24.99
    endloop
  endfacet
  facet normal 0.941543 0.336893 1.04978e-19
    outer loop
      vertex -9.27935 -2.81486 16.99
      vertex -8.95876 -3.71084 24.99
      vertex -8.95876 -3.71084 16.99
    endloop
  endfacet
  facet normal -0.336893 0.941543 0
    outer loop
      vertex 3.71084 -8.95876 16.99
      vertex 2.81486 -9.27935 24.99
      vertex 3.71084 -8.95876 24.99
    endloop
  endfacet
  facet normal -0.336893 0.941543 0
    outer loop
      vertex 2.81486 -9.27935 24.99
      vertex 3.71084 -8.95876 16.99
      vertex 2.81486 -9.27935 16.99
    endloop
  endfacet
  facet normal -0.941543 -0.336893 1.04978e-19
    outer loop
      vertex 9.27935 2.81486 16.99
      vertex 8.95876 3.71084 24.99
      vertex 8.95876 3.71084 16.99
    endloop
  endfacet
  facet normal -0.941543 -0.336893 1.04978e-19
    outer loop
      vertex 8.95876 3.71084 24.99
      vertex 9.27935 2.81486 16.99
      vertex 9.27935 2.81486 24.99
    endloop
  endfacet
  facet normal 0.998796 0.0490644 1.42313e-19
    outer loop
      vertex -9.6502 -0.950461 24.99
      vertex -9.69689 0 16.99
      vertex -9.69689 0 24.99
    endloop
  endfacet
  facet normal 0.998796 0.0490644 1.42313e-19
    outer loop
      vertex -9.69689 0 16.99
      vertex -9.6502 -0.950461 24.99
      vertex -9.6502 -0.950461 16.99
    endloop
  endfacet
  facet normal 0.0490644 -0.998796 0
    outer loop
      vertex -0.950461 9.6502 16.99
      vertex 0 9.69689 24.99
      vertex -0.950461 9.6502 24.99
    endloop
  endfacet
  facet normal 0.0490644 -0.998796 0
    outer loop
      vertex 0 9.69689 24.99
      vertex -0.950461 9.6502 16.99
      vertex 0 9.69689 16.99
    endloop
  endfacet
  facet normal -0.903987 0.427561 -2.69378e-18
    outer loop
      vertex 8.55189 -4.57108 16.99
      vertex 8.95876 -3.71084 24.99
      vertex 8.95876 -3.71084 16.99
    endloop
  endfacet
  facet normal -0.903987 0.427561 -2.69378e-18
    outer loop
      vertex 8.95876 -3.71084 24.99
      vertex 8.55189 -4.57108 16.99
      vertex 8.55189 -4.57108 24.99
    endloop
  endfacet
  facet normal -0.595697 -0.803209 0
    outer loop
      vertex 5.3873 8.06267 16.99
      vertex 6.15164 7.4958 24.99
      vertex 5.3873 8.06267 24.99
    endloop
  endfacet
  facet normal -0.595697 -0.803209 -0
    outer loop
      vertex 6.15164 7.4958 24.99
      vertex 5.3873 8.06267 16.99
      vertex 6.15164 7.4958 16.99
    endloop
  endfacet
  facet normal -0.998796 0.0490644 -1.42313e-19
    outer loop
      vertex 9.6502 -0.950461 16.99
      vertex 9.69689 0 24.99
      vertex 9.69689 0 16.99
    endloop
  endfacet
  facet normal -0.998796 0.0490644 -1.42313e-19
    outer loop
      vertex 9.69689 0 24.99
      vertex 9.6502 -0.950461 16.99
      vertex 9.6502 -0.950461 24.99
    endloop
  endfacet
  facet normal 0.941543 -0.336893 -1.04978e-19
    outer loop
      vertex -9.27935 2.81486 24.99
      vertex -8.95876 3.71084 16.99
      vertex -8.95876 3.71084 24.99
    endloop
  endfacet
  facet normal 0.941543 -0.336893 -1.04978e-19
    outer loop
      vertex -8.95876 3.71084 16.99
      vertex -9.27935 2.81486 24.99
      vertex -9.27935 2.81486 16.99
    endloop
  endfacet
  facet normal -0.0490644 0.998796 0
    outer loop
      vertex 0.950461 -9.6502 16.99
      vertex 0 -9.69689 24.99
      vertex 0.950461 -9.6502 24.99
    endloop
  endfacet
  facet normal -0.0490644 0.998796 0
    outer loop
      vertex 0 -9.69689 24.99
      vertex 0.950461 -9.6502 16.99
      vertex 0 -9.69689 16.99
    endloop
  endfacet
  facet normal -0.803209 -0.595697 2.05418e-18
    outer loop
      vertex 8.06267 5.3873 16.99
      vertex 7.4958 6.15164 24.99
      vertex 7.4958 6.15164 16.99
    endloop
  endfacet
  facet normal -0.803209 -0.595697 2.05418e-18
    outer loop
      vertex 7.4958 6.15164 24.99
      vertex 8.06267 5.3873 16.99
      vertex 8.06267 5.3873 24.99
    endloop
  endfacet
  facet normal 0.671556 -0.740954 0
    outer loop
      vertex -6.85674 6.85674 16.99
      vertex -6.15164 7.4958 24.99
      vertex -6.85674 6.85674 24.99
    endloop
  endfacet
  facet normal 0.671556 -0.740954 0
    outer loop
      vertex -6.15164 7.4958 24.99
      vertex -6.85674 6.85674 16.99
      vertex -6.15164 7.4958 16.99
    endloop
  endfacet
  facet normal -0.14673 0.989177 0
    outer loop
      vertex 1.89177 -9.51057 16.99
      vertex 0.950461 -9.6502 24.99
      vertex 1.89177 -9.51057 24.99
    endloop
  endfacet
  facet normal -0.14673 0.989177 0
    outer loop
      vertex 0.950461 -9.6502 24.99
      vertex 1.89177 -9.51057 16.99
      vertex 0.950461 -9.6502 16.99
    endloop
  endfacet
  facet normal -0.427561 -0.903987 0
    outer loop
      vertex 3.71084 8.95876 16.99
      vertex 4.57108 8.55189 24.99
      vertex 3.71084 8.95876 24.99
    endloop
  endfacet
  facet normal -0.427561 -0.903987 -0
    outer loop
      vertex 4.57108 8.55189 24.99
      vertex 3.71084 8.95876 16.99
      vertex 4.57108 8.55189 16.99
    endloop
  endfacet
  facet normal -0.740954 0.671556 1.82415e-18
    outer loop
      vertex 6.85674 -6.85674 16.99
      vertex 7.4958 -6.15164 24.99
      vertex 7.4958 -6.15164 16.99
    endloop
  endfacet
  facet normal -0.740954 0.671556 1.82415e-18
    outer loop
      vertex 7.4958 -6.15164 24.99
      vertex 6.85674 -6.85674 16.99
      vertex 6.85674 -6.85674 24.99
    endloop
  endfacet
  facet normal 0.970032 -0.242978 1.27479e-18
    outer loop
      vertex -9.51057 1.89177 24.99
      vertex -9.27935 2.81486 16.99
      vertex -9.27935 2.81486 24.99
    endloop
  endfacet
  facet normal 0.970032 -0.242978 1.27479e-18
    outer loop
      vertex -9.27935 2.81486 16.99
      vertex -9.51057 1.89177 24.99
      vertex -9.51057 1.89177 16.99
    endloop
  endfacet
  facet normal 0.740954 -0.671556 1.82415e-18
    outer loop
      vertex -7.4958 6.15164 24.99
      vertex -6.85674 6.85674 16.99
      vertex -6.85674 6.85674 24.99
    endloop
  endfacet
  facet normal 0.740954 -0.671556 1.82415e-18
    outer loop
      vertex -6.85674 6.85674 16.99
      vertex -7.4958 6.15164 24.99
      vertex -7.4958 6.15164 16.99
    endloop
  endfacet
  facet normal -0.903987 -0.427561 2.69378e-18
    outer loop
      vertex 8.95876 3.71084 16.99
      vertex 8.55189 4.57108 24.99
      vertex 8.55189 4.57108 16.99
    endloop
  endfacet
  facet normal -0.903987 -0.427561 2.69378e-18
    outer loop
      vertex 8.55189 4.57108 24.99
      vertex 8.95876 3.71084 16.99
      vertex 8.95876 3.71084 24.99
    endloop
  endfacet
  facet normal 0.336893 0.941543 -0
    outer loop
      vertex -2.81486 -9.27935 16.99
      vertex -3.71084 -8.95876 24.99
      vertex -2.81486 -9.27935 24.99
    endloop
  endfacet
  facet normal 0.336893 0.941543 0
    outer loop
      vertex -3.71084 -8.95876 24.99
      vertex -2.81486 -9.27935 16.99
      vertex -3.71084 -8.95876 16.99
    endloop
  endfacet
  facet normal 0.427561 -0.903987 0
    outer loop
      vertex -4.57108 8.55189 16.99
      vertex -3.71084 8.95876 24.99
      vertex -4.57108 8.55189 24.99
    endloop
  endfacet
  facet normal 0.427561 -0.903987 0
    outer loop
      vertex -3.71084 8.95876 24.99
      vertex -4.57108 8.55189 16.99
      vertex -3.71084 8.95876 16.99
    endloop
  endfacet
  facet normal 0.14673 0.989177 -0
    outer loop
      vertex -0.950461 -9.6502 16.99
      vertex -1.89177 -9.51057 24.99
      vertex -0.950461 -9.6502 24.99
    endloop
  endfacet
  facet normal 0.14673 0.989177 0
    outer loop
      vertex -1.89177 -9.51057 24.99
      vertex -0.950461 -9.6502 16.99
      vertex -1.89177 -9.51057 16.99
    endloop
  endfacet
  facet normal -0.989177 0.14673 -7.5017e-19
    outer loop
      vertex 9.51057 -1.89177 16.99
      vertex 9.6502 -0.950461 24.99
      vertex 9.6502 -0.950461 16.99
    endloop
  endfacet
  facet normal -0.989177 0.14673 -7.5017e-19
    outer loop
      vertex 9.6502 -0.950461 24.99
      vertex 9.51057 -1.89177 16.99
      vertex 9.51057 -1.89177 24.99
    endloop
  endfacet
  facet normal 0.0490644 0.998796 -0
    outer loop
      vertex 0 -9.69689 16.99
      vertex -0.950461 -9.6502 24.99
      vertex 0 -9.69689 24.99
    endloop
  endfacet
  facet normal 0.0490644 0.998796 0
    outer loop
      vertex -0.950461 -9.6502 24.99
      vertex 0 -9.69689 16.99
      vertex -0.950461 -9.6502 16.99
    endloop
  endfacet
  facet normal -0.5141 0.85773 0
    outer loop
      vertex 5.3873 -8.06267 16.99
      vertex 4.57108 -8.55189 24.99
      vertex 5.3873 -8.06267 24.99
    endloop
  endfacet
  facet normal -0.5141 0.85773 0
    outer loop
      vertex 4.57108 -8.55189 24.99
      vertex 5.3873 -8.06267 16.99
      vertex 4.57108 -8.55189 16.99
    endloop
  endfacet
  facet normal -0.941543 0.336893 -1.04978e-19
    outer loop
      vertex 8.95876 -3.71084 16.99
      vertex 9.27935 -2.81486 24.99
      vertex 9.27935 -2.81486 16.99
    endloop
  endfacet
  facet normal -0.941543 0.336893 -1.04978e-19
    outer loop
      vertex 9.27935 -2.81486 24.99
      vertex 8.95876 -3.71084 16.99
      vertex 8.95876 -3.71084 24.99
    endloop
  endfacet
  facet normal -0.595697 0.803209 0
    outer loop
      vertex 6.15164 -7.4958 16.99
      vertex 5.3873 -8.06267 24.99
      vertex 6.15164 -7.4958 24.99
    endloop
  endfacet
  facet normal -0.595697 0.803209 0
    outer loop
      vertex 5.3873 -8.06267 24.99
      vertex 6.15164 -7.4958 16.99
      vertex 5.3873 -8.06267 16.99
    endloop
  endfacet
  facet normal -0.14673 -0.989177 0
    outer loop
      vertex 0.950461 9.6502 16.99
      vertex 1.89177 9.51057 24.99
      vertex 0.950461 9.6502 24.99
    endloop
  endfacet
  facet normal -0.14673 -0.989177 -0
    outer loop
      vertex 1.89177 9.51057 24.99
      vertex 0.950461 9.6502 16.99
      vertex 1.89177 9.51057 16.99
    endloop
  endfacet
  facet normal -0.336893 -0.941543 0
    outer loop
      vertex 2.81486 9.27935 16.99
      vertex 3.71084 8.95876 24.99
      vertex 2.81486 9.27935 24.99
    endloop
  endfacet
  facet normal -0.336893 -0.941543 -0
    outer loop
      vertex 3.71084 8.95876 24.99
      vertex 2.81486 9.27935 16.99
      vertex 3.71084 8.95876 16.99
    endloop
  endfacet
  facet normal -0.242978 -0.970032 0
    outer loop
      vertex 1.89177 9.51057 16.99
      vertex 2.81486 9.27935 24.99
      vertex 1.89177 9.51057 24.99
    endloop
  endfacet
  facet normal -0.242978 -0.970032 -0
    outer loop
      vertex 2.81486 9.27935 24.99
      vertex 1.89177 9.51057 16.99
      vertex 2.81486 9.27935 16.99
    endloop
  endfacet
  facet normal 0.5141 -0.85773 0
    outer loop
      vertex -5.3873 8.06267 16.99
      vertex -4.57108 8.55189 24.99
      vertex -5.3873 8.06267 24.99
    endloop
  endfacet
  facet normal 0.5141 -0.85773 0
    outer loop
      vertex -4.57108 8.55189 24.99
      vertex -5.3873 8.06267 16.99
      vertex -4.57108 8.55189 16.99
    endloop
  endfacet
  facet normal 0.595697 -0.803209 0
    outer loop
      vertex -6.15164 7.4958 16.99
      vertex -5.3873 8.06267 24.99
      vertex -6.15164 7.4958 24.99
    endloop
  endfacet
  facet normal 0.595697 -0.803209 0
    outer loop
      vertex -5.3873 8.06267 24.99
      vertex -6.15164 7.4958 16.99
      vertex -5.3873 8.06267 16.99
    endloop
  endfacet
  facet normal 0.14673 -0.989177 0
    outer loop
      vertex -1.89177 9.51057 16.99
      vertex -0.950461 9.6502 24.99
      vertex -1.89177 9.51057 24.99
    endloop
  endfacet
  facet normal 0.14673 -0.989177 0
    outer loop
      vertex -0.950461 9.6502 24.99
      vertex -1.89177 9.51057 16.99
      vertex -0.950461 9.6502 16.99
    endloop
  endfacet
  facet normal -0.242978 0.970032 0
    outer loop
      vertex 2.81486 -9.27935 16.99
      vertex 1.89177 -9.51057 24.99
      vertex 2.81486 -9.27935 24.99
    endloop
  endfacet
  facet normal -0.242978 0.970032 0
    outer loop
      vertex 1.89177 -9.51057 24.99
      vertex 2.81486 -9.27935 16.99
      vertex 1.89177 -9.51057 16.99
    endloop
  endfacet
  facet normal 0.903987 0.427561 2.69378e-18
    outer loop
      vertex -8.55189 -4.57108 24.99
      vertex -8.95876 -3.71084 16.99
      vertex -8.95876 -3.71084 24.99
    endloop
  endfacet
  facet normal 0.903987 0.427561 2.69378e-18
    outer loop
      vertex -8.95876 -3.71084 16.99
      vertex -8.55189 -4.57108 24.99
      vertex -8.55189 -4.57108 16.99
    endloop
  endfacet
  facet normal 0.740954 0.671556 -1.82415e-18
    outer loop
      vertex -6.85674 -6.85674 24.99
      vertex -7.4958 -6.15164 16.99
      vertex -7.4958 -6.15164 24.99
    endloop
  endfacet
  facet normal 0.740954 0.671556 -1.82415e-18
    outer loop
      vertex -7.4958 -6.15164 16.99
      vertex -6.85674 -6.85674 24.99
      vertex -6.85674 -6.85674 16.99
    endloop
  endfacet
  facet normal 0.336893 -0.941543 0
    outer loop
      vertex -3.71084 8.95876 16.99
      vertex -2.81486 9.27935 24.99
      vertex -3.71084 8.95876 24.99
    endloop
  endfacet
  facet normal 0.336893 -0.941543 0
    outer loop
      vertex -2.81486 9.27935 24.99
      vertex -3.71084 8.95876 16.99
      vertex -2.81486 9.27935 16.99
    endloop
  endfacet
  facet normal 0.989177 -0.14673 -7.5017e-19
    outer loop
      vertex -9.6502 0.950461 24.99
      vertex -9.51057 1.89177 16.99
      vertex -9.51057 1.89177 24.99
    endloop
  endfacet
  facet normal 0.989177 -0.14673 -7.5017e-19
    outer loop
      vertex -9.51057 1.89177 16.99
      vertex -9.6502 0.950461 24.99
      vertex -9.6502 0.950461 16.99
    endloop
  endfacet
  facet normal 0.998796 -0.0490644 -1.42313e-19
    outer loop
      vertex -9.69689 0 24.99
      vertex -9.6502 0.950461 16.99
      vertex -9.6502 0.950461 24.99
    endloop
  endfacet
  facet normal 0.998796 -0.0490644 -1.42313e-19
    outer loop
      vertex -9.6502 0.950461 16.99
      vertex -9.69689 0 24.99
      vertex -9.69689 0 16.99
    endloop
  endfacet
  facet normal 0.803209 -0.595697 -2.05418e-18
    outer loop
      vertex -8.06267 5.3873 24.99
      vertex -7.4958 6.15164 16.99
      vertex -7.4958 6.15164 24.99
    endloop
  endfacet
  facet normal 0.803209 -0.595697 -2.05418e-18
    outer loop
      vertex -7.4958 6.15164 16.99
      vertex -8.06267 5.3873 24.99
      vertex -8.06267 5.3873 16.99
    endloop
  endfacet
  facet normal -0.970032 0.242978 1.27479e-18
    outer loop
      vertex 9.27935 -2.81486 16.99
      vertex 9.51057 -1.89177 24.99
      vertex 9.51057 -1.89177 16.99
    endloop
  endfacet
  facet normal -0.970032 0.242978 1.27479e-18
    outer loop
      vertex 9.51057 -1.89177 24.99
      vertex 9.27935 -2.81486 16.99
      vertex 9.27935 -2.81486 24.99
    endloop
  endfacet
  facet normal 0.803209 0.595697 2.05418e-18
    outer loop
      vertex -7.4958 -6.15164 24.99
      vertex -8.06267 -5.3873 16.99
      vertex -8.06267 -5.3873 24.99
    endloop
  endfacet
  facet normal 0.803209 0.595697 2.05418e-18
    outer loop
      vertex -8.06267 -5.3873 16.99
      vertex -7.4958 -6.15164 24.99
      vertex -7.4958 -6.15164 16.99
    endloop
  endfacet
  facet normal 0.989177 0.14673 7.5017e-19
    outer loop
      vertex -9.51057 -1.89177 24.99
      vertex -9.6502 -0.950461 16.99
      vertex -9.6502 -0.950461 24.99
    endloop
  endfacet
  facet normal 0.989177 0.14673 7.5017e-19
    outer loop
      vertex -9.6502 -0.950461 16.99
      vertex -9.51057 -1.89177 24.99
      vertex -9.51057 -1.89177 16.99
    endloop
  endfacet
  facet normal -0.0490644 -0.998796 0
    outer loop
      vertex 0 9.69689 16.99
      vertex 0.950461 9.6502 24.99
      vertex 0 9.69689 24.99
    endloop
  endfacet
  facet normal -0.0490644 -0.998796 -0
    outer loop
      vertex 0.950461 9.6502 24.99
      vertex 0 9.69689 16.99
      vertex 0.950461 9.6502 16.99
    endloop
  endfacet
  facet normal -0.85773 0.5141 1.62993e-18
    outer loop
      vertex 8.06267 -5.3873 16.99
      vertex 8.55189 -4.57108 24.99
      vertex 8.55189 -4.57108 16.99
    endloop
  endfacet
  facet normal -0.85773 0.5141 1.62993e-18
    outer loop
      vertex 8.55189 -4.57108 24.99
      vertex 8.06267 -5.3873 16.99
      vertex 8.06267 -5.3873 24.99
    endloop
  endfacet
  facet normal 0.5141 0.85773 -0
    outer loop
      vertex -4.57108 -8.55189 16.99
      vertex -5.3873 -8.06267 24.99
      vertex -4.57108 -8.55189 24.99
    endloop
  endfacet
  facet normal 0.5141 0.85773 0
    outer loop
      vertex -5.3873 -8.06267 24.99
      vertex -4.57108 -8.55189 16.99
      vertex -5.3873 -8.06267 16.99
    endloop
  endfacet
  facet normal 0.595697 0.803209 -0
    outer loop
      vertex -5.3873 -8.06267 16.99
      vertex -6.15164 -7.4958 24.99
      vertex -5.3873 -8.06267 24.99
    endloop
  endfacet
  facet normal 0.595697 0.803209 0
    outer loop
      vertex -6.15164 -7.4958 24.99
      vertex -5.3873 -8.06267 16.99
      vertex -6.15164 -7.4958 16.99
    endloop
  endfacet
  facet normal 0.427561 0.903987 -0
    outer loop
      vertex -3.71084 -8.95876 16.99
      vertex -4.57108 -8.55189 24.99
      vertex -3.71084 -8.95876 24.99
    endloop
  endfacet
  facet normal 0.427561 0.903987 0
    outer loop
      vertex -4.57108 -8.55189 24.99
      vertex -3.71084 -8.95876 16.99
      vertex -4.57108 -8.55189 16.99
    endloop
  endfacet
  facet normal -0.803209 0.595697 -2.05418e-18
    outer loop
      vertex 7.4958 -6.15164 16.99
      vertex 8.06267 -5.3873 24.99
      vertex 8.06267 -5.3873 16.99
    endloop
  endfacet
  facet normal -0.803209 0.595697 -2.05418e-18
    outer loop
      vertex 8.06267 -5.3873 24.99
      vertex 7.4958 -6.15164 16.99
      vertex 7.4958 -6.15164 24.99
    endloop
  endfacet
  facet normal 0.242978 0.970032 -0
    outer loop
      vertex -1.89177 -9.51057 16.99
      vertex -2.81486 -9.27935 24.99
      vertex -1.89177 -9.51057 24.99
    endloop
  endfacet
  facet normal 0.242978 0.970032 0
    outer loop
      vertex -2.81486 -9.27935 24.99
      vertex -1.89177 -9.51057 16.99
      vertex -2.81486 -9.27935 16.99
    endloop
  endfacet
  facet normal 0.85773 0.5141 -1.62993e-18
    outer loop
      vertex -8.06267 -5.3873 24.99
      vertex -8.55189 -4.57108 16.99
      vertex -8.55189 -4.57108 24.99
    endloop
  endfacet
  facet normal 0.85773 0.5141 -1.62993e-18
    outer loop
      vertex -8.55189 -4.57108 16.99
      vertex -8.06267 -5.3873 24.99
      vertex -8.06267 -5.3873 16.99
    endloop
  endfacet
  facet normal 0.903987 -0.427561 -2.69378e-18
    outer loop
      vertex -8.95876 3.71084 24.99
      vertex -8.55189 4.57108 16.99
      vertex -8.55189 4.57108 24.99
    endloop
  endfacet
  facet normal 0.903987 -0.427561 -2.69378e-18
    outer loop
      vertex -8.55189 4.57108 16.99
      vertex -8.95876 3.71084 24.99
      vertex -8.95876 3.71084 16.99
    endloop
  endfacet
  facet normal -0.671556 0.740954 0
    outer loop
      vertex 6.85674 -6.85674 16.99
      vertex 6.15164 -7.4958 24.99
      vertex 6.85674 -6.85674 24.99
    endloop
  endfacet
  facet normal -0.671556 0.740954 0
    outer loop
      vertex 6.15164 -7.4958 24.99
      vertex 6.85674 -6.85674 16.99
      vertex 6.15164 -7.4958 16.99
    endloop
  endfacet
  facet normal 0 0 1
    outer loop
      vertex 5.1 0 16.99
      vertex 9.69689 0 16.99
      vertex 9.6502 0.950461 16.99
    endloop
  endfacet
  facet normal 0 0 1
    outer loop
      vertex 5.07544 0.499887 16.99
      vertex 9.6502 0.950461 16.99
      vertex 9.51057 1.89177 16.99
    endloop
  endfacet
  facet normal 0 0 1
    outer loop
      vertex 9.69689 0 16.99
      vertex 5.1 0 16.99
      vertex 9.6502 -0.950461 16.99
    endloop
  endfacet
  facet normal 0 0 1
    outer loop
      vertex 5.002 0.99496 16.99
      vertex 9.51057 1.89177 16.99
      vertex 9.27935 2.81486 16.99
    endloop
  endfacet
  facet normal -0 0 1
    outer loop
      vertex 5.07544 -0.499887 16.99
      vertex 9.6502 -0.950461 16.99
      vertex 5.1 0 16.99
    endloop
  endfacet
  facet normal 0 0 1
    outer loop
      vertex 4.88039 1.48045 16.99
      vertex 9.27935 2.81486 16.99
      vertex 8.95876 3.71084 16.99
    endloop
  endfacet
  facet normal 0 0 1
    outer loop
      vertex 9.6502 -0.950461 16.99
      vertex 5.07544 -0.499887 16.99
      vertex 9.51057 -1.89177 16.99
    endloop
  endfacet
  facet normal 0 0 1
    outer loop
      vertex 4.71179 1.95168 16.99
      vertex 8.95876 3.71084 16.99
      vertex 8.55189 4.57108 16.99
    endloop
  endfacet
  facet normal -0 0 1
    outer loop
      vertex 5.002 -0.99496 16.99
      vertex 9.51057 -1.89177 16.99
      vertex 5.07544 -0.499887 16.99
    endloop
  endfacet
  facet normal 0 0 1
    outer loop
      vertex 4.4978 2.40412 16.99
      vertex 8.55189 4.57108 16.99
      vertex 8.06267 5.3873 16.99
    endloop
  endfacet
  facet normal 0 0 1
    outer loop
      vertex 9.51057 -1.89177 16.99
      vertex 5.002 -0.99496 16.99
      vertex 9.27935 -2.81486 16.99
    endloop
  endfacet
  facet normal 0 0 1
    outer loop
      vertex 4.24049 2.83341 16.99
      vertex 8.06267 5.3873 16.99
      vertex 7.4958 6.15164 16.99
    endloop
  endfacet
  facet normal -0 0 1
    outer loop
      vertex 4.88039 -1.48045 16.99
      vertex 9.27935 -2.81486 16.99
      vertex 5.002 -0.99496 16.99
    endloop
  endfacet
  facet normal 0 0 1
    outer loop
      vertex 3.94235 3.2354 16.99
      vertex 7.4958 6.15164 16.99
      vertex 6.85674 6.85674 16.99
    endloop
  endfacet
  facet normal 0 0 1
    outer loop
      vertex 9.27935 -2.81486 16.99
      vertex 4.88039 -1.48045 16.99
      vertex 8.95876 -3.71084 16.99
    endloop
  endfacet
  facet normal 0 0 1
    outer loop
      vertex 3.60624 3.60624 16.99
      vertex 6.85674 6.85674 16.99
      vertex 6.15164 7.4958 16.99
    endloop
  endfacet
  facet normal -0 0 1
    outer loop
      vertex 4.71179 -1.95168 16.99
      vertex 8.95876 -3.71084 16.99
      vertex 4.88039 -1.48045 16.99
    endloop
  endfacet
  facet normal 0 0 1
    outer loop
      vertex 3.2354 3.94235 16.99
      vertex 6.15164 7.4958 16.99
      vertex 5.3873 8.06267 16.99
    endloop
  endfacet
  facet normal 0 0 1
    outer loop
      vertex 8.95876 -3.71084 16.99
      vertex 4.71179 -1.95168 16.99
      vertex 8.55189 -4.57108 16.99
    endloop
  endfacet
  facet normal -0 0 1
    outer loop
      vertex 4.4978 -2.40412 16.99
      vertex 8.55189 -4.57108 16.99
      vertex 4.71179 -1.95168 16.99
    endloop
  endfacet
  facet normal 0 0 1
    outer loop
      vertex 9.6502 0.950461 16.99
      vertex 5.07544 0.499887 16.99
      vertex 5.1 0 16.99
    endloop
  endfacet
  facet normal 0 0 1
    outer loop
      vertex 9.51057 1.89177 16.99
      vertex 5.002 0.99496 16.99
      vertex 5.07544 0.499887 16.99
    endloop
  endfacet
  facet normal 0 0 1
    outer loop
      vertex 9.27935 2.81486 16.99
      vertex 4.88039 1.48045 16.99
      vertex 5.002 0.99496 16.99
    endloop
  endfacet
  facet normal 0 0 1
    outer loop
      vertex 8.95876 3.71084 16.99
      vertex 4.71179 1.95168 16.99
      vertex 4.88039 1.48045 16.99
    endloop
  endfacet
  facet normal 0 0 1
    outer loop
      vertex 2.83341 4.24049 16.99
      vertex 5.3873 8.06267 16.99
      vertex 4.57108 8.55189 16.99
    endloop
  endfacet
  facet normal 0 0 1
    outer loop
      vertex 8.55189 4.57108 16.99
      vertex 4.4978 2.40412 16.99
      vertex 4.71179 1.95168 16.99
    endloop
  endfacet
  facet normal 0 0 1
    outer loop
      vertex 8.06267 5.3873 16.99
      vertex 4.24049 2.83341 16.99
      vertex 4.4978 2.40412 16.99
    endloop
  endfacet
  facet normal 0 0 1
    outer loop
      vertex 7.4958 6.15164 16.99
      vertex 3.94235 3.2354 16.99
      vertex 4.24049 2.83341 16.99
    endloop
  endfacet
  facet normal 0 0 1
    outer loop
      vertex 2.40412 4.4978 16.99
      vertex 4.57108 8.55189 16.99
      vertex 3.71084 8.95876 16.99
    endloop
  endfacet
  facet normal 0 0 1
    outer loop
      vertex 6.85674 6.85674 16.99
      vertex 3.60624 3.60624 16.99
      vertex 3.94235 3.2354 16.99
    endloop
  endfacet
  facet normal 0 0 1
    outer loop
      vertex 6.15164 7.4958 16.99
      vertex 3.2354 3.94235 16.99
      vertex 3.60624 3.60624 16.99
    endloop
  endfacet
  facet normal 0 0 1
    outer loop
      vertex 5.3873 8.06267 16.99
      vertex 2.83341 4.24049 16.99
      vertex 3.2354 3.94235 16.99
    endloop
  endfacet
  facet normal 0 0 1
    outer loop
      vertex 1.95168 4.71179 16.99
      vertex 3.71084 8.95876 16.99
      vertex 2.81486 9.27935 16.99
    endloop
  endfacet
  facet normal 0 0 1
    outer loop
      vertex 4.57108 8.55189 16.99
      vertex 2.40412 4.4978 16.99
      vertex 2.83341 4.24049 16.99
    endloop
  endfacet
  facet normal 0 0 1
    outer loop
      vertex 3.71084 8.95876 16.99
      vertex 1.95168 4.71179 16.99
      vertex 2.40412 4.4978 16.99
    endloop
  endfacet
  facet normal 0 0 1
    outer loop
      vertex 1.48045 4.88039 16.99
      vertex 2.81486 9.27935 16.99
      vertex 1.89177 9.51057 16.99
    endloop
  endfacet
  facet normal 0 0 1
    outer loop
      vertex 2.81486 9.27935 16.99
      vertex 1.48045 4.88039 16.99
      vertex 1.95168 4.71179 16.99
    endloop
  endfacet
  facet normal 0 0 1
    outer loop
      vertex 1.89177 9.51057 16.99
      vertex 0.99496 5.002 16.99
      vertex 1.48045 4.88039 16.99
    endloop
  endfacet
  facet normal 0 0 1
    outer loop
      vertex 0.950461 9.6502 16.99
      vertex 0.99496 5.002 16.99
      vertex 1.89177 9.51057 16.99
    endloop
  endfacet
  facet normal 0 0 1
    outer loop
      vertex 0.950461 9.6502 16.99
      vertex 0.499887 5.07544 16.99
      vertex 0.99496 5.002 16.99
    endloop
  endfacet
  facet normal 0 0 1
    outer loop
      vertex 0 9.69689 16.99
      vertex 0.499887 5.07544 16.99
      vertex 0.950461 9.6502 16.99
    endloop
  endfacet
  facet normal 0 0 1
    outer loop
      vertex 0 9.69689 16.99
      vertex 0 5.1 16.99
      vertex 0.499887 5.07544 16.99
    endloop
  endfacet
  facet normal 0 0 1
    outer loop
      vertex 0 9.69689 16.99
      vertex -0.499887 5.07544 16.99
      vertex 0 5.1 16.99
    endloop
  endfacet
  facet normal -0 0 1
    outer loop
      vertex -0.950461 9.6502 16.99
      vertex -0.499887 5.07544 16.99
      vertex 0 9.69689 16.99
    endloop
  endfacet
  facet normal 0 0 1
    outer loop
      vertex -0.950461 9.6502 16.99
      vertex -0.99496 5.002 16.99
      vertex -0.499887 5.07544 16.99
    endloop
  endfacet
  facet normal -0 0 1
    outer loop
      vertex -1.89177 9.51057 16.99
      vertex -0.99496 5.002 16.99
      vertex -0.950461 9.6502 16.99
    endloop
  endfacet
  facet normal 0 0 1
    outer loop
      vertex -0.99496 5.002 16.99
      vertex -1.89177 9.51057 16.99
      vertex -1.48045 4.88039 16.99
    endloop
  endfacet
  facet normal -0 0 1
    outer loop
      vertex -2.81486 9.27935 16.99
      vertex -1.48045 4.88039 16.99
      vertex -1.89177 9.51057 16.99
    endloop
  endfacet
  facet normal 0 0 1
    outer loop
      vertex -1.48045 4.88039 16.99
      vertex -2.81486 9.27935 16.99
      vertex -1.95168 4.71179 16.99
    endloop
  endfacet
  facet normal -0 0 1
    outer loop
      vertex -3.71084 8.95876 16.99
      vertex -1.95168 4.71179 16.99
      vertex -2.81486 9.27935 16.99
    endloop
  endfacet
  facet normal 0 0 1
    outer loop
      vertex -1.95168 4.71179 16.99
      vertex -3.71084 8.95876 16.99
      vertex -2.40412 4.4978 16.99
    endloop
  endfacet
  facet normal -0 0 1
    outer loop
      vertex -4.57108 8.55189 16.99
      vertex -2.40412 4.4978 16.99
      vertex -3.71084 8.95876 16.99
    endloop
  endfacet
  facet normal 0 0 1
    outer loop
      vertex -2.40412 4.4978 16.99
      vertex -4.57108 8.55189 16.99
      vertex -2.83341 4.24049 16.99
    endloop
  endfacet
  facet normal -0 0 1
    outer loop
      vertex -5.3873 8.06267 16.99
      vertex -2.83341 4.24049 16.99
      vertex -4.57108 8.55189 16.99
    endloop
  endfacet
  facet normal 0 0 1
    outer loop
      vertex -2.83341 4.24049 16.99
      vertex -5.3873 8.06267 16.99
      vertex -3.2354 3.94235 16.99
    endloop
  endfacet
  facet normal -0 0 1
    outer loop
      vertex -6.15164 7.4958 16.99
      vertex -3.2354 3.94235 16.99
      vertex -5.3873 8.06267 16.99
    endloop
  endfacet
  facet normal 0 0 1
    outer loop
      vertex -3.2354 3.94235 16.99
      vertex -6.15164 7.4958 16.99
      vertex -3.60624 3.60624 16.99
    endloop
  endfacet
  facet normal -0 0 1
    outer loop
      vertex -6.85674 6.85674 16.99
      vertex -3.60624 3.60624 16.99
      vertex -6.15164 7.4958 16.99
    endloop
  endfacet
  facet normal 0 0 1
    outer loop
      vertex -3.60624 3.60624 16.99
      vertex -6.85674 6.85674 16.99
      vertex -3.94235 3.2354 16.99
    endloop
  endfacet
  facet normal -0 0 1
    outer loop
      vertex -7.4958 6.15164 16.99
      vertex -3.94235 3.2354 16.99
      vertex -6.85674 6.85674 16.99
    endloop
  endfacet
  facet normal 0 0 1
    outer loop
      vertex -3.94235 3.2354 16.99
      vertex -7.4958 6.15164 16.99
      vertex -4.24049 2.83341 16.99
    endloop
  endfacet
  facet normal -0 0 1
    outer loop
      vertex -8.06267 5.3873 16.99
      vertex -4.24049 2.83341 16.99
      vertex -7.4958 6.15164 16.99
    endloop
  endfacet
  facet normal -0 0 1
    outer loop
      vertex -8.55189 4.57108 16.99
      vertex -4.4978 2.40412 16.99
      vertex -8.06267 5.3873 16.99
    endloop
  endfacet
  facet normal 0 0 1
    outer loop
      vertex -4.24049 2.83341 16.99
      vertex -8.06267 5.3873 16.99
      vertex -4.4978 2.40412 16.99
    endloop
  endfacet
  facet normal 0 0 1
    outer loop
      vertex 8.55189 -4.57108 16.99
      vertex 4.4978 -2.40412 16.99
      vertex 8.06267 -5.3873 16.99
    endloop
  endfacet
  facet normal -0 0 1
    outer loop
      vertex 4.24049 -2.83341 16.99
      vertex 8.06267 -5.3873 16.99
      vertex 4.4978 -2.40412 16.99
    endloop
  endfacet
  facet normal 0 0 1
    outer loop
      vertex 8.06267 -5.3873 16.99
      vertex 4.24049 -2.83341 16.99
      vertex 7.4958 -6.15164 16.99
    endloop
  endfacet
  facet normal -0 0 1
    outer loop
      vertex 3.94235 -3.2354 16.99
      vertex 7.4958 -6.15164 16.99
      vertex 4.24049 -2.83341 16.99
    endloop
  endfacet
  facet normal 0 0 1
    outer loop
      vertex 7.4958 -6.15164 16.99
      vertex 3.94235 -3.2354 16.99
      vertex 6.85674 -6.85674 16.99
    endloop
  endfacet
  facet normal -0 0 1
    outer loop
      vertex 3.60624 -3.60624 16.99
      vertex 6.85674 -6.85674 16.99
      vertex 3.94235 -3.2354 16.99
    endloop
  endfacet
  facet normal 0 0 1
    outer loop
      vertex 6.85674 -6.85674 16.99
      vertex 3.60624 -3.60624 16.99
      vertex 6.15164 -7.4958 16.99
    endloop
  endfacet
  facet normal -0 0 1
    outer loop
      vertex 3.2354 -3.94235 16.99
      vertex 6.15164 -7.4958 16.99
      vertex 3.60624 -3.60624 16.99
    endloop
  endfacet
  facet normal 0 0 1
    outer loop
      vertex 6.15164 -7.4958 16.99
      vertex 3.2354 -3.94235 16.99
      vertex 5.3873 -8.06267 16.99
    endloop
  endfacet
  facet normal -0 0 1
    outer loop
      vertex 2.83341 -4.24049 16.99
      vertex 5.3873 -8.06267 16.99
      vertex 3.2354 -3.94235 16.99
    endloop
  endfacet
  facet normal 0 0 1
    outer loop
      vertex 5.3873 -8.06267 16.99
      vertex 2.83341 -4.24049 16.99
      vertex 4.57108 -8.55189 16.99
    endloop
  endfacet
  facet normal -0 0 1
    outer loop
      vertex 2.40412 -4.4978 16.99
      vertex 4.57108 -8.55189 16.99
      vertex 2.83341 -4.24049 16.99
    endloop
  endfacet
  facet normal 0 0 1
    outer loop
      vertex 4.57108 -8.55189 16.99
      vertex 2.40412 -4.4978 16.99
      vertex 3.71084 -8.95876 16.99
    endloop
  endfacet
  facet normal -0 0 1
    outer loop
      vertex 1.95168 -4.71179 16.99
      vertex 3.71084 -8.95876 16.99
      vertex 2.40412 -4.4978 16.99
    endloop
  endfacet
  facet normal 0 0 1
    outer loop
      vertex 3.71084 -8.95876 16.99
      vertex 1.95168 -4.71179 16.99
      vertex 2.81486 -9.27935 16.99
    endloop
  endfacet
  facet normal -0 0 1
    outer loop
      vertex 1.48045 -4.88039 16.99
      vertex 2.81486 -9.27935 16.99
      vertex 1.95168 -4.71179 16.99
    endloop
  endfacet
  facet normal 0 0 1
    outer loop
      vertex 2.81486 -9.27935 16.99
      vertex 1.48045 -4.88039 16.99
      vertex 1.89177 -9.51057 16.99
    endloop
  endfacet
  facet normal -0 0 1
    outer loop
      vertex 0.99496 -5.002 16.99
      vertex 1.89177 -9.51057 16.99
      vertex 1.48045 -4.88039 16.99
    endloop
  endfacet
  facet normal 0 0 1
    outer loop
      vertex 0.99496 -5.002 16.99
      vertex 0.950461 -9.6502 16.99
      vertex 1.89177 -9.51057 16.99
    endloop
  endfacet
  facet normal -0 0 1
    outer loop
      vertex 0.499887 -5.07544 16.99
      vertex 0.950461 -9.6502 16.99
      vertex 0.99496 -5.002 16.99
    endloop
  endfacet
  facet normal -0 0 1
    outer loop
      vertex 0 -5.1 16.99
      vertex 0.950461 -9.6502 16.99
      vertex 0.499887 -5.07544 16.99
    endloop
  endfacet
  facet normal 0 0 1
    outer loop
      vertex 0 -5.1 16.99
      vertex 0 -9.69689 16.99
      vertex 0.950461 -9.6502 16.99
    endloop
  endfacet
  facet normal 0 0 1
    outer loop
      vertex -0.499887 -5.07544 16.99
      vertex 0 -9.69689 16.99
      vertex 0 -5.1 16.99
    endloop
  endfacet
  facet normal 0 0 1
    outer loop
      vertex -0.499887 -5.07544 16.99
      vertex -0.950461 -9.6502 16.99
      vertex 0 -9.69689 16.99
    endloop
  endfacet
  facet normal 0 0 1
    outer loop
      vertex -0.99496 -5.002 16.99
      vertex -0.950461 -9.6502 16.99
      vertex -0.499887 -5.07544 16.99
    endloop
  endfacet
  facet normal 0 0 1
    outer loop
      vertex -1.89177 -9.51057 16.99
      vertex -0.99496 -5.002 16.99
      vertex -1.48045 -4.88039 16.99
    endloop
  endfacet
  facet normal 0 0 1
    outer loop
      vertex -0.99496 -5.002 16.99
      vertex -1.89177 -9.51057 16.99
      vertex -0.950461 -9.6502 16.99
    endloop
  endfacet
  facet normal 0 0 1
    outer loop
      vertex -2.81486 -9.27935 16.99
      vertex -1.48045 -4.88039 16.99
      vertex -1.95168 -4.71179 16.99
    endloop
  endfacet
  facet normal 0 0 1
    outer loop
      vertex -3.71084 -8.95876 16.99
      vertex -1.95168 -4.71179 16.99
      vertex -2.40412 -4.4978 16.99
    endloop
  endfacet
  facet normal 0 0 1
    outer loop
      vertex -1.48045 -4.88039 16.99
      vertex -2.81486 -9.27935 16.99
      vertex -1.89177 -9.51057 16.99
    endloop
  endfacet
  facet normal 0 0 1
    outer loop
      vertex -4.57108 -8.55189 16.99
      vertex -2.40412 -4.4978 16.99
      vertex -2.83341 -4.24049 16.99
    endloop
  endfacet
  facet normal 0 0 1
    outer loop
      vertex -5.3873 -8.06267 16.99
      vertex -2.83341 -4.24049 16.99
      vertex -3.2354 -3.94235 16.99
    endloop
  endfacet
  facet normal 0 0 1
    outer loop
      vertex -6.15164 -7.4958 16.99
      vertex -3.2354 -3.94235 16.99
      vertex -3.60624 -3.60624 16.99
    endloop
  endfacet
  facet normal 0 0 1
    outer loop
      vertex -1.95168 -4.71179 16.99
      vertex -3.71084 -8.95876 16.99
      vertex -2.81486 -9.27935 16.99
    endloop
  endfacet
  facet normal 0 0 1
    outer loop
      vertex -6.85674 -6.85674 16.99
      vertex -3.60624 -3.60624 16.99
      vertex -3.94235 -3.2354 16.99
    endloop
  endfacet
  facet normal 0 0 1
    outer loop
      vertex -7.4958 -6.15164 16.99
      vertex -3.94235 -3.2354 16.99
      vertex -4.24049 -2.83341 16.99
    endloop
  endfacet
  facet normal 0 0 1
    outer loop
      vertex -8.06267 -5.3873 16.99
      vertex -4.24049 -2.83341 16.99
      vertex -4.4978 -2.40412 16.99
    endloop
  endfacet
  facet normal 0 0 1
    outer loop
      vertex -2.40412 -4.4978 16.99
      vertex -4.57108 -8.55189 16.99
      vertex -3.71084 -8.95876 16.99
    endloop
  endfacet
  facet normal 0 0 1
    outer loop
      vertex -8.55189 -4.57108 16.99
      vertex -4.4978 -2.40412 16.99
      vertex -4.71179 -1.95168 16.99
    endloop
  endfacet
  facet normal 0 0 1
    outer loop
      vertex -8.95876 -3.71084 16.99
      vertex -4.71179 -1.95168 16.99
      vertex -4.88039 -1.48045 16.99
    endloop
  endfacet
  facet normal 0 0 1
    outer loop
      vertex -9.27935 -2.81486 16.99
      vertex -4.88039 -1.48045 16.99
      vertex -5.002 -0.99496 16.99
    endloop
  endfacet
  facet normal 0 0 1
    outer loop
      vertex -9.51057 -1.89177 16.99
      vertex -5.002 -0.99496 16.99
      vertex -5.07544 -0.499887 16.99
    endloop
  endfacet
  facet normal 0 0 1
    outer loop
      vertex -2.83341 -4.24049 16.99
      vertex -5.3873 -8.06267 16.99
      vertex -4.57108 -8.55189 16.99
    endloop
  endfacet
  facet normal 0 0 1
    outer loop
      vertex -9.6502 -0.950461 16.99
      vertex -5.07544 -0.499887 16.99
      vertex -5.1 0 16.99
    endloop
  endfacet
  facet normal 0 0 1
    outer loop
      vertex -4.4978 2.40412 16.99
      vertex -8.55189 4.57108 16.99
      vertex -4.71179 1.95168 16.99
    endloop
  endfacet
  facet normal -0 0 1
    outer loop
      vertex -8.95876 3.71084 16.99
      vertex -4.71179 1.95168 16.99
      vertex -8.55189 4.57108 16.99
    endloop
  endfacet
  facet normal 0 0 1
    outer loop
      vertex -3.2354 -3.94235 16.99
      vertex -6.15164 -7.4958 16.99
      vertex -5.3873 -8.06267 16.99
    endloop
  endfacet
  facet normal 0 0 1
    outer loop
      vertex -4.71179 1.95168 16.99
      vertex -8.95876 3.71084 16.99
      vertex -4.88039 1.48045 16.99
    endloop
  endfacet
  facet normal 0 0 1
    outer loop
      vertex -3.60624 -3.60624 16.99
      vertex -6.85674 -6.85674 16.99
      vertex -6.15164 -7.4958 16.99
    endloop
  endfacet
  facet normal -0 0 1
    outer loop
      vertex -9.27935 2.81486 16.99
      vertex -4.88039 1.48045 16.99
      vertex -8.95876 3.71084 16.99
    endloop
  endfacet
  facet normal 0 0 1
    outer loop
      vertex -3.94235 -3.2354 16.99
      vertex -7.4958 -6.15164 16.99
      vertex -6.85674 -6.85674 16.99
    endloop
  endfacet
  facet normal 0 0 1
    outer loop
      vertex -4.88039 1.48045 16.99
      vertex -9.27935 2.81486 16.99
      vertex -5.002 0.99496 16.99
    endloop
  endfacet
  facet normal 0 0 1
    outer loop
      vertex -4.24049 -2.83341 16.99
      vertex -8.06267 -5.3873 16.99
      vertex -7.4958 -6.15164 16.99
    endloop
  endfacet
  facet normal -0 0 1
    outer loop
      vertex -9.51057 1.89177 16.99
      vertex -5.002 0.99496 16.99
      vertex -9.27935 2.81486 16.99
    endloop
  endfacet
  facet normal 0 0 1
    outer loop
      vertex -4.4978 -2.40412 16.99
      vertex -8.55189 -4.57108 16.99
      vertex -8.06267 -5.3873 16.99
    endloop
  endfacet
  facet normal 0 0 1
    outer loop
      vertex -5.002 0.99496 16.99
      vertex -9.51057 1.89177 16.99
      vertex -5.07544 0.499887 16.99
    endloop
  endfacet
  facet normal 0 0 1
    outer loop
      vertex -4.71179 -1.95168 16.99
      vertex -8.95876 -3.71084 16.99
      vertex -8.55189 -4.57108 16.99
    endloop
  endfacet
  facet normal -0 0 1
    outer loop
      vertex -9.6502 0.950461 16.99
      vertex -5.07544 0.499887 16.99
      vertex -9.51057 1.89177 16.99
    endloop
  endfacet
  facet normal 0 0 1
    outer loop
      vertex -4.88039 -1.48045 16.99
      vertex -9.27935 -2.81486 16.99
      vertex -8.95876 -3.71084 16.99
    endloop
  endfacet
  facet normal 0 0 1
    outer loop
      vertex -5.07544 0.499887 16.99
      vertex -9.6502 0.950461 16.99
      vertex -5.1 0 16.99
    endloop
  endfacet
  facet normal 0 0 1
    outer loop
      vertex -5.002 -0.99496 16.99
      vertex -9.51057 -1.89177 16.99
      vertex -9.27935 -2.81486 16.99
    endloop
  endfacet
  facet normal 0 0 1
    outer loop
      vertex -9.69689 0 16.99
      vertex -5.1 0 16.99
      vertex -9.6502 0.950461 16.99
    endloop
  endfacet
  facet normal 0 0 1
    outer loop
      vertex -5.07544 -0.499887 16.99
      vertex -9.6502 -0.950461 16.99
      vertex -9.51057 -1.89177 16.99
    endloop
  endfacet
  facet normal 0 0 1
    outer loop
      vertex -5.1 0 16.99
      vertex -9.69689 0 16.99
      vertex -9.6502 -0.950461 16.99
    endloop
  endfacet
  facet normal -0.989176 -0.146736 2.08616e-18
    outer loop
      vertex 5.07544 0.499887 15.5
      vertex 5.002 0.99496 16.99
      vertex 5.002 0.99496 15.5
    endloop
  endfacet
  facet normal -0.989176 -0.146736 2.08616e-18
    outer loop
      vertex 5.002 0.99496 16.99
      vertex 5.07544 0.499887 15.5
      vertex 5.07544 0.499887 16.99
    endloop
  endfacet
  facet normal -0.998795 -0.0490719 5.38299e-19
    outer loop
      vertex 5.1 0 15.5
      vertex 5.07544 0.499887 16.99
      vertex 5.07544 0.499887 15.5
    endloop
  endfacet
  facet normal -0.998795 -0.0490719 5.38299e-19
    outer loop
      vertex 5.07544 0.499887 16.99
      vertex 5.1 0 15.5
      vertex 5.1 0 16.99
    endloop
  endfacet
  facet normal -0.970031 -0.242982 -3.35996e-18
    outer loop
      vertex 5.002 0.99496 15.5
      vertex 4.88039 1.48045 16.99
      vertex 4.88039 1.48045 15.5
    endloop
  endfacet
  facet normal -0.970031 -0.242982 -3.35996e-18
    outer loop
      vertex 4.88039 1.48045 16.99
      vertex 5.002 0.99496 15.5
      vertex 5.002 0.99496 16.99
    endloop
  endfacet
  facet normal -0.427558 0.903988 0
    outer loop
      vertex 2.40412 -4.4978 15.5
      vertex 1.95168 -4.71179 16.99
      vertex 2.40412 -4.4978 16.99
    endloop
  endfacet
  facet normal -0.427558 0.903988 0
    outer loop
      vertex 1.95168 -4.71179 16.99
      vertex 2.40412 -4.4978 15.5
      vertex 1.95168 -4.71179 15.5
    endloop
  endfacet
  facet normal -0.427558 -0.903988 0
    outer loop
      vertex 1.95168 4.71179 15.5
      vertex 2.40412 4.4978 16.99
      vertex 1.95168 4.71179 16.99
    endloop
  endfacet
  facet normal -0.427558 -0.903988 -0
    outer loop
      vertex 2.40412 4.4978 16.99
      vertex 1.95168 4.71179 15.5
      vertex 2.40412 4.4978 15.5
    endloop
  endfacet
  facet normal 0.427558 -0.903988 0
    outer loop
      vertex -2.40412 4.4978 15.5
      vertex -1.95168 4.71179 16.99
      vertex -2.40412 4.4978 16.99
    endloop
  endfacet
  facet normal 0.427558 -0.903988 0
    outer loop
      vertex -1.95168 4.71179 16.99
      vertex -2.40412 4.4978 15.5
      vertex -1.95168 4.71179 15.5
    endloop
  endfacet
  facet normal -0.595704 -0.803204 0
    outer loop
      vertex 2.83341 4.24049 15.5
      vertex 3.2354 3.94235 16.99
      vertex 2.83341 4.24049 16.99
    endloop
  endfacet
  facet normal -0.595704 -0.803204 -0
    outer loop
      vertex 3.2354 3.94235 16.99
      vertex 2.83341 4.24049 15.5
      vertex 3.2354 3.94235 15.5
    endloop
  endfacet
  facet normal -0.242982 -0.970031 0
    outer loop
      vertex 0.99496 5.002 15.5
      vertex 1.48045 4.88039 16.99
      vertex 0.99496 5.002 16.99
    endloop
  endfacet
  facet normal -0.242982 -0.970031 -0
    outer loop
      vertex 1.48045 4.88039 16.99
      vertex 0.99496 5.002 15.5
      vertex 1.48045 4.88039 15.5
    endloop
  endfacet
  facet normal 0.970031 -0.242982 3.35996e-18
    outer loop
      vertex -5.002 0.99496 16.99
      vertex -4.88039 1.48045 15.5
      vertex -4.88039 1.48045 16.99
    endloop
  endfacet
  facet normal 0.970031 -0.242982 3.35996e-18
    outer loop
      vertex -4.88039 1.48045 15.5
      vertex -5.002 0.99496 16.99
      vertex -5.002 0.99496 15.5
    endloop
  endfacet
  facet normal -0.514108 0.857726 0
    outer loop
      vertex 2.83341 -4.24049 15.5
      vertex 2.40412 -4.4978 16.99
      vertex 2.83341 -4.24049 16.99
    endloop
  endfacet
  facet normal -0.514108 0.857726 0
    outer loop
      vertex 2.40412 -4.4978 16.99
      vertex 2.83341 -4.24049 15.5
      vertex 2.40412 -4.4978 15.5
    endloop
  endfacet
  facet normal -0.903988 -0.427558 -3.06707e-18
    outer loop
      vertex 4.71179 1.95168 15.5
      vertex 4.4978 2.40412 16.99
      vertex 4.4978 2.40412 15.5
    endloop
  endfacet
  facet normal -0.903988 -0.427558 -3.06707e-18
    outer loop
      vertex 4.4978 2.40412 16.99
      vertex 4.71179 1.95168 15.5
      vertex 4.71179 1.95168 16.99
    endloop
  endfacet
  facet normal 0.242982 -0.970031 0
    outer loop
      vertex -1.48045 4.88039 15.5
      vertex -0.99496 5.002 16.99
      vertex -1.48045 4.88039 16.99
    endloop
  endfacet
  facet normal 0.242982 -0.970031 0
    outer loop
      vertex -0.99496 5.002 16.99
      vertex -1.48045 4.88039 15.5
      vertex -0.99496 5.002 15.5
    endloop
  endfacet
  facet normal -0.514108 -0.857726 0
    outer loop
      vertex 2.40412 4.4978 15.5
      vertex 2.83341 4.24049 16.99
      vertex 2.40412 4.4978 16.99
    endloop
  endfacet
  facet normal -0.514108 -0.857726 -0
    outer loop
      vertex 2.83341 4.24049 16.99
      vertex 2.40412 4.4978 15.5
      vertex 2.83341 4.24049 15.5
    endloop
  endfacet
  facet normal 0.989176 -0.146736 -2.08616e-18
    outer loop
      vertex -5.07544 0.499887 16.99
      vertex -5.002 0.99496 15.5
      vertex -5.002 0.99496 16.99
    endloop
  endfacet
  facet normal 0.989176 -0.146736 -2.08616e-18
    outer loop
      vertex -5.002 0.99496 15.5
      vertex -5.07544 0.499887 16.99
      vertex -5.07544 0.499887 15.5
    endloop
  endfacet
  facet normal -0.998795 0.0490719 -5.38299e-19
    outer loop
      vertex 5.07544 -0.499887 15.5
      vertex 5.1 0 16.99
      vertex 5.1 0 15.5
    endloop
  endfacet
  facet normal -0.998795 0.0490719 -5.38299e-19
    outer loop
      vertex 5.1 0 16.99
      vertex 5.07544 -0.499887 15.5
      vertex 5.07544 -0.499887 16.99
    endloop
  endfacet
  facet normal 0.595704 0.803204 -0
    outer loop
      vertex -2.83341 -4.24049 15.5
      vertex -3.2354 -3.94235 16.99
      vertex -2.83341 -4.24049 16.99
    endloop
  endfacet
  facet normal 0.595704 0.803204 0
    outer loop
      vertex -3.2354 -3.94235 16.99
      vertex -2.83341 -4.24049 15.5
      vertex -3.2354 -3.94235 15.5
    endloop
  endfacet
  facet normal -0.242982 0.970031 0
    outer loop
      vertex 1.48045 -4.88039 15.5
      vertex 0.99496 -5.002 16.99
      vertex 1.48045 -4.88039 16.99
    endloop
  endfacet
  facet normal -0.242982 0.970031 0
    outer loop
      vertex 0.99496 -5.002 16.99
      vertex 1.48045 -4.88039 15.5
      vertex 0.99496 -5.002 15.5
    endloop
  endfacet
  facet normal -0.803204 -0.595704 3.39269e-18
    outer loop
      vertex 4.24049 2.83341 15.5
      vertex 3.94235 3.2354 16.99
      vertex 3.94235 3.2354 15.5
    endloop
  endfacet
  facet normal -0.803204 -0.595704 3.39269e-18
    outer loop
      vertex 3.94235 3.2354 16.99
      vertex 4.24049 2.83341 15.5
      vertex 4.24049 2.83341 16.99
    endloop
  endfacet
  facet normal -0.146736 0.989176 0
    outer loop
      vertex 0.99496 -5.002 15.5
      vertex 0.499887 -5.07544 16.99
      vertex 0.99496 -5.002 16.99
    endloop
  endfacet
  facet normal -0.146736 0.989176 0
    outer loop
      vertex 0.499887 -5.07544 16.99
      vertex 0.99496 -5.002 15.5
      vertex 0.499887 -5.07544 15.5
    endloop
  endfacet
  facet normal 0.94155 -0.336874 5.29668e-18
    outer loop
      vertex -4.88039 1.48045 16.99
      vertex -4.71179 1.95168 15.5
      vertex -4.71179 1.95168 16.99
    endloop
  endfacet
  facet normal 0.94155 -0.336874 5.29668e-18
    outer loop
      vertex -4.71179 1.95168 15.5
      vertex -4.88039 1.48045 16.99
      vertex -4.88039 1.48045 15.5
    endloop
  endfacet
  facet normal -0.336874 0.94155 0
    outer loop
      vertex 1.95168 -4.71179 15.5
      vertex 1.48045 -4.88039 16.99
      vertex 1.95168 -4.71179 16.99
    endloop
  endfacet
  facet normal -0.336874 0.94155 0
    outer loop
      vertex 1.48045 -4.88039 16.99
      vertex 1.95168 -4.71179 15.5
      vertex 1.48045 -4.88039 15.5
    endloop
  endfacet
  facet normal -0.989176 0.146736 -2.08616e-18
    outer loop
      vertex 5.002 -0.99496 15.5
      vertex 5.07544 -0.499887 16.99
      vertex 5.07544 -0.499887 15.5
    endloop
  endfacet
  facet normal -0.989176 0.146736 -2.08616e-18
    outer loop
      vertex 5.07544 -0.499887 16.99
      vertex 5.002 -0.99496 15.5
      vertex 5.002 -0.99496 16.99
    endloop
  endfacet
  facet normal 0.94155 0.336874 -5.29668e-18
    outer loop
      vertex -4.71179 -1.95168 16.99
      vertex -4.88039 -1.48045 15.5
      vertex -4.88039 -1.48045 16.99
    endloop
  endfacet
  facet normal 0.94155 0.336874 -5.29668e-18
    outer loop
      vertex -4.88039 -1.48045 15.5
      vertex -4.71179 -1.95168 16.99
      vertex -4.71179 -1.95168 15.5
    endloop
  endfacet
  facet normal -0.903988 0.427558 3.06707e-18
    outer loop
      vertex 4.4978 -2.40412 15.5
      vertex 4.71179 -1.95168 16.99
      vertex 4.71179 -1.95168 15.5
    endloop
  endfacet
  facet normal -0.903988 0.427558 3.06707e-18
    outer loop
      vertex 4.71179 -1.95168 16.99
      vertex 4.4978 -2.40412 15.5
      vertex 4.4978 -2.40412 16.99
    endloop
  endfacet
  facet normal 0.595704 -0.803204 0
    outer loop
      vertex -3.2354 3.94235 15.5
      vertex -2.83341 4.24049 16.99
      vertex -3.2354 3.94235 16.99
    endloop
  endfacet
  facet normal 0.595704 -0.803204 0
    outer loop
      vertex -2.83341 4.24049 16.99
      vertex -3.2354 3.94235 15.5
      vertex -2.83341 4.24049 15.5
    endloop
  endfacet
  facet normal 0.514108 -0.857726 0
    outer loop
      vertex -2.83341 4.24049 15.5
      vertex -2.40412 4.4978 16.99
      vertex -2.83341 4.24049 16.99
    endloop
  endfacet
  facet normal 0.514108 -0.857726 0
    outer loop
      vertex -2.40412 4.4978 16.99
      vertex -2.83341 4.24049 15.5
      vertex -2.40412 4.4978 15.5
    endloop
  endfacet
  facet normal 0.970031 0.242982 -3.35996e-18
    outer loop
      vertex -4.88039 -1.48045 16.99
      vertex -5.002 -0.99496 15.5
      vertex -5.002 -0.99496 16.99
    endloop
  endfacet
  facet normal 0.970031 0.242982 -3.35996e-18
    outer loop
      vertex -5.002 -0.99496 15.5
      vertex -4.88039 -1.48045 16.99
      vertex -4.88039 -1.48045 15.5
    endloop
  endfacet
  facet normal 0.998795 0.0490719 5.38299e-19
    outer loop
      vertex -5.07544 -0.499887 16.99
      vertex -5.1 0 15.5
      vertex -5.1 0 16.99
    endloop
  endfacet
  facet normal 0.998795 0.0490719 5.38299e-19
    outer loop
      vertex -5.1 0 15.5
      vertex -5.07544 -0.499887 16.99
      vertex -5.07544 -0.499887 15.5
    endloop
  endfacet
  facet normal -0.146736 -0.989176 0
    outer loop
      vertex 0.499887 5.07544 15.5
      vertex 0.99496 5.002 16.99
      vertex 0.499887 5.07544 16.99
    endloop
  endfacet
  facet normal -0.146736 -0.989176 -0
    outer loop
      vertex 0.99496 5.002 16.99
      vertex 0.499887 5.07544 15.5
      vertex 0.99496 5.002 15.5
    endloop
  endfacet
  facet normal -0.970031 0.242982 3.35996e-18
    outer loop
      vertex 4.88039 -1.48045 15.5
      vertex 5.002 -0.99496 16.99
      vertex 5.002 -0.99496 15.5
    endloop
  endfacet
  facet normal -0.970031 0.242982 3.35996e-18
    outer loop
      vertex 5.002 -0.99496 16.99
      vertex 4.88039 -1.48045 15.5
      vertex 4.88039 -1.48045 16.99
    endloop
  endfacet
  facet normal -0.94155 0.336874 5.29668e-18
    outer loop
      vertex 4.71179 -1.95168 15.5
      vertex 4.88039 -1.48045 16.99
      vertex 4.88039 -1.48045 15.5
    endloop
  endfacet
  facet normal -0.94155 0.336874 5.29668e-18
    outer loop
      vertex 4.88039 -1.48045 16.99
      vertex 4.71179 -1.95168 15.5
      vertex 4.71179 -1.95168 16.99
    endloop
  endfacet
  facet normal -0.857726 -0.514108 2.53251e-18
    outer loop
      vertex 4.4978 2.40412 15.5
      vertex 4.24049 2.83341 16.99
      vertex 4.24049 2.83341 15.5
    endloop
  endfacet
  facet normal -0.857726 -0.514108 2.53251e-18
    outer loop
      vertex 4.24049 2.83341 16.99
      vertex 4.4978 2.40412 15.5
      vertex 4.4978 2.40412 16.99
    endloop
  endfacet
  facet normal -0.94155 -0.336874 -5.29668e-18
    outer loop
      vertex 4.88039 1.48045 15.5
      vertex 4.71179 1.95168 16.99
      vertex 4.71179 1.95168 15.5
    endloop
  endfacet
  facet normal -0.94155 -0.336874 -5.29668e-18
    outer loop
      vertex 4.71179 1.95168 16.99
      vertex 4.88039 1.48045 15.5
      vertex 4.88039 1.48045 16.99
    endloop
  endfacet
  facet normal -0.336874 -0.94155 0
    outer loop
      vertex 1.48045 4.88039 15.5
      vertex 1.95168 4.71179 16.99
      vertex 1.48045 4.88039 16.99
    endloop
  endfacet
  facet normal -0.336874 -0.94155 -0
    outer loop
      vertex 1.95168 4.71179 16.99
      vertex 1.48045 4.88039 15.5
      vertex 1.95168 4.71179 15.5
    endloop
  endfacet
  facet normal 0.0490719 -0.998795 0
    outer loop
      vertex -0.499887 5.07544 15.5
      vertex 0 5.1 16.99
      vertex -0.499887 5.07544 16.99
    endloop
  endfacet
  facet normal 0.0490719 -0.998795 0
    outer loop
      vertex 0 5.1 16.99
      vertex -0.499887 5.07544 15.5
      vertex 0 5.1 15.5
    endloop
  endfacet
  facet normal 0.427558 0.903988 -0
    outer loop
      vertex -1.95168 -4.71179 15.5
      vertex -2.40412 -4.4978 16.99
      vertex -1.95168 -4.71179 16.99
    endloop
  endfacet
  facet normal 0.427558 0.903988 0
    outer loop
      vertex -2.40412 -4.4978 16.99
      vertex -1.95168 -4.71179 15.5
      vertex -2.40412 -4.4978 15.5
    endloop
  endfacet
  facet normal 0.740951 -0.671559 -3.66853e-19
    outer loop
      vertex -3.94235 3.2354 16.99
      vertex -3.60624 3.60624 15.5
      vertex -3.60624 3.60624 16.99
    endloop
  endfacet
  facet normal 0.740951 -0.671559 -3.66853e-19
    outer loop
      vertex -3.60624 3.60624 15.5
      vertex -3.94235 3.2354 16.99
      vertex -3.94235 3.2354 15.5
    endloop
  endfacet
  facet normal 0.146736 -0.989176 0
    outer loop
      vertex -0.99496 5.002 15.5
      vertex -0.499887 5.07544 16.99
      vertex -0.99496 5.002 16.99
    endloop
  endfacet
  facet normal 0.146736 -0.989176 0
    outer loop
      vertex -0.499887 5.07544 16.99
      vertex -0.99496 5.002 15.5
      vertex -0.499887 5.07544 15.5
    endloop
  endfacet
  facet normal -0.0490719 0.998795 0
    outer loop
      vertex 0.499887 -5.07544 15.5
      vertex 0 -5.1 16.99
      vertex 0.499887 -5.07544 16.99
    endloop
  endfacet
  facet normal -0.0490719 0.998795 0
    outer loop
      vertex 0 -5.1 16.99
      vertex 0.499887 -5.07544 15.5
      vertex 0 -5.1 15.5
    endloop
  endfacet
  facet normal 0 0 -1
    outer loop
      vertex 5.1 0 15.5
      vertex 5.65 0 15.5
      vertex 5.62279 -0.553797 15.5
    endloop
  endfacet
  facet normal 0 0 -1
    outer loop
      vertex 5.07544 -0.499887 15.5
      vertex 5.62279 -0.553797 15.5
      vertex 5.54144 -1.10226 15.5
    endloop
  endfacet
  facet normal 0 0 -1
    outer loop
      vertex 5.65 0 15.5
      vertex 5.1 0 15.5
      vertex 5.62279 0.553797 15.5
    endloop
  endfacet
  facet normal 0 0 -1
    outer loop
      vertex 5.002 -0.99496 15.5
      vertex 5.54144 -1.10226 15.5
      vertex 5.40671 -1.64011 15.5
    endloop
  endfacet
  facet normal 0 0 -1
    outer loop
      vertex 5.07544 0.499887 15.5
      vertex 5.62279 0.553797 15.5
      vertex 5.1 0 15.5
    endloop
  endfacet
  facet normal 0 0 -1
    outer loop
      vertex 4.88039 -1.48045 15.5
      vertex 5.40671 -1.64011 15.5
      vertex 5.21992 -2.16216 15.5
    endloop
  endfacet
  facet normal -0 0 -1
    outer loop
      vertex 5.62279 0.553797 15.5
      vertex 5.07544 0.499887 15.5
      vertex 5.54144 1.10226 15.5
    endloop
  endfacet
  facet normal 0 0 -1
    outer loop
      vertex 5.002 0.99496 15.5
      vertex 5.54144 1.10226 15.5
      vertex 5.07544 0.499887 15.5
    endloop
  endfacet
  facet normal 0 0 -1
    outer loop
      vertex 5.62279 -0.553797 15.5
      vertex 5.07544 -0.499887 15.5
      vertex 5.1 0 15.5
    endloop
  endfacet
  facet normal 0 0 -1
    outer loop
      vertex 5.54144 -1.10226 15.5
      vertex 5.002 -0.99496 15.5
      vertex 5.07544 -0.499887 15.5
    endloop
  endfacet
  facet normal 0 0 -1
    outer loop
      vertex 4.71179 -1.95168 15.5
      vertex 5.21992 -2.16216 15.5
      vertex 4.98285 -2.66339 15.5
    endloop
  endfacet
  facet normal 0 0 -1
    outer loop
      vertex 5.40671 -1.64011 15.5
      vertex 4.88039 -1.48045 15.5
      vertex 5.002 -0.99496 15.5
    endloop
  endfacet
  facet normal 0 0 -1
    outer loop
      vertex 5.21992 -2.16216 15.5
      vertex 4.71179 -1.95168 15.5
      vertex 4.88039 -1.48045 15.5
    endloop
  endfacet
  facet normal 0 0 -1
    outer loop
      vertex 4.4978 -2.40412 15.5
      vertex 4.98285 -2.66339 15.5
      vertex 4.6978 -3.13897 15.5
    endloop
  endfacet
  facet normal 0 0 -1
    outer loop
      vertex 4.98285 -2.66339 15.5
      vertex 4.4978 -2.40412 15.5
      vertex 4.71179 -1.95168 15.5
    endloop
  endfacet
  facet normal 0 0 -1
    outer loop
      vertex 4.24049 -2.83341 15.5
      vertex 4.6978 -3.13897 15.5
      vertex 4.36751 -3.58432 15.5
    endloop
  endfacet
  facet normal 0 0 -1
    outer loop
      vertex 4.6978 -3.13897 15.5
      vertex 4.24049 -2.83341 15.5
      vertex 4.4978 -2.40412 15.5
    endloop
  endfacet
  facet normal 0 0 -1
    outer loop
      vertex 3.94235 -3.2354 15.5
      vertex 4.36751 -3.58432 15.5
      vertex 3.99515 -3.99515 15.5
    endloop
  endfacet
  facet normal 0 0 -1
    outer loop
      vertex 4.36751 -3.58432 15.5
      vertex 3.94235 -3.2354 15.5
      vertex 4.24049 -2.83341 15.5
    endloop
  endfacet
  facet normal 0 0 -1
    outer loop
      vertex 3.99515 -3.99515 15.5
      vertex 3.60624 -3.60624 15.5
      vertex 3.94235 -3.2354 15.5
    endloop
  endfacet
  facet normal 0 0 -1
    outer loop
      vertex 3.58432 -4.36751 15.5
      vertex 3.60624 -3.60624 15.5
      vertex 3.99515 -3.99515 15.5
    endloop
  endfacet
  facet normal 0 0 -1
    outer loop
      vertex 3.58432 -4.36751 15.5
      vertex 3.2354 -3.94235 15.5
      vertex 3.60624 -3.60624 15.5
    endloop
  endfacet
  facet normal 0 0 -1
    outer loop
      vertex 3.13897 -4.6978 15.5
      vertex 3.2354 -3.94235 15.5
      vertex 3.58432 -4.36751 15.5
    endloop
  endfacet
  facet normal 0 0 -1
    outer loop
      vertex 3.13897 -4.6978 15.5
      vertex 2.83341 -4.24049 15.5
      vertex 3.2354 -3.94235 15.5
    endloop
  endfacet
  facet normal 0 0 -1
    outer loop
      vertex 2.66339 -4.98285 15.5
      vertex 2.83341 -4.24049 15.5
      vertex 3.13897 -4.6978 15.5
    endloop
  endfacet
  facet normal 0 0 -1
    outer loop
      vertex 2.66339 -4.98285 15.5
      vertex 2.40412 -4.4978 15.5
      vertex 2.83341 -4.24049 15.5
    endloop
  endfacet
  facet normal 0 0 -1
    outer loop
      vertex 2.16216 -5.21992 15.5
      vertex 2.40412 -4.4978 15.5
      vertex 2.66339 -4.98285 15.5
    endloop
  endfacet
  facet normal 0 0 -1
    outer loop
      vertex 2.16216 -5.21992 15.5
      vertex 1.95168 -4.71179 15.5
      vertex 2.40412 -4.4978 15.5
    endloop
  endfacet
  facet normal 0 0 -1
    outer loop
      vertex 1.64011 -5.40671 15.5
      vertex 1.95168 -4.71179 15.5
      vertex 2.16216 -5.21992 15.5
    endloop
  endfacet
  facet normal 0 0 -1
    outer loop
      vertex 1.64011 -5.40671 15.5
      vertex 1.48045 -4.88039 15.5
      vertex 1.95168 -4.71179 15.5
    endloop
  endfacet
  facet normal 0 0 -1
    outer loop
      vertex 1.10226 -5.54144 15.5
      vertex 1.48045 -4.88039 15.5
      vertex 1.64011 -5.40671 15.5
    endloop
  endfacet
  facet normal 0 0 -1
    outer loop
      vertex 1.10226 -5.54144 15.5
      vertex 0.99496 -5.002 15.5
      vertex 1.48045 -4.88039 15.5
    endloop
  endfacet
  facet normal 0 0 -1
    outer loop
      vertex 0.553797 -5.62279 15.5
      vertex 0.99496 -5.002 15.5
      vertex 1.10226 -5.54144 15.5
    endloop
  endfacet
  facet normal 0 0 -1
    outer loop
      vertex 0.553797 -5.62279 15.5
      vertex 0.499887 -5.07544 15.5
      vertex 0.99496 -5.002 15.5
    endloop
  endfacet
  facet normal 0 0 -1
    outer loop
      vertex 0 -5.65 15.5
      vertex 0.499887 -5.07544 15.5
      vertex 0.553797 -5.62279 15.5
    endloop
  endfacet
  facet normal 0 0 -1
    outer loop
      vertex 0 -5.65 15.5
      vertex 0 -5.1 15.5
      vertex 0.499887 -5.07544 15.5
    endloop
  endfacet
  facet normal 0 0 -1
    outer loop
      vertex 0 -5.65 15.5
      vertex -0.499887 -5.07544 15.5
      vertex 0 -5.1 15.5
    endloop
  endfacet
  facet normal 0 0 -1
    outer loop
      vertex -0.553797 -5.62279 15.5
      vertex -0.499887 -5.07544 15.5
      vertex 0 -5.65 15.5
    endloop
  endfacet
  facet normal 0 0 -1
    outer loop
      vertex -0.553797 -5.62279 15.5
      vertex -0.99496 -5.002 15.5
      vertex -0.499887 -5.07544 15.5
    endloop
  endfacet
  facet normal 0 0 -1
    outer loop
      vertex -1.10226 -5.54144 15.5
      vertex -0.99496 -5.002 15.5
      vertex -0.553797 -5.62279 15.5
    endloop
  endfacet
  facet normal 0 0 -1
    outer loop
      vertex -1.10226 -5.54144 15.5
      vertex -1.48045 -4.88039 15.5
      vertex -0.99496 -5.002 15.5
    endloop
  endfacet
  facet normal 0 0 -1
    outer loop
      vertex -1.64011 -5.40671 15.5
      vertex -1.48045 -4.88039 15.5
      vertex -1.10226 -5.54144 15.5
    endloop
  endfacet
  facet normal 0 0 -1
    outer loop
      vertex -1.64011 -5.40671 15.5
      vertex -1.95168 -4.71179 15.5
      vertex -1.48045 -4.88039 15.5
    endloop
  endfacet
  facet normal 0 0 -1
    outer loop
      vertex -2.16216 -5.21992 15.5
      vertex -1.95168 -4.71179 15.5
      vertex -1.64011 -5.40671 15.5
    endloop
  endfacet
  facet normal 0 0 -1
    outer loop
      vertex -2.16216 -5.21992 15.5
      vertex -2.40412 -4.4978 15.5
      vertex -1.95168 -4.71179 15.5
    endloop
  endfacet
  facet normal 0 0 -1
    outer loop
      vertex -2.66339 -4.98285 15.5
      vertex -2.40412 -4.4978 15.5
      vertex -2.16216 -5.21992 15.5
    endloop
  endfacet
  facet normal 0 0 -1
    outer loop
      vertex -2.66339 -4.98285 15.5
      vertex -2.83341 -4.24049 15.5
      vertex -2.40412 -4.4978 15.5
    endloop
  endfacet
  facet normal 0 0 -1
    outer loop
      vertex -3.13897 -4.6978 15.5
      vertex -2.83341 -4.24049 15.5
      vertex -2.66339 -4.98285 15.5
    endloop
  endfacet
  facet normal 0 0 -1
    outer loop
      vertex -3.13897 -4.6978 15.5
      vertex -3.2354 -3.94235 15.5
      vertex -2.83341 -4.24049 15.5
    endloop
  endfacet
  facet normal 0 0 -1
    outer loop
      vertex -3.58432 -4.36751 15.5
      vertex -3.2354 -3.94235 15.5
      vertex -3.13897 -4.6978 15.5
    endloop
  endfacet
  facet normal 0 0 -1
    outer loop
      vertex -3.58432 -4.36751 15.5
      vertex -3.60624 -3.60624 15.5
      vertex -3.2354 -3.94235 15.5
    endloop
  endfacet
  facet normal 0 0 -1
    outer loop
      vertex -3.99515 -3.99515 15.5
      vertex -3.60624 -3.60624 15.5
      vertex -3.58432 -4.36751 15.5
    endloop
  endfacet
  facet normal -0 0 -1
    outer loop
      vertex -3.60624 -3.60624 15.5
      vertex -3.99515 -3.99515 15.5
      vertex -3.94235 -3.2354 15.5
    endloop
  endfacet
  facet normal 0 0 -1
    outer loop
      vertex -4.36751 -3.58432 15.5
      vertex -3.94235 -3.2354 15.5
      vertex -3.99515 -3.99515 15.5
    endloop
  endfacet
  facet normal -0 0 -1
    outer loop
      vertex -3.94235 -3.2354 15.5
      vertex -4.36751 -3.58432 15.5
      vertex -4.24049 -2.83341 15.5
    endloop
  endfacet
  facet normal 0 0 -1
    outer loop
      vertex -4.6978 -3.13897 15.5
      vertex -4.24049 -2.83341 15.5
      vertex -4.36751 -3.58432 15.5
    endloop
  endfacet
  facet normal -0 0 -1
    outer loop
      vertex -4.24049 -2.83341 15.5
      vertex -4.6978 -3.13897 15.5
      vertex -4.4978 -2.40412 15.5
    endloop
  endfacet
  facet normal 0 0 -1
    outer loop
      vertex -4.98285 -2.66339 15.5
      vertex -4.4978 -2.40412 15.5
      vertex -4.6978 -3.13897 15.5
    endloop
  endfacet
  facet normal -0 0 -1
    outer loop
      vertex -4.4978 -2.40412 15.5
      vertex -4.98285 -2.66339 15.5
      vertex -4.71179 -1.95168 15.5
    endloop
  endfacet
  facet normal 0 0 -1
    outer loop
      vertex -5.21992 -2.16216 15.5
      vertex -4.71179 -1.95168 15.5
      vertex -4.98285 -2.66339 15.5
    endloop
  endfacet
  facet normal -0 0 -1
    outer loop
      vertex -4.71179 -1.95168 15.5
      vertex -5.21992 -2.16216 15.5
      vertex -4.88039 -1.48045 15.5
    endloop
  endfacet
  facet normal 0 0 -1
    outer loop
      vertex -5.40671 -1.64011 15.5
      vertex -4.88039 -1.48045 15.5
      vertex -5.21992 -2.16216 15.5
    endloop
  endfacet
  facet normal -0 0 -1
    outer loop
      vertex -4.88039 -1.48045 15.5
      vertex -5.40671 -1.64011 15.5
      vertex -5.002 -0.99496 15.5
    endloop
  endfacet
  facet normal 0 0 -1
    outer loop
      vertex -5.54144 -1.10226 15.5
      vertex -5.002 -0.99496 15.5
      vertex -5.40671 -1.64011 15.5
    endloop
  endfacet
  facet normal -0 0 -1
    outer loop
      vertex 5.54144 1.10226 15.5
      vertex 5.002 0.99496 15.5
      vertex 5.40671 1.64011 15.5
    endloop
  endfacet
  facet normal 0 0 -1
    outer loop
      vertex 4.88039 1.48045 15.5
      vertex 5.40671 1.64011 15.5
      vertex 5.002 0.99496 15.5
    endloop
  endfacet
  facet normal -0 0 -1
    outer loop
      vertex 5.40671 1.64011 15.5
      vertex 4.88039 1.48045 15.5
      vertex 5.21992 2.16216 15.5
    endloop
  endfacet
  facet normal 0 0 -1
    outer loop
      vertex 4.71179 1.95168 15.5
      vertex 5.21992 2.16216 15.5
      vertex 4.88039 1.48045 15.5
    endloop
  endfacet
  facet normal -0 0 -1
    outer loop
      vertex 5.21992 2.16216 15.5
      vertex 4.71179 1.95168 15.5
      vertex 4.98285 2.66339 15.5
    endloop
  endfacet
  facet normal 0 0 -1
    outer loop
      vertex 4.4978 2.40412 15.5
      vertex 4.98285 2.66339 15.5
      vertex 4.71179 1.95168 15.5
    endloop
  endfacet
  facet normal -0 0 -1
    outer loop
      vertex 4.98285 2.66339 15.5
      vertex 4.4978 2.40412 15.5
      vertex 4.6978 3.13897 15.5
    endloop
  endfacet
  facet normal 0 0 -1
    outer loop
      vertex 4.24049 2.83341 15.5
      vertex 4.6978 3.13897 15.5
      vertex 4.4978 2.40412 15.5
    endloop
  endfacet
  facet normal -0 0 -1
    outer loop
      vertex 4.6978 3.13897 15.5
      vertex 4.24049 2.83341 15.5
      vertex 4.36751 3.58432 15.5
    endloop
  endfacet
  facet normal 0 0 -1
    outer loop
      vertex 3.94235 3.2354 15.5
      vertex 4.36751 3.58432 15.5
      vertex 4.24049 2.83341 15.5
    endloop
  endfacet
  facet normal -0 0 -1
    outer loop
      vertex 4.36751 3.58432 15.5
      vertex 3.94235 3.2354 15.5
      vertex 3.99515 3.99515 15.5
    endloop
  endfacet
  facet normal 0 0 -1
    outer loop
      vertex 3.60624 3.60624 15.5
      vertex 3.99515 3.99515 15.5
      vertex 3.94235 3.2354 15.5
    endloop
  endfacet
  facet normal 0 0 -1
    outer loop
      vertex 3.60624 3.60624 15.5
      vertex 3.58432 4.36751 15.5
      vertex 3.99515 3.99515 15.5
    endloop
  endfacet
  facet normal 0 0 -1
    outer loop
      vertex 3.2354 3.94235 15.5
      vertex 3.58432 4.36751 15.5
      vertex 3.60624 3.60624 15.5
    endloop
  endfacet
  facet normal 0 0 -1
    outer loop
      vertex 3.2354 3.94235 15.5
      vertex 3.13897 4.6978 15.5
      vertex 3.58432 4.36751 15.5
    endloop
  endfacet
  facet normal 0 0 -1
    outer loop
      vertex 2.83341 4.24049 15.5
      vertex 3.13897 4.6978 15.5
      vertex 3.2354 3.94235 15.5
    endloop
  endfacet
  facet normal 0 0 -1
    outer loop
      vertex 2.83341 4.24049 15.5
      vertex 2.66339 4.98285 15.5
      vertex 3.13897 4.6978 15.5
    endloop
  endfacet
  facet normal 0 0 -1
    outer loop
      vertex 2.40412 4.4978 15.5
      vertex 2.66339 4.98285 15.5
      vertex 2.83341 4.24049 15.5
    endloop
  endfacet
  facet normal 0 0 -1
    outer loop
      vertex 2.40412 4.4978 15.5
      vertex 2.16216 5.21992 15.5
      vertex 2.66339 4.98285 15.5
    endloop
  endfacet
  facet normal 0 0 -1
    outer loop
      vertex 1.95168 4.71179 15.5
      vertex 2.16216 5.21992 15.5
      vertex 2.40412 4.4978 15.5
    endloop
  endfacet
  facet normal 0 0 -1
    outer loop
      vertex 1.95168 4.71179 15.5
      vertex 1.64011 5.40671 15.5
      vertex 2.16216 5.21992 15.5
    endloop
  endfacet
  facet normal 0 0 -1
    outer loop
      vertex 1.48045 4.88039 15.5
      vertex 1.64011 5.40671 15.5
      vertex 1.95168 4.71179 15.5
    endloop
  endfacet
  facet normal 0 0 -1
    outer loop
      vertex 1.48045 4.88039 15.5
      vertex 1.10226 5.54144 15.5
      vertex 1.64011 5.40671 15.5
    endloop
  endfacet
  facet normal 0 0 -1
    outer loop
      vertex 0.99496 5.002 15.5
      vertex 1.10226 5.54144 15.5
      vertex 1.48045 4.88039 15.5
    endloop
  endfacet
  facet normal 0 0 -1
    outer loop
      vertex 0.99496 5.002 15.5
      vertex 0.553797 5.62279 15.5
      vertex 1.10226 5.54144 15.5
    endloop
  endfacet
  facet normal 0 0 -1
    outer loop
      vertex 0.499887 5.07544 15.5
      vertex 0.553797 5.62279 15.5
      vertex 0.99496 5.002 15.5
    endloop
  endfacet
  facet normal 0 0 -1
    outer loop
      vertex 0 5.1 15.5
      vertex 0.553797 5.62279 15.5
      vertex 0.499887 5.07544 15.5
    endloop
  endfacet
  facet normal 0 0 -1
    outer loop
      vertex 0 5.1 15.5
      vertex 0 5.65 15.5
      vertex 0.553797 5.62279 15.5
    endloop
  endfacet
  facet normal 0 0 -1
    outer loop
      vertex -0.499887 5.07544 15.5
      vertex 0 5.65 15.5
      vertex 0 5.1 15.5
    endloop
  endfacet
  facet normal 0 0 -1
    outer loop
      vertex -0.499887 5.07544 15.5
      vertex -0.553797 5.62279 15.5
      vertex 0 5.65 15.5
    endloop
  endfacet
  facet normal 0 0 -1
    outer loop
      vertex -0.99496 5.002 15.5
      vertex -0.553797 5.62279 15.5
      vertex -0.499887 5.07544 15.5
    endloop
  endfacet
  facet normal 0 0 -1
    outer loop
      vertex -0.99496 5.002 15.5
      vertex -1.10226 5.54144 15.5
      vertex -0.553797 5.62279 15.5
    endloop
  endfacet
  facet normal 0 0 -1
    outer loop
      vertex -1.48045 4.88039 15.5
      vertex -1.10226 5.54144 15.5
      vertex -0.99496 5.002 15.5
    endloop
  endfacet
  facet normal 0 0 -1
    outer loop
      vertex -1.48045 4.88039 15.5
      vertex -1.64011 5.40671 15.5
      vertex -1.10226 5.54144 15.5
    endloop
  endfacet
  facet normal 0 0 -1
    outer loop
      vertex -1.95168 4.71179 15.5
      vertex -1.64011 5.40671 15.5
      vertex -1.48045 4.88039 15.5
    endloop
  endfacet
  facet normal 0 0 -1
    outer loop
      vertex -1.95168 4.71179 15.5
      vertex -2.16216 5.21992 15.5
      vertex -1.64011 5.40671 15.5
    endloop
  endfacet
  facet normal 0 0 -1
    outer loop
      vertex -2.40412 4.4978 15.5
      vertex -2.16216 5.21992 15.5
      vertex -1.95168 4.71179 15.5
    endloop
  endfacet
  facet normal 0 0 -1
    outer loop
      vertex -2.40412 4.4978 15.5
      vertex -2.66339 4.98285 15.5
      vertex -2.16216 5.21992 15.5
    endloop
  endfacet
  facet normal 0 0 -1
    outer loop
      vertex -2.83341 4.24049 15.5
      vertex -2.66339 4.98285 15.5
      vertex -2.40412 4.4978 15.5
    endloop
  endfacet
  facet normal 0 0 -1
    outer loop
      vertex -2.83341 4.24049 15.5
      vertex -3.13897 4.6978 15.5
      vertex -2.66339 4.98285 15.5
    endloop
  endfacet
  facet normal 0 0 -1
    outer loop
      vertex -3.2354 3.94235 15.5
      vertex -3.13897 4.6978 15.5
      vertex -2.83341 4.24049 15.5
    endloop
  endfacet
  facet normal 0 0 -1
    outer loop
      vertex -3.2354 3.94235 15.5
      vertex -3.58432 4.36751 15.5
      vertex -3.13897 4.6978 15.5
    endloop
  endfacet
  facet normal 0 0 -1
    outer loop
      vertex -3.60624 3.60624 15.5
      vertex -3.58432 4.36751 15.5
      vertex -3.2354 3.94235 15.5
    endloop
  endfacet
  facet normal 0 0 -1
    outer loop
      vertex -3.99515 3.99515 15.5
      vertex -3.60624 3.60624 15.5
      vertex -3.94235 3.2354 15.5
    endloop
  endfacet
  facet normal 0 0 -1
    outer loop
      vertex -3.60624 3.60624 15.5
      vertex -3.99515 3.99515 15.5
      vertex -3.58432 4.36751 15.5
    endloop
  endfacet
  facet normal 0 0 -1
    outer loop
      vertex -4.36751 3.58432 15.5
      vertex -3.94235 3.2354 15.5
      vertex -4.24049 2.83341 15.5
    endloop
  endfacet
  facet normal 0 0 -1
    outer loop
      vertex -3.94235 3.2354 15.5
      vertex -4.36751 3.58432 15.5
      vertex -3.99515 3.99515 15.5
    endloop
  endfacet
  facet normal 0 0 -1
    outer loop
      vertex -4.6978 3.13897 15.5
      vertex -4.24049 2.83341 15.5
      vertex -4.4978 2.40412 15.5
    endloop
  endfacet
  facet normal 0 0 -1
    outer loop
      vertex -4.24049 2.83341 15.5
      vertex -4.6978 3.13897 15.5
      vertex -4.36751 3.58432 15.5
    endloop
  endfacet
  facet normal 0 0 -1
    outer loop
      vertex -4.98285 2.66339 15.5
      vertex -4.4978 2.40412 15.5
      vertex -4.71179 1.95168 15.5
    endloop
  endfacet
  facet normal 0 0 -1
    outer loop
      vertex -5.21992 2.16216 15.5
      vertex -4.71179 1.95168 15.5
      vertex -4.88039 1.48045 15.5
    endloop
  endfacet
  facet normal 0 0 -1
    outer loop
      vertex -4.4978 2.40412 15.5
      vertex -4.98285 2.66339 15.5
      vertex -4.6978 3.13897 15.5
    endloop
  endfacet
  facet normal 0 0 -1
    outer loop
      vertex -5.40671 1.64011 15.5
      vertex -4.88039 1.48045 15.5
      vertex -5.002 0.99496 15.5
    endloop
  endfacet
  facet normal 0 0 -1
    outer loop
      vertex -5.54144 1.10226 15.5
      vertex -5.002 0.99496 15.5
      vertex -5.07544 0.499887 15.5
    endloop
  endfacet
  facet normal 0 0 -1
    outer loop
      vertex -5.62279 0.553797 15.5
      vertex -5.07544 0.499887 15.5
      vertex -5.1 0 15.5
    endloop
  endfacet
  facet normal -0 0 -1
    outer loop
      vertex -5.002 -0.99496 15.5
      vertex -5.54144 -1.10226 15.5
      vertex -5.07544 -0.499887 15.5
    endloop
  endfacet
  facet normal 0 0 -1
    outer loop
      vertex -4.71179 1.95168 15.5
      vertex -5.21992 2.16216 15.5
      vertex -4.98285 2.66339 15.5
    endloop
  endfacet
  facet normal 0 0 -1
    outer loop
      vertex -5.62279 -0.553797 15.5
      vertex -5.07544 -0.499887 15.5
      vertex -5.54144 -1.10226 15.5
    endloop
  endfacet
  facet normal 0 0 -1
    outer loop
      vertex -4.88039 1.48045 15.5
      vertex -5.40671 1.64011 15.5
      vertex -5.21992 2.16216 15.5
    endloop
  endfacet
  facet normal -0 0 -1
    outer loop
      vertex -5.07544 -0.499887 15.5
      vertex -5.62279 -0.553797 15.5
      vertex -5.1 0 15.5
    endloop
  endfacet
  facet normal 0 0 -1
    outer loop
      vertex -5.002 0.99496 15.5
      vertex -5.54144 1.10226 15.5
      vertex -5.40671 1.64011 15.5
    endloop
  endfacet
  facet normal 0 0 -1
    outer loop
      vertex -5.65 0 15.5
      vertex -5.1 0 15.5
      vertex -5.62279 -0.553797 15.5
    endloop
  endfacet
  facet normal 0 0 -1
    outer loop
      vertex -5.07544 0.499887 15.5
      vertex -5.62279 0.553797 15.5
      vertex -5.54144 1.10226 15.5
    endloop
  endfacet
  facet normal 0 0 -1
    outer loop
      vertex -5.1 0 15.5
      vertex -5.65 0 15.5
      vertex -5.62279 0.553797 15.5
    endloop
  endfacet
  facet normal 0 0 1
    outer loop
      vertex 3 0 15.5
      vertex 3.85 0 15.5
      vertex 3.83146 0.377365 15.5
    endloop
  endfacet
  facet normal 0 0 1
    outer loop
      vertex 2.98555 0.294051 15.5
      vertex 3.83146 0.377365 15.5
      vertex 3.77602 0.751098 15.5
    endloop
  endfacet
  facet normal 0 0 1
    outer loop
      vertex 3.85 0 15.5
      vertex 3 0 15.5
      vertex 3.83146 -0.377365 15.5
    endloop
  endfacet
  facet normal 0 0 1
    outer loop
      vertex 2.94236 0.585271 15.5
      vertex 3.77602 0.751098 15.5
      vertex 3.68422 1.1176 15.5
    endloop
  endfacet
  facet normal -0 0 1
    outer loop
      vertex 2.98555 -0.294051 15.5
      vertex 3.83146 -0.377365 15.5
      vertex 3 0 15.5
    endloop
  endfacet
  facet normal 0 0 1
    outer loop
      vertex 2.87082 0.870853 15.5
      vertex 3.68422 1.1176 15.5
      vertex 3.55694 1.47333 15.5
    endloop
  endfacet
  facet normal 0 0 1
    outer loop
      vertex 3.83146 -0.377365 15.5
      vertex 2.98555 -0.294051 15.5
      vertex 3.77602 -0.751098 15.5
    endloop
  endfacet
  facet normal 0 0 1
    outer loop
      vertex 2.77164 1.14805 15.5
      vertex 3.55694 1.47333 15.5
      vertex 3.3954 1.81488 15.5
    endloop
  endfacet
  facet normal -0 0 1
    outer loop
      vertex 2.94236 -0.585271 15.5
      vertex 3.77602 -0.751098 15.5
      vertex 2.98555 -0.294051 15.5
    endloop
  endfacet
  facet normal 0 0 1
    outer loop
      vertex 2.64576 1.41419 15.5
      vertex 3.3954 1.81488 15.5
      vertex 3.20116 2.13894 15.5
    endloop
  endfacet
  facet normal 0 0 1
    outer loop
      vertex 3.77602 -0.751098 15.5
      vertex 2.94236 -0.585271 15.5
      vertex 3.68422 -1.1176 15.5
    endloop
  endfacet
  facet normal -0 0 1
    outer loop
      vertex 2.87082 -0.870853 15.5
      vertex 3.68422 -1.1176 15.5
      vertex 2.94236 -0.585271 15.5
    endloop
  endfacet
  facet normal 0 0 1
    outer loop
      vertex 3.83146 0.377365 15.5
      vertex 2.98555 0.294051 15.5
      vertex 3 0 15.5
    endloop
  endfacet
  facet normal 0 0 1
    outer loop
      vertex 2.49441 1.66671 15.5
      vertex 3.20116 2.13894 15.5
      vertex 2.97609 2.44241 15.5
    endloop
  endfacet
  facet normal 0 0 1
    outer loop
      vertex 3.77602 0.751098 15.5
      vertex 2.94236 0.585271 15.5
      vertex 2.98555 0.294051 15.5
    endloop
  endfacet
  facet normal 0 0 1
    outer loop
      vertex 3.68422 1.1176 15.5
      vertex 2.87082 0.870853 15.5
      vertex 2.94236 0.585271 15.5
    endloop
  endfacet
  facet normal 0 0 1
    outer loop
      vertex 3.55694 1.47333 15.5
      vertex 2.77164 1.14805 15.5
      vertex 2.87082 0.870853 15.5
    endloop
  endfacet
  facet normal 0 0 1
    outer loop
      vertex 2.31903 1.90318 15.5
      vertex 2.97609 2.44241 15.5
      vertex 2.72236 2.72236 15.5
    endloop
  endfacet
  facet normal 0 0 1
    outer loop
      vertex 3.3954 1.81488 15.5
      vertex 2.64576 1.41419 15.5
      vertex 2.77164 1.14805 15.5
    endloop
  endfacet
  facet normal 0 0 1
    outer loop
      vertex 3.20116 2.13894 15.5
      vertex 2.49441 1.66671 15.5
      vertex 2.64576 1.41419 15.5
    endloop
  endfacet
  facet normal 0 0 1
    outer loop
      vertex 2.12132 2.12132 15.5
      vertex 2.72236 2.72236 15.5
      vertex 2.44241 2.97609 15.5
    endloop
  endfacet
  facet normal 0 0 1
    outer loop
      vertex 2.97609 2.44241 15.5
      vertex 2.31903 1.90318 15.5
      vertex 2.49441 1.66671 15.5
    endloop
  endfacet
  facet normal 0 0 1
    outer loop
      vertex 1.90318 2.31903 15.5
      vertex 2.44241 2.97609 15.5
      vertex 2.13894 3.20116 15.5
    endloop
  endfacet
  facet normal 0 0 1
    outer loop
      vertex 2.72236 2.72236 15.5
      vertex 2.12132 2.12132 15.5
      vertex 2.31903 1.90318 15.5
    endloop
  endfacet
  facet normal 0 0 1
    outer loop
      vertex 2.44241 2.97609 15.5
      vertex 1.90318 2.31903 15.5
      vertex 2.12132 2.12132 15.5
    endloop
  endfacet
  facet normal 0 0 1
    outer loop
      vertex 1.66671 2.49441 15.5
      vertex 2.13894 3.20116 15.5
      vertex 1.81488 3.3954 15.5
    endloop
  endfacet
  facet normal 0 0 1
    outer loop
      vertex 2.13894 3.20116 15.5
      vertex 1.66671 2.49441 15.5
      vertex 1.90318 2.31903 15.5
    endloop
  endfacet
  facet normal 0 0 1
    outer loop
      vertex 1.41419 2.64576 15.5
      vertex 1.81488 3.3954 15.5
      vertex 1.47333 3.55694 15.5
    endloop
  endfacet
  facet normal 0 0 1
    outer loop
      vertex 1.81488 3.3954 15.5
      vertex 1.41419 2.64576 15.5
      vertex 1.66671 2.49441 15.5
    endloop
  endfacet
  facet normal 0 0 1
    outer loop
      vertex 1.47333 3.55694 15.5
      vertex 1.14805 2.77164 15.5
      vertex 1.41419 2.64576 15.5
    endloop
  endfacet
  facet normal 0 0 1
    outer loop
      vertex 1.1176 3.68422 15.5
      vertex 1.14805 2.77164 15.5
      vertex 1.47333 3.55694 15.5
    endloop
  endfacet
  facet normal 0 0 1
    outer loop
      vertex 1.1176 3.68422 15.5
      vertex 0.870853 2.87082 15.5
      vertex 1.14805 2.77164 15.5
    endloop
  endfacet
  facet normal 0 0 1
    outer loop
      vertex 0.751098 3.77602 15.5
      vertex 0.870853 2.87082 15.5
      vertex 1.1176 3.68422 15.5
    endloop
  endfacet
  facet normal 0 0 1
    outer loop
      vertex 0.751098 3.77602 15.5
      vertex 0.585271 2.94236 15.5
      vertex 0.870853 2.87082 15.5
    endloop
  endfacet
  facet normal 0 0 1
    outer loop
      vertex 0.377365 3.83146 15.5
      vertex 0.585271 2.94236 15.5
      vertex 0.751098 3.77602 15.5
    endloop
  endfacet
  facet normal 0 0 1
    outer loop
      vertex 0.377365 3.83146 15.5
      vertex 0.294051 2.98555 15.5
      vertex 0.585271 2.94236 15.5
    endloop
  endfacet
  facet normal 0 0 1
    outer loop
      vertex 0 3.85 15.5
      vertex 0.294051 2.98555 15.5
      vertex 0.377365 3.83146 15.5
    endloop
  endfacet
  facet normal 0 0 1
    outer loop
      vertex 0 3.85 15.5
      vertex 0 3 15.5
      vertex 0.294051 2.98555 15.5
    endloop
  endfacet
  facet normal 0 0 1
    outer loop
      vertex 0 3.85 15.5
      vertex -0.294051 2.98555 15.5
      vertex 0 3 15.5
    endloop
  endfacet
  facet normal -0 0 1
    outer loop
      vertex -0.377365 3.83146 15.5
      vertex -0.294051 2.98555 15.5
      vertex 0 3.85 15.5
    endloop
  endfacet
  facet normal 0 0 1
    outer loop
      vertex -0.377365 3.83146 15.5
      vertex -0.585271 2.94236 15.5
      vertex -0.294051 2.98555 15.5
    endloop
  endfacet
  facet normal -0 0 1
    outer loop
      vertex -0.751098 3.77602 15.5
      vertex -0.585271 2.94236 15.5
      vertex -0.377365 3.83146 15.5
    endloop
  endfacet
  facet normal 0 0 1
    outer loop
      vertex -0.751098 3.77602 15.5
      vertex -0.870853 2.87082 15.5
      vertex -0.585271 2.94236 15.5
    endloop
  endfacet
  facet normal -0 0 1
    outer loop
      vertex -1.1176 3.68422 15.5
      vertex -0.870853 2.87082 15.5
      vertex -0.751098 3.77602 15.5
    endloop
  endfacet
  facet normal 0 0 1
    outer loop
      vertex -1.1176 3.68422 15.5
      vertex -1.14805 2.77164 15.5
      vertex -0.870853 2.87082 15.5
    endloop
  endfacet
  facet normal -0 0 1
    outer loop
      vertex -1.47333 3.55694 15.5
      vertex -1.14805 2.77164 15.5
      vertex -1.1176 3.68422 15.5
    endloop
  endfacet
  facet normal 0 0 1
    outer loop
      vertex -1.14805 2.77164 15.5
      vertex -1.47333 3.55694 15.5
      vertex -1.41419 2.64576 15.5
    endloop
  endfacet
  facet normal -0 0 1
    outer loop
      vertex -1.81488 3.3954 15.5
      vertex -1.41419 2.64576 15.5
      vertex -1.47333 3.55694 15.5
    endloop
  endfacet
  facet normal 0 0 1
    outer loop
      vertex -1.41419 2.64576 15.5
      vertex -1.81488 3.3954 15.5
      vertex -1.66671 2.49441 15.5
    endloop
  endfacet
  facet normal -0 0 1
    outer loop
      vertex -2.13894 3.20116 15.5
      vertex -1.66671 2.49441 15.5
      vertex -1.81488 3.3954 15.5
    endloop
  endfacet
  facet normal 0 0 1
    outer loop
      vertex -1.66671 2.49441 15.5
      vertex -2.13894 3.20116 15.5
      vertex -1.90318 2.31903 15.5
    endloop
  endfacet
  facet normal -0 0 1
    outer loop
      vertex -2.44241 2.97609 15.5
      vertex -1.90318 2.31903 15.5
      vertex -2.13894 3.20116 15.5
    endloop
  endfacet
  facet normal 0 0 1
    outer loop
      vertex -1.90318 2.31903 15.5
      vertex -2.44241 2.97609 15.5
      vertex -2.12132 2.12132 15.5
    endloop
  endfacet
  facet normal -0 0 1
    outer loop
      vertex -2.72236 2.72236 15.5
      vertex -2.12132 2.12132 15.5
      vertex -2.44241 2.97609 15.5
    endloop
  endfacet
  facet normal 0 0 1
    outer loop
      vertex -2.12132 2.12132 15.5
      vertex -2.72236 2.72236 15.5
      vertex -2.31903 1.90318 15.5
    endloop
  endfacet
  facet normal -0 0 1
    outer loop
      vertex -2.97609 2.44241 15.5
      vertex -2.31903 1.90318 15.5
      vertex -2.72236 2.72236 15.5
    endloop
  endfacet
  facet normal 0 0 1
    outer loop
      vertex -2.31903 1.90318 15.5
      vertex -2.97609 2.44241 15.5
      vertex -2.49441 1.66671 15.5
    endloop
  endfacet
  facet normal -0 0 1
    outer loop
      vertex -3.20116 2.13894 15.5
      vertex -2.49441 1.66671 15.5
      vertex -2.97609 2.44241 15.5
    endloop
  endfacet
  facet normal 0 0 1
    outer loop
      vertex -2.49441 1.66671 15.5
      vertex -3.20116 2.13894 15.5
      vertex -2.64576 1.41419 15.5
    endloop
  endfacet
  facet normal -0 0 1
    outer loop
      vertex -3.3954 1.81488 15.5
      vertex -2.64576 1.41419 15.5
      vertex -3.20116 2.13894 15.5
    endloop
  endfacet
  facet normal 0 0 1
    outer loop
      vertex -2.64576 1.41419 15.5
      vertex -3.3954 1.81488 15.5
      vertex -2.77164 1.14805 15.5
    endloop
  endfacet
  facet normal -0 0 1
    outer loop
      vertex -3.55694 1.47333 15.5
      vertex -2.77164 1.14805 15.5
      vertex -3.3954 1.81488 15.5
    endloop
  endfacet
  facet normal 0 0 1
    outer loop
      vertex -2.77164 1.14805 15.5
      vertex -3.55694 1.47333 15.5
      vertex -2.87082 0.870853 15.5
    endloop
  endfacet
  facet normal -0 0 1
    outer loop
      vertex -3.68422 1.1176 15.5
      vertex -2.87082 0.870853 15.5
      vertex -3.55694 1.47333 15.5
    endloop
  endfacet
  facet normal 0 0 1
    outer loop
      vertex 3.68422 -1.1176 15.5
      vertex 2.87082 -0.870853 15.5
      vertex 3.55694 -1.47333 15.5
    endloop
  endfacet
  facet normal -0 0 1
    outer loop
      vertex 2.77164 -1.14805 15.5
      vertex 3.55694 -1.47333 15.5
      vertex 2.87082 -0.870853 15.5
    endloop
  endfacet
  facet normal 0 0 1
    outer loop
      vertex 3.55694 -1.47333 15.5
      vertex 2.77164 -1.14805 15.5
      vertex 3.3954 -1.81488 15.5
    endloop
  endfacet
  facet normal -0 0 1
    outer loop
      vertex 2.64576 -1.41419 15.5
      vertex 3.3954 -1.81488 15.5
      vertex 2.77164 -1.14805 15.5
    endloop
  endfacet
  facet normal 0 0 1
    outer loop
      vertex 3.3954 -1.81488 15.5
      vertex 2.64576 -1.41419 15.5
      vertex 3.20116 -2.13894 15.5
    endloop
  endfacet
  facet normal -0 0 1
    outer loop
      vertex 2.49441 -1.66671 15.5
      vertex 3.20116 -2.13894 15.5
      vertex 2.64576 -1.41419 15.5
    endloop
  endfacet
  facet normal 0 0 1
    outer loop
      vertex 3.20116 -2.13894 15.5
      vertex 2.49441 -1.66671 15.5
      vertex 2.97609 -2.44241 15.5
    endloop
  endfacet
  facet normal -0 0 1
    outer loop
      vertex 2.31903 -1.90318 15.5
      vertex 2.97609 -2.44241 15.5
      vertex 2.49441 -1.66671 15.5
    endloop
  endfacet
  facet normal 0 0 1
    outer loop
      vertex 2.97609 -2.44241 15.5
      vertex 2.31903 -1.90318 15.5
      vertex 2.72236 -2.72236 15.5
    endloop
  endfacet
  facet normal -0 0 1
    outer loop
      vertex 2.12132 -2.12132 15.5
      vertex 2.72236 -2.72236 15.5
      vertex 2.31903 -1.90318 15.5
    endloop
  endfacet
  facet normal 0 0 1
    outer loop
      vertex 2.72236 -2.72236 15.5
      vertex 2.12132 -2.12132 15.5
      vertex 2.44241 -2.97609 15.5
    endloop
  endfacet
  facet normal -0 0 1
    outer loop
      vertex 1.90318 -2.31903 15.5
      vertex 2.44241 -2.97609 15.5
      vertex 2.12132 -2.12132 15.5
    endloop
  endfacet
  facet normal 0 0 1
    outer loop
      vertex 2.44241 -2.97609 15.5
      vertex 1.90318 -2.31903 15.5
      vertex 2.13894 -3.20116 15.5
    endloop
  endfacet
  facet normal -0 0 1
    outer loop
      vertex 1.66671 -2.49441 15.5
      vertex 2.13894 -3.20116 15.5
      vertex 1.90318 -2.31903 15.5
    endloop
  endfacet
  facet normal 0 0 1
    outer loop
      vertex 2.13894 -3.20116 15.5
      vertex 1.66671 -2.49441 15.5
      vertex 1.81488 -3.3954 15.5
    endloop
  endfacet
  facet normal -0 0 1
    outer loop
      vertex 1.41419 -2.64576 15.5
      vertex 1.81488 -3.3954 15.5
      vertex 1.66671 -2.49441 15.5
    endloop
  endfacet
  facet normal 0 0 1
    outer loop
      vertex 1.81488 -3.3954 15.5
      vertex 1.41419 -2.64576 15.5
      vertex 1.47333 -3.55694 15.5
    endloop
  endfacet
  facet normal -0 0 1
    outer loop
      vertex 1.14805 -2.77164 15.5
      vertex 1.47333 -3.55694 15.5
      vertex 1.41419 -2.64576 15.5
    endloop
  endfacet
  facet normal 0 0 1
    outer loop
      vertex 1.14805 -2.77164 15.5
      vertex 1.1176 -3.68422 15.5
      vertex 1.47333 -3.55694 15.5
    endloop
  endfacet
  facet normal -0 0 1
    outer loop
      vertex 0.870853 -2.87082 15.5
      vertex 1.1176 -3.68422 15.5
      vertex 1.14805 -2.77164 15.5
    endloop
  endfacet
  facet normal 0 0 1
    outer loop
      vertex 0.870853 -2.87082 15.5
      vertex 0.751098 -3.77602 15.5
      vertex 1.1176 -3.68422 15.5
    endloop
  endfacet
  facet normal -0 0 1
    outer loop
      vertex 0.585271 -2.94236 15.5
      vertex 0.751098 -3.77602 15.5
      vertex 0.870853 -2.87082 15.5
    endloop
  endfacet
  facet normal 0 0 1
    outer loop
      vertex 0.585271 -2.94236 15.5
      vertex 0.377365 -3.83146 15.5
      vertex 0.751098 -3.77602 15.5
    endloop
  endfacet
  facet normal -0 0 1
    outer loop
      vertex 0.294051 -2.98555 15.5
      vertex 0.377365 -3.83146 15.5
      vertex 0.585271 -2.94236 15.5
    endloop
  endfacet
  facet normal -0 0 1
    outer loop
      vertex 0 -3 15.5
      vertex 0.377365 -3.83146 15.5
      vertex 0.294051 -2.98555 15.5
    endloop
  endfacet
  facet normal 0 0 1
    outer loop
      vertex 0 -3 15.5
      vertex 0 -3.85 15.5
      vertex 0.377365 -3.83146 15.5
    endloop
  endfacet
  facet normal 0 0 1
    outer loop
      vertex -0.294051 -2.98555 15.5
      vertex 0 -3.85 15.5
      vertex 0 -3 15.5
    endloop
  endfacet
  facet normal 0 0 1
    outer loop
      vertex -0.294051 -2.98555 15.5
      vertex -0.377365 -3.83146 15.5
      vertex 0 -3.85 15.5
    endloop
  endfacet
  facet normal 0 0 1
    outer loop
      vertex -0.585271 -2.94236 15.5
      vertex -0.377365 -3.83146 15.5
      vertex -0.294051 -2.98555 15.5
    endloop
  endfacet
  facet normal 0 0 1
    outer loop
      vertex -0.585271 -2.94236 15.5
      vertex -0.751098 -3.77602 15.5
      vertex -0.377365 -3.83146 15.5
    endloop
  endfacet
  facet normal 0 0 1
    outer loop
      vertex -0.870853 -2.87082 15.5
      vertex -0.751098 -3.77602 15.5
      vertex -0.585271 -2.94236 15.5
    endloop
  endfacet
  facet normal 0 0 1
    outer loop
      vertex -0.870853 -2.87082 15.5
      vertex -1.1176 -3.68422 15.5
      vertex -0.751098 -3.77602 15.5
    endloop
  endfacet
  facet normal 0 0 1
    outer loop
      vertex -1.14805 -2.77164 15.5
      vertex -1.1176 -3.68422 15.5
      vertex -0.870853 -2.87082 15.5
    endloop
  endfacet
  facet normal 0 0 1
    outer loop
      vertex -1.47333 -3.55694 15.5
      vertex -1.14805 -2.77164 15.5
      vertex -1.41419 -2.64576 15.5
    endloop
  endfacet
  facet normal 0 0 1
    outer loop
      vertex -1.14805 -2.77164 15.5
      vertex -1.47333 -3.55694 15.5
      vertex -1.1176 -3.68422 15.5
    endloop
  endfacet
  facet normal 0 0 1
    outer loop
      vertex -1.81488 -3.3954 15.5
      vertex -1.41419 -2.64576 15.5
      vertex -1.66671 -2.49441 15.5
    endloop
  endfacet
  facet normal 0 0 1
    outer loop
      vertex -1.41419 -2.64576 15.5
      vertex -1.81488 -3.3954 15.5
      vertex -1.47333 -3.55694 15.5
    endloop
  endfacet
  facet normal 0 0 1
    outer loop
      vertex -2.13894 -3.20116 15.5
      vertex -1.66671 -2.49441 15.5
      vertex -1.90318 -2.31903 15.5
    endloop
  endfacet
  facet normal 0 0 1
    outer loop
      vertex -2.44241 -2.97609 15.5
      vertex -1.90318 -2.31903 15.5
      vertex -2.12132 -2.12132 15.5
    endloop
  endfacet
  facet normal 0 0 1
    outer loop
      vertex -1.66671 -2.49441 15.5
      vertex -2.13894 -3.20116 15.5
      vertex -1.81488 -3.3954 15.5
    endloop
  endfacet
  facet normal 0 0 1
    outer loop
      vertex -2.72236 -2.72236 15.5
      vertex -2.12132 -2.12132 15.5
      vertex -2.31903 -1.90318 15.5
    endloop
  endfacet
  facet normal 0 0 1
    outer loop
      vertex -1.90318 -2.31903 15.5
      vertex -2.44241 -2.97609 15.5
      vertex -2.13894 -3.20116 15.5
    endloop
  endfacet
  facet normal 0 0 1
    outer loop
      vertex -2.97609 -2.44241 15.5
      vertex -2.31903 -1.90318 15.5
      vertex -2.49441 -1.66671 15.5
    endloop
  endfacet
  facet normal 0 0 1
    outer loop
      vertex -3.20116 -2.13894 15.5
      vertex -2.49441 -1.66671 15.5
      vertex -2.64576 -1.41419 15.5
    endloop
  endfacet
  facet normal 0 0 1
    outer loop
      vertex -2.12132 -2.12132 15.5
      vertex -2.72236 -2.72236 15.5
      vertex -2.44241 -2.97609 15.5
    endloop
  endfacet
  facet normal 0 0 1
    outer loop
      vertex -3.3954 -1.81488 15.5
      vertex -2.64576 -1.41419 15.5
      vertex -2.77164 -1.14805 15.5
    endloop
  endfacet
  facet normal 0 0 1
    outer loop
      vertex -3.55694 -1.47333 15.5
      vertex -2.77164 -1.14805 15.5
      vertex -2.87082 -0.870853 15.5
    endloop
  endfacet
  facet normal 0 0 1
    outer loop
      vertex -3.68422 -1.1176 15.5
      vertex -2.87082 -0.870853 15.5
      vertex -2.94236 -0.585271 15.5
    endloop
  endfacet
  facet normal 0 0 1
    outer loop
      vertex -2.31903 -1.90318 15.5
      vertex -2.97609 -2.44241 15.5
      vertex -2.72236 -2.72236 15.5
    endloop
  endfacet
  facet normal 0 0 1
    outer loop
      vertex -3.77602 -0.751098 15.5
      vertex -2.94236 -0.585271 15.5
      vertex -2.98555 -0.294051 15.5
    endloop
  endfacet
  facet normal 0 0 1
    outer loop
      vertex -3.83146 -0.377365 15.5
      vertex -2.98555 -0.294051 15.5
      vertex -3 0 15.5
    endloop
  endfacet
  facet normal 0 0 1
    outer loop
      vertex -2.87082 0.870853 15.5
      vertex -3.68422 1.1176 15.5
      vertex -2.94236 0.585271 15.5
    endloop
  endfacet
  facet normal 0 0 1
    outer loop
      vertex -2.49441 -1.66671 15.5
      vertex -3.20116 -2.13894 15.5
      vertex -2.97609 -2.44241 15.5
    endloop
  endfacet
  facet normal -0 0 1
    outer loop
      vertex -3.77602 0.751098 15.5
      vertex -2.94236 0.585271 15.5
      vertex -3.68422 1.1176 15.5
    endloop
  endfacet
  facet normal 0 0 1
    outer loop
      vertex -2.64576 -1.41419 15.5
      vertex -3.3954 -1.81488 15.5
      vertex -3.20116 -2.13894 15.5
    endloop
  endfacet
  facet normal 0 0 1
    outer loop
      vertex -2.94236 0.585271 15.5
      vertex -3.77602 0.751098 15.5
      vertex -2.98555 0.294051 15.5
    endloop
  endfacet
  facet normal 0 0 1
    outer loop
      vertex -2.77164 -1.14805 15.5
      vertex -3.55694 -1.47333 15.5
      vertex -3.3954 -1.81488 15.5
    endloop
  endfacet
  facet normal -0 0 1
    outer loop
      vertex -3.83146 0.377365 15.5
      vertex -2.98555 0.294051 15.5
      vertex -3.77602 0.751098 15.5
    endloop
  endfacet
  facet normal 0 0 1
    outer loop
      vertex -2.87082 -0.870853 15.5
      vertex -3.68422 -1.1176 15.5
      vertex -3.55694 -1.47333 15.5
    endloop
  endfacet
  facet normal 0 0 1
    outer loop
      vertex -2.98555 0.294051 15.5
      vertex -3.83146 0.377365 15.5
      vertex -3 0 15.5
    endloop
  endfacet
  facet normal 0 0 1
    outer loop
      vertex -2.94236 -0.585271 15.5
      vertex -3.77602 -0.751098 15.5
      vertex -3.68422 -1.1176 15.5
    endloop
  endfacet
  facet normal 0 0 1
    outer loop
      vertex -3.85 0 15.5
      vertex -3 0 15.5
      vertex -3.83146 0.377365 15.5
    endloop
  endfacet
  facet normal 0 0 1
    outer loop
      vertex -2.98555 -0.294051 15.5
      vertex -3.83146 -0.377365 15.5
      vertex -3.77602 -0.751098 15.5
    endloop
  endfacet
  facet normal 0 0 1
    outer loop
      vertex -3 0 15.5
      vertex -3.85 0 15.5
      vertex -3.83146 -0.377365 15.5
    endloop
  endfacet
  facet normal -0.803204 0.595704 -3.39269e-18
    outer loop
      vertex 3.94235 -3.2354 15.5
      vertex 4.24049 -2.83341 16.99
      vertex 4.24049 -2.83341 15.5
    endloop
  endfacet
  facet normal -0.803204 0.595704 -3.39269e-18
    outer loop
      vertex 4.24049 -2.83341 16.99
      vertex 3.94235 -3.2354 15.5
      vertex 3.94235 -3.2354 16.99
    endloop
  endfacet
  facet normal -0.857726 0.514108 -2.53251e-18
    outer loop
      vertex 4.24049 -2.83341 15.5
      vertex 4.4978 -2.40412 16.99
      vertex 4.4978 -2.40412 15.5
    endloop
  endfacet
  facet normal -0.857726 0.514108 -2.53251e-18
    outer loop
      vertex 4.4978 -2.40412 16.99
      vertex 4.24049 -2.83341 15.5
      vertex 4.24049 -2.83341 16.99
    endloop
  endfacet
  facet normal 0.146736 0.989176 -0
    outer loop
      vertex -0.499887 -5.07544 15.5
      vertex -0.99496 -5.002 16.99
      vertex -0.499887 -5.07544 16.99
    endloop
  endfacet
  facet normal 0.146736 0.989176 0
    outer loop
      vertex -0.99496 -5.002 16.99
      vertex -0.499887 -5.07544 15.5
      vertex -0.99496 -5.002 15.5
    endloop
  endfacet
  facet normal 0.336874 0.94155 -0
    outer loop
      vertex -1.48045 -4.88039 15.5
      vertex -1.95168 -4.71179 16.99
      vertex -1.48045 -4.88039 16.99
    endloop
  endfacet
  facet normal 0.336874 0.94155 0
    outer loop
      vertex -1.95168 -4.71179 16.99
      vertex -1.48045 -4.88039 15.5
      vertex -1.95168 -4.71179 15.5
    endloop
  endfacet
  facet normal 0.857726 0.514108 2.53251e-18
    outer loop
      vertex -4.24049 -2.83341 16.99
      vertex -4.4978 -2.40412 15.5
      vertex -4.4978 -2.40412 16.99
    endloop
  endfacet
  facet normal 0.857726 0.514108 2.53251e-18
    outer loop
      vertex -4.4978 -2.40412 15.5
      vertex -4.24049 -2.83341 16.99
      vertex -4.24049 -2.83341 15.5
    endloop
  endfacet
  facet normal -0.671559 -0.740951 0
    outer loop
      vertex 3.2354 3.94235 15.5
      vertex 3.60624 3.60624 16.99
      vertex 3.2354 3.94235 16.99
    endloop
  endfacet
  facet normal -0.671559 -0.740951 -0
    outer loop
      vertex 3.60624 3.60624 16.99
      vertex 3.2354 3.94235 15.5
      vertex 3.60624 3.60624 15.5
    endloop
  endfacet
  facet normal 0.336874 -0.94155 0
    outer loop
      vertex -1.95168 4.71179 15.5
      vertex -1.48045 4.88039 16.99
      vertex -1.95168 4.71179 16.99
    endloop
  endfacet
  facet normal 0.336874 -0.94155 0
    outer loop
      vertex -1.48045 4.88039 16.99
      vertex -1.95168 4.71179 15.5
      vertex -1.48045 4.88039 15.5
    endloop
  endfacet
  facet normal 0.740951 0.671559 3.66853e-19
    outer loop
      vertex -3.60624 -3.60624 16.99
      vertex -3.94235 -3.2354 15.5
      vertex -3.94235 -3.2354 16.99
    endloop
  endfacet
  facet normal 0.740951 0.671559 3.66853e-19
    outer loop
      vertex -3.94235 -3.2354 15.5
      vertex -3.60624 -3.60624 16.99
      vertex -3.60624 -3.60624 15.5
    endloop
  endfacet
  facet normal 0.671559 -0.740951 0
    outer loop
      vertex -3.60624 3.60624 15.5
      vertex -3.2354 3.94235 16.99
      vertex -3.60624 3.60624 16.99
    endloop
  endfacet
  facet normal 0.671559 -0.740951 0
    outer loop
      vertex -3.2354 3.94235 16.99
      vertex -3.60624 3.60624 15.5
      vertex -3.2354 3.94235 15.5
    endloop
  endfacet
  facet normal 0.903988 -0.427558 3.06707e-18
    outer loop
      vertex -4.71179 1.95168 16.99
      vertex -4.4978 2.40412 15.5
      vertex -4.4978 2.40412 16.99
    endloop
  endfacet
  facet normal 0.903988 -0.427558 3.06707e-18
    outer loop
      vertex -4.4978 2.40412 15.5
      vertex -4.71179 1.95168 16.99
      vertex -4.71179 1.95168 15.5
    endloop
  endfacet
  facet normal 0.514108 0.857726 -0
    outer loop
      vertex -2.40412 -4.4978 15.5
      vertex -2.83341 -4.24049 16.99
      vertex -2.40412 -4.4978 16.99
    endloop
  endfacet
  facet normal 0.514108 0.857726 0
    outer loop
      vertex -2.83341 -4.24049 16.99
      vertex -2.40412 -4.4978 15.5
      vertex -2.83341 -4.24049 15.5
    endloop
  endfacet
  facet normal -0.0490719 -0.998795 0
    outer loop
      vertex 0 5.1 15.5
      vertex 0.499887 5.07544 16.99
      vertex 0 5.1 16.99
    endloop
  endfacet
  facet normal -0.0490719 -0.998795 -0
    outer loop
      vertex 0.499887 5.07544 16.99
      vertex 0 5.1 15.5
      vertex 0.499887 5.07544 15.5
    endloop
  endfacet
  facet normal 0.803204 0.595704 3.39269e-18
    outer loop
      vertex -3.94235 -3.2354 16.99
      vertex -4.24049 -2.83341 15.5
      vertex -4.24049 -2.83341 16.99
    endloop
  endfacet
  facet normal 0.803204 0.595704 3.39269e-18
    outer loop
      vertex -4.24049 -2.83341 15.5
      vertex -3.94235 -3.2354 16.99
      vertex -3.94235 -3.2354 15.5
    endloop
  endfacet
  facet normal 0.989176 0.146736 2.08616e-18
    outer loop
      vertex -5.002 -0.99496 16.99
      vertex -5.07544 -0.499887 15.5
      vertex -5.07544 -0.499887 16.99
    endloop
  endfacet
  facet normal 0.989176 0.146736 2.08616e-18
    outer loop
      vertex -5.07544 -0.499887 15.5
      vertex -5.002 -0.99496 16.99
      vertex -5.002 -0.99496 15.5
    endloop
  endfacet
  facet normal 0.903988 0.427558 -3.06707e-18
    outer loop
      vertex -4.4978 -2.40412 16.99
      vertex -4.71179 -1.95168 15.5
      vertex -4.71179 -1.95168 16.99
    endloop
  endfacet
  facet normal 0.903988 0.427558 -3.06707e-18
    outer loop
      vertex -4.71179 -1.95168 15.5
      vertex -4.4978 -2.40412 16.99
      vertex -4.4978 -2.40412 15.5
    endloop
  endfacet
  facet normal -0.595704 0.803204 0
    outer loop
      vertex 3.2354 -3.94235 15.5
      vertex 2.83341 -4.24049 16.99
      vertex 3.2354 -3.94235 16.99
    endloop
  endfacet
  facet normal -0.595704 0.803204 0
    outer loop
      vertex 2.83341 -4.24049 16.99
      vertex 3.2354 -3.94235 15.5
      vertex 2.83341 -4.24049 15.5
    endloop
  endfacet
  facet normal 0.242982 0.970031 -0
    outer loop
      vertex -0.99496 -5.002 15.5
      vertex -1.48045 -4.88039 16.99
      vertex -0.99496 -5.002 16.99
    endloop
  endfacet
  facet normal 0.242982 0.970031 0
    outer loop
      vertex -1.48045 -4.88039 16.99
      vertex -0.99496 -5.002 15.5
      vertex -1.48045 -4.88039 15.5
    endloop
  endfacet
  facet normal -0.740951 -0.671559 3.66853e-19
    outer loop
      vertex 3.94235 3.2354 15.5
      vertex 3.60624 3.60624 16.99
      vertex 3.60624 3.60624 15.5
    endloop
  endfacet
  facet normal -0.740951 -0.671559 3.66853e-19
    outer loop
      vertex 3.60624 3.60624 16.99
      vertex 3.94235 3.2354 15.5
      vertex 3.94235 3.2354 16.99
    endloop
  endfacet
  facet normal 0.671559 0.740951 -0
    outer loop
      vertex -3.2354 -3.94235 15.5
      vertex -3.60624 -3.60624 16.99
      vertex -3.2354 -3.94235 16.99
    endloop
  endfacet
  facet normal 0.671559 0.740951 0
    outer loop
      vertex -3.60624 -3.60624 16.99
      vertex -3.2354 -3.94235 15.5
      vertex -3.60624 -3.60624 15.5
    endloop
  endfacet
  facet normal 0.803204 -0.595704 -3.39269e-18
    outer loop
      vertex -4.24049 2.83341 16.99
      vertex -3.94235 3.2354 15.5
      vertex -3.94235 3.2354 16.99
    endloop
  endfacet
  facet normal 0.803204 -0.595704 -3.39269e-18
    outer loop
      vertex -3.94235 3.2354 15.5
      vertex -4.24049 2.83341 16.99
      vertex -4.24049 2.83341 15.5
    endloop
  endfacet
  facet normal 0.857726 -0.514108 -2.53251e-18
    outer loop
      vertex -4.4978 2.40412 16.99
      vertex -4.24049 2.83341 15.5
      vertex -4.24049 2.83341 16.99
    endloop
  endfacet
  facet normal 0.857726 -0.514108 -2.53251e-18
    outer loop
      vertex -4.24049 2.83341 15.5
      vertex -4.4978 2.40412 16.99
      vertex -4.4978 2.40412 15.5
    endloop
  endfacet
  facet normal 0.0490719 0.998795 -0
    outer loop
      vertex 0 -5.1 15.5
      vertex -0.499887 -5.07544 16.99
      vertex 0 -5.1 16.99
    endloop
  endfacet
  facet normal 0.0490719 0.998795 0
    outer loop
      vertex -0.499887 -5.07544 16.99
      vertex 0 -5.1 15.5
      vertex -0.499887 -5.07544 15.5
    endloop
  endfacet
  facet normal 0.998795 -0.0490719 -5.38299e-19
    outer loop
      vertex -5.1 0 16.99
      vertex -5.07544 0.499887 15.5
      vertex -5.07544 0.499887 16.99
    endloop
  endfacet
  facet normal 0.998795 -0.0490719 -5.38299e-19
    outer loop
      vertex -5.07544 0.499887 15.5
      vertex -5.1 0 16.99
      vertex -5.1 0 15.5
    endloop
  endfacet
  facet normal -0.740951 0.671559 -3.66853e-19
    outer loop
      vertex 3.60624 -3.60624 15.5
      vertex 3.94235 -3.2354 16.99
      vertex 3.94235 -3.2354 15.5
    endloop
  endfacet
  facet normal -0.740951 0.671559 -3.66853e-19
    outer loop
      vertex 3.94235 -3.2354 16.99
      vertex 3.60624 -3.60624 15.5
      vertex 3.60624 -3.60624 16.99
    endloop
  endfacet
  facet normal -0.671559 0.740951 0
    outer loop
      vertex 3.60624 -3.60624 15.5
      vertex 3.2354 -3.94235 16.99
      vertex 3.60624 -3.60624 16.99
    endloop
  endfacet
  facet normal -0.671559 0.740951 0
    outer loop
      vertex 3.2354 -3.94235 16.99
      vertex 3.60624 -3.60624 15.5
      vertex 3.2354 -3.94235 15.5
    endloop
  endfacet
  facet normal 0 0 1
    outer loop
      vertex 3.85 0 13.5
      vertex 5.65 0 13.5
      vertex 5.62279 0.553797 13.5
    endloop
  endfacet
  facet normal 0 0 1
    outer loop
      vertex 3.83146 0.377365 13.5
      vertex 5.62279 0.553797 13.5
      vertex 5.54144 1.10226 13.5
    endloop
  endfacet
  facet normal 0 0 1
    outer loop
      vertex 5.65 0 13.5
      vertex 3.85 0 13.5
      vertex 5.62279 -0.553797 13.5
    endloop
  endfacet
  facet normal 0 0 1
    outer loop
      vertex 3.77602 0.751098 13.5
      vertex 5.54144 1.10226 13.5
      vertex 5.40671 1.64011 13.5
    endloop
  endfacet
  facet normal -0 0 1
    outer loop
      vertex 3.83146 -0.377365 13.5
      vertex 5.62279 -0.553797 13.5
      vertex 3.85 0 13.5
    endloop
  endfacet
  facet normal 0 0 1
    outer loop
      vertex 3.68422 1.1176 13.5
      vertex 5.40671 1.64011 13.5
      vertex 5.21992 2.16216 13.5
    endloop
  endfacet
  facet normal 0 0 1
    outer loop
      vertex 5.62279 -0.553797 13.5
      vertex 3.83146 -0.377365 13.5
      vertex 5.54144 -1.10226 13.5
    endloop
  endfacet
  facet normal 0 0 1
    outer loop
      vertex 3.55694 1.47333 13.5
      vertex 5.21992 2.16216 13.5
      vertex 4.98285 2.66339 13.5
    endloop
  endfacet
  facet normal -0 0 1
    outer loop
      vertex 3.77602 -0.751098 13.5
      vertex 5.54144 -1.10226 13.5
      vertex 3.83146 -0.377365 13.5
    endloop
  endfacet
  facet normal 0 0 1
    outer loop
      vertex 3.3954 1.81488 13.5
      vertex 4.98285 2.66339 13.5
      vertex 4.6978 3.13897 13.5
    endloop
  endfacet
  facet normal 0 0 1
    outer loop
      vertex 5.54144 -1.10226 13.5
      vertex 3.77602 -0.751098 13.5
      vertex 5.40671 -1.64011 13.5
    endloop
  endfacet
  facet normal 0 0 1
    outer loop
      vertex 3.20116 2.13894 13.5
      vertex 4.6978 3.13897 13.5
      vertex 4.36751 3.58432 13.5
    endloop
  endfacet
  facet normal -0 0 1
    outer loop
      vertex 3.68422 -1.1176 13.5
      vertex 5.40671 -1.64011 13.5
      vertex 3.77602 -0.751098 13.5
    endloop
  endfacet
  facet normal 0 0 1
    outer loop
      vertex 2.97609 2.44241 13.5
      vertex 4.36751 3.58432 13.5
      vertex 3.99515 3.99515 13.5
    endloop
  endfacet
  facet normal 0 0 1
    outer loop
      vertex 5.40671 -1.64011 13.5
      vertex 3.68422 -1.1176 13.5
      vertex 5.21992 -2.16216 13.5
    endloop
  endfacet
  facet normal -0 0 1
    outer loop
      vertex 3.55694 -1.47333 13.5
      vertex 5.21992 -2.16216 13.5
      vertex 3.68422 -1.1176 13.5
    endloop
  endfacet
  facet normal 0 0 1
    outer loop
      vertex 5.62279 0.553797 13.5
      vertex 3.83146 0.377365 13.5
      vertex 3.85 0 13.5
    endloop
  endfacet
  facet normal 0 0 1
    outer loop
      vertex 5.54144 1.10226 13.5
      vertex 3.77602 0.751098 13.5
      vertex 3.83146 0.377365 13.5
    endloop
  endfacet
  facet normal 0 0 1
    outer loop
      vertex 5.40671 1.64011 13.5
      vertex 3.68422 1.1176 13.5
      vertex 3.77602 0.751098 13.5
    endloop
  endfacet
  facet normal 0 0 1
    outer loop
      vertex 2.72236 2.72236 13.5
      vertex 3.99515 3.99515 13.5
      vertex 3.58432 4.36751 13.5
    endloop
  endfacet
  facet normal 0 0 1
    outer loop
      vertex 5.21992 2.16216 13.5
      vertex 3.55694 1.47333 13.5
      vertex 3.68422 1.1176 13.5
    endloop
  endfacet
  facet normal 0 0 1
    outer loop
      vertex 4.98285 2.66339 13.5
      vertex 3.3954 1.81488 13.5
      vertex 3.55694 1.47333 13.5
    endloop
  endfacet
  facet normal 0 0 1
    outer loop
      vertex 4.6978 3.13897 13.5
      vertex 3.20116 2.13894 13.5
      vertex 3.3954 1.81488 13.5
    endloop
  endfacet
  facet normal 0 0 1
    outer loop
      vertex 2.44241 2.97609 13.5
      vertex 3.58432 4.36751 13.5
      vertex 3.13897 4.6978 13.5
    endloop
  endfacet
  facet normal 0 0 1
    outer loop
      vertex 4.36751 3.58432 13.5
      vertex 2.97609 2.44241 13.5
      vertex 3.20116 2.13894 13.5
    endloop
  endfacet
  facet normal 0 0 1
    outer loop
      vertex 3.99515 3.99515 13.5
      vertex 2.72236 2.72236 13.5
      vertex 2.97609 2.44241 13.5
    endloop
  endfacet
  facet normal 0 0 1
    outer loop
      vertex 2.13894 3.20116 13.5
      vertex 3.13897 4.6978 13.5
      vertex 2.66339 4.98285 13.5
    endloop
  endfacet
  facet normal 0 0 1
    outer loop
      vertex 3.58432 4.36751 13.5
      vertex 2.44241 2.97609 13.5
      vertex 2.72236 2.72236 13.5
    endloop
  endfacet
  facet normal 0 0 1
    outer loop
      vertex 1.81488 3.3954 13.5
      vertex 2.66339 4.98285 13.5
      vertex 2.16216 5.21992 13.5
    endloop
  endfacet
  facet normal 0 0 1
    outer loop
      vertex 3.13897 4.6978 13.5
      vertex 2.13894 3.20116 13.5
      vertex 2.44241 2.97609 13.5
    endloop
  endfacet
  facet normal 0 0 1
    outer loop
      vertex 2.66339 4.98285 13.5
      vertex 1.81488 3.3954 13.5
      vertex 2.13894 3.20116 13.5
    endloop
  endfacet
  facet normal 0 0 1
    outer loop
      vertex 1.47333 3.55694 13.5
      vertex 2.16216 5.21992 13.5
      vertex 1.64011 5.40671 13.5
    endloop
  endfacet
  facet normal 0 0 1
    outer loop
      vertex 2.16216 5.21992 13.5
      vertex 1.47333 3.55694 13.5
      vertex 1.81488 3.3954 13.5
    endloop
  endfacet
  facet normal 0 0 1
    outer loop
      vertex 1.64011 5.40671 13.5
      vertex 1.1176 3.68422 13.5
      vertex 1.47333 3.55694 13.5
    endloop
  endfacet
  facet normal 0 0 1
    outer loop
      vertex 1.10226 5.54144 13.5
      vertex 1.1176 3.68422 13.5
      vertex 1.64011 5.40671 13.5
    endloop
  endfacet
  facet normal 0 0 1
    outer loop
      vertex 1.10226 5.54144 13.5
      vertex 0.751098 3.77602 13.5
      vertex 1.1176 3.68422 13.5
    endloop
  endfacet
  facet normal 0 0 1
    outer loop
      vertex 0.553797 5.62279 13.5
      vertex 0.751098 3.77602 13.5
      vertex 1.10226 5.54144 13.5
    endloop
  endfacet
  facet normal 0 0 1
    outer loop
      vertex 0.553797 5.62279 13.5
      vertex 0.377365 3.83146 13.5
      vertex 0.751098 3.77602 13.5
    endloop
  endfacet
  facet normal 0 0 1
    outer loop
      vertex 0 5.65 13.5
      vertex 0.377365 3.83146 13.5
      vertex 0.553797 5.62279 13.5
    endloop
  endfacet
  facet normal 0 0 1
    outer loop
      vertex 0 5.65 13.5
      vertex 0 3.85 13.5
      vertex 0.377365 3.83146 13.5
    endloop
  endfacet
  facet normal 0 0 1
    outer loop
      vertex 0 5.65 13.5
      vertex -0.377365 3.83146 13.5
      vertex 0 3.85 13.5
    endloop
  endfacet
  facet normal -0 0 1
    outer loop
      vertex -0.553797 5.62279 13.5
      vertex -0.377365 3.83146 13.5
      vertex 0 5.65 13.5
    endloop
  endfacet
  facet normal 0 0 1
    outer loop
      vertex -0.553797 5.62279 13.5
      vertex -0.751098 3.77602 13.5
      vertex -0.377365 3.83146 13.5
    endloop
  endfacet
  facet normal -0 0 1
    outer loop
      vertex -1.10226 5.54144 13.5
      vertex -0.751098 3.77602 13.5
      vertex -0.553797 5.62279 13.5
    endloop
  endfacet
  facet normal 0 0 1
    outer loop
      vertex -1.10226 5.54144 13.5
      vertex -1.1176 3.68422 13.5
      vertex -0.751098 3.77602 13.5
    endloop
  endfacet
  facet normal -0 0 1
    outer loop
      vertex -1.64011 5.40671 13.5
      vertex -1.1176 3.68422 13.5
      vertex -1.10226 5.54144 13.5
    endloop
  endfacet
  facet normal 0 0 1
    outer loop
      vertex -1.1176 3.68422 13.5
      vertex -1.64011 5.40671 13.5
      vertex -1.47333 3.55694 13.5
    endloop
  endfacet
  facet normal -0 0 1
    outer loop
      vertex -2.16216 5.21992 13.5
      vertex -1.47333 3.55694 13.5
      vertex -1.64011 5.40671 13.5
    endloop
  endfacet
  facet normal 0 0 1
    outer loop
      vertex -1.47333 3.55694 13.5
      vertex -2.16216 5.21992 13.5
      vertex -1.81488 3.3954 13.5
    endloop
  endfacet
  facet normal -0 0 1
    outer loop
      vertex -2.66339 4.98285 13.5
      vertex -1.81488 3.3954 13.5
      vertex -2.16216 5.21992 13.5
    endloop
  endfacet
  facet normal 0 0 1
    outer loop
      vertex -1.81488 3.3954 13.5
      vertex -2.66339 4.98285 13.5
      vertex -2.13894 3.20116 13.5
    endloop
  endfacet
  facet normal -0 0 1
    outer loop
      vertex -3.13897 4.6978 13.5
      vertex -2.13894 3.20116 13.5
      vertex -2.66339 4.98285 13.5
    endloop
  endfacet
  facet normal 0 0 1
    outer loop
      vertex -2.13894 3.20116 13.5
      vertex -3.13897 4.6978 13.5
      vertex -2.44241 2.97609 13.5
    endloop
  endfacet
  facet normal -0 0 1
    outer loop
      vertex -3.58432 4.36751 13.5
      vertex -2.44241 2.97609 13.5
      vertex -3.13897 4.6978 13.5
    endloop
  endfacet
  facet normal 0 0 1
    outer loop
      vertex -2.44241 2.97609 13.5
      vertex -3.58432 4.36751 13.5
      vertex -2.72236 2.72236 13.5
    endloop
  endfacet
  facet normal -0 0 1
    outer loop
      vertex -3.99515 3.99515 13.5
      vertex -2.72236 2.72236 13.5
      vertex -3.58432 4.36751 13.5
    endloop
  endfacet
  facet normal 0 0 1
    outer loop
      vertex -2.72236 2.72236 13.5
      vertex -3.99515 3.99515 13.5
      vertex -2.97609 2.44241 13.5
    endloop
  endfacet
  facet normal -0 0 1
    outer loop
      vertex -4.36751 3.58432 13.5
      vertex -2.97609 2.44241 13.5
      vertex -3.99515 3.99515 13.5
    endloop
  endfacet
  facet normal 0 0 1
    outer loop
      vertex -2.97609 2.44241 13.5
      vertex -4.36751 3.58432 13.5
      vertex -3.20116 2.13894 13.5
    endloop
  endfacet
  facet normal -0 0 1
    outer loop
      vertex -4.6978 3.13897 13.5
      vertex -3.20116 2.13894 13.5
      vertex -4.36751 3.58432 13.5
    endloop
  endfacet
  facet normal 0 0 1
    outer loop
      vertex -3.20116 2.13894 13.5
      vertex -4.6978 3.13897 13.5
      vertex -3.3954 1.81488 13.5
    endloop
  endfacet
  facet normal -0 0 1
    outer loop
      vertex -4.98285 2.66339 13.5
      vertex -3.3954 1.81488 13.5
      vertex -4.6978 3.13897 13.5
    endloop
  endfacet
  facet normal -0 0 1
    outer loop
      vertex -5.21992 2.16216 13.5
      vertex -3.55694 1.47333 13.5
      vertex -4.98285 2.66339 13.5
    endloop
  endfacet
  facet normal 0 0 1
    outer loop
      vertex -3.3954 1.81488 13.5
      vertex -4.98285 2.66339 13.5
      vertex -3.55694 1.47333 13.5
    endloop
  endfacet
  facet normal 0 0 1
    outer loop
      vertex 5.21992 -2.16216 13.5
      vertex 3.55694 -1.47333 13.5
      vertex 4.98285 -2.66339 13.5
    endloop
  endfacet
  facet normal -0 0 1
    outer loop
      vertex 3.3954 -1.81488 13.5
      vertex 4.98285 -2.66339 13.5
      vertex 3.55694 -1.47333 13.5
    endloop
  endfacet
  facet normal 0 0 1
    outer loop
      vertex 4.98285 -2.66339 13.5
      vertex 3.3954 -1.81488 13.5
      vertex 4.6978 -3.13897 13.5
    endloop
  endfacet
  facet normal -0 0 1
    outer loop
      vertex 3.20116 -2.13894 13.5
      vertex 4.6978 -3.13897 13.5
      vertex 3.3954 -1.81488 13.5
    endloop
  endfacet
  facet normal 0 0 1
    outer loop
      vertex 4.6978 -3.13897 13.5
      vertex 3.20116 -2.13894 13.5
      vertex 4.36751 -3.58432 13.5
    endloop
  endfacet
  facet normal -0 0 1
    outer loop
      vertex 2.97609 -2.44241 13.5
      vertex 4.36751 -3.58432 13.5
      vertex 3.20116 -2.13894 13.5
    endloop
  endfacet
  facet normal 0 0 1
    outer loop
      vertex 4.36751 -3.58432 13.5
      vertex 2.97609 -2.44241 13.5
      vertex 3.99515 -3.99515 13.5
    endloop
  endfacet
  facet normal -0 0 1
    outer loop
      vertex 2.72236 -2.72236 13.5
      vertex 3.99515 -3.99515 13.5
      vertex 2.97609 -2.44241 13.5
    endloop
  endfacet
  facet normal 0 0 1
    outer loop
      vertex 3.99515 -3.99515 13.5
      vertex 2.72236 -2.72236 13.5
      vertex 3.58432 -4.36751 13.5
    endloop
  endfacet
  facet normal -0 0 1
    outer loop
      vertex 2.44241 -2.97609 13.5
      vertex 3.58432 -4.36751 13.5
      vertex 2.72236 -2.72236 13.5
    endloop
  endfacet
  facet normal 0 0 1
    outer loop
      vertex 3.58432 -4.36751 13.5
      vertex 2.44241 -2.97609 13.5
      vertex 3.13897 -4.6978 13.5
    endloop
  endfacet
  facet normal -0 0 1
    outer loop
      vertex 2.13894 -3.20116 13.5
      vertex 3.13897 -4.6978 13.5
      vertex 2.44241 -2.97609 13.5
    endloop
  endfacet
  facet normal 0 0 1
    outer loop
      vertex 3.13897 -4.6978 13.5
      vertex 2.13894 -3.20116 13.5
      vertex 2.66339 -4.98285 13.5
    endloop
  endfacet
  facet normal -0 0 1
    outer loop
      vertex 1.81488 -3.3954 13.5
      vertex 2.66339 -4.98285 13.5
      vertex 2.13894 -3.20116 13.5
    endloop
  endfacet
  facet normal 0 0 1
    outer loop
      vertex 2.66339 -4.98285 13.5
      vertex 1.81488 -3.3954 13.5
      vertex 2.16216 -5.21992 13.5
    endloop
  endfacet
  facet normal -0 0 1
    outer loop
      vertex 1.47333 -3.55694 13.5
      vertex 2.16216 -5.21992 13.5
      vertex 1.81488 -3.3954 13.5
    endloop
  endfacet
  facet normal 0 0 1
    outer loop
      vertex 2.16216 -5.21992 13.5
      vertex 1.47333 -3.55694 13.5
      vertex 1.64011 -5.40671 13.5
    endloop
  endfacet
  facet normal -0 0 1
    outer loop
      vertex 1.1176 -3.68422 13.5
      vertex 1.64011 -5.40671 13.5
      vertex 1.47333 -3.55694 13.5
    endloop
  endfacet
  facet normal 0 0 1
    outer loop
      vertex 1.1176 -3.68422 13.5
      vertex 1.10226 -5.54144 13.5
      vertex 1.64011 -5.40671 13.5
    endloop
  endfacet
  facet normal -0 0 1
    outer loop
      vertex 0.751098 -3.77602 13.5
      vertex 1.10226 -5.54144 13.5
      vertex 1.1176 -3.68422 13.5
    endloop
  endfacet
  facet normal 0 0 1
    outer loop
      vertex 0.751098 -3.77602 13.5
      vertex 0.553797 -5.62279 13.5
      vertex 1.10226 -5.54144 13.5
    endloop
  endfacet
  facet normal -0 0 1
    outer loop
      vertex 0.377365 -3.83146 13.5
      vertex 0.553797 -5.62279 13.5
      vertex 0.751098 -3.77602 13.5
    endloop
  endfacet
  facet normal -0 0 1
    outer loop
      vertex 0 -3.85 13.5
      vertex 0.553797 -5.62279 13.5
      vertex 0.377365 -3.83146 13.5
    endloop
  endfacet
  facet normal 0 0 1
    outer loop
      vertex 0 -3.85 13.5
      vertex 0 -5.65 13.5
      vertex 0.553797 -5.62279 13.5
    endloop
  endfacet
  facet normal 0 0 1
    outer loop
      vertex -0.377365 -3.83146 13.5
      vertex 0 -5.65 13.5
      vertex 0 -3.85 13.5
    endloop
  endfacet
  facet normal 0 0 1
    outer loop
      vertex -0.377365 -3.83146 13.5
      vertex -0.553797 -5.62279 13.5
      vertex 0 -5.65 13.5
    endloop
  endfacet
  facet normal 0 0 1
    outer loop
      vertex -0.751098 -3.77602 13.5
      vertex -0.553797 -5.62279 13.5
      vertex -0.377365 -3.83146 13.5
    endloop
  endfacet
  facet normal 0 0 1
    outer loop
      vertex -0.751098 -3.77602 13.5
      vertex -1.10226 -5.54144 13.5
      vertex -0.553797 -5.62279 13.5
    endloop
  endfacet
  facet normal 0 0 1
    outer loop
      vertex -1.1176 -3.68422 13.5
      vertex -1.10226 -5.54144 13.5
      vertex -0.751098 -3.77602 13.5
    endloop
  endfacet
  facet normal 0 0 1
    outer loop
      vertex -1.64011 -5.40671 13.5
      vertex -1.1176 -3.68422 13.5
      vertex -1.47333 -3.55694 13.5
    endloop
  endfacet
  facet normal 0 0 1
    outer loop
      vertex -1.1176 -3.68422 13.5
      vertex -1.64011 -5.40671 13.5
      vertex -1.10226 -5.54144 13.5
    endloop
  endfacet
  facet normal 0 0 1
    outer loop
      vertex -2.16216 -5.21992 13.5
      vertex -1.47333 -3.55694 13.5
      vertex -1.81488 -3.3954 13.5
    endloop
  endfacet
  facet normal 0 0 1
    outer loop
      vertex -2.66339 -4.98285 13.5
      vertex -1.81488 -3.3954 13.5
      vertex -2.13894 -3.20116 13.5
    endloop
  endfacet
  facet normal 0 0 1
    outer loop
      vertex -1.47333 -3.55694 13.5
      vertex -2.16216 -5.21992 13.5
      vertex -1.64011 -5.40671 13.5
    endloop
  endfacet
  facet normal 0 0 1
    outer loop
      vertex -3.13897 -4.6978 13.5
      vertex -2.13894 -3.20116 13.5
      vertex -2.44241 -2.97609 13.5
    endloop
  endfacet
  facet normal 0 0 1
    outer loop
      vertex -1.81488 -3.3954 13.5
      vertex -2.66339 -4.98285 13.5
      vertex -2.16216 -5.21992 13.5
    endloop
  endfacet
  facet normal 0 0 1
    outer loop
      vertex -3.58432 -4.36751 13.5
      vertex -2.44241 -2.97609 13.5
      vertex -2.72236 -2.72236 13.5
    endloop
  endfacet
  facet normal 0 0 1
    outer loop
      vertex -3.99515 -3.99515 13.5
      vertex -2.72236 -2.72236 13.5
      vertex -2.97609 -2.44241 13.5
    endloop
  endfacet
  facet normal 0 0 1
    outer loop
      vertex -2.13894 -3.20116 13.5
      vertex -3.13897 -4.6978 13.5
      vertex -2.66339 -4.98285 13.5
    endloop
  endfacet
  facet normal 0 0 1
    outer loop
      vertex -4.36751 -3.58432 13.5
      vertex -2.97609 -2.44241 13.5
      vertex -3.20116 -2.13894 13.5
    endloop
  endfacet
  facet normal 0 0 1
    outer loop
      vertex -4.6978 -3.13897 13.5
      vertex -3.20116 -2.13894 13.5
      vertex -3.3954 -1.81488 13.5
    endloop
  endfacet
  facet normal 0 0 1
    outer loop
      vertex -4.98285 -2.66339 13.5
      vertex -3.3954 -1.81488 13.5
      vertex -3.55694 -1.47333 13.5
    endloop
  endfacet
  facet normal 0 0 1
    outer loop
      vertex -2.44241 -2.97609 13.5
      vertex -3.58432 -4.36751 13.5
      vertex -3.13897 -4.6978 13.5
    endloop
  endfacet
  facet normal 0 0 1
    outer loop
      vertex -5.21992 -2.16216 13.5
      vertex -3.55694 -1.47333 13.5
      vertex -3.68422 -1.1176 13.5
    endloop
  endfacet
  facet normal 0 0 1
    outer loop
      vertex -5.40671 -1.64011 13.5
      vertex -3.68422 -1.1176 13.5
      vertex -3.77602 -0.751098 13.5
    endloop
  endfacet
  facet normal 0 0 1
    outer loop
      vertex -5.54144 -1.10226 13.5
      vertex -3.77602 -0.751098 13.5
      vertex -3.83146 -0.377365 13.5
    endloop
  endfacet
  facet normal 0 0 1
    outer loop
      vertex -2.72236 -2.72236 13.5
      vertex -3.99515 -3.99515 13.5
      vertex -3.58432 -4.36751 13.5
    endloop
  endfacet
  facet normal 0 0 1
    outer loop
      vertex -5.62279 -0.553797 13.5
      vertex -3.83146 -0.377365 13.5
      vertex -3.85 0 13.5
    endloop
  endfacet
  facet normal 0 0 1
    outer loop
      vertex -3.55694 1.47333 13.5
      vertex -5.21992 2.16216 13.5
      vertex -3.68422 1.1176 13.5
    endloop
  endfacet
  facet normal -0 0 1
    outer loop
      vertex -5.40671 1.64011 13.5
      vertex -3.68422 1.1176 13.5
      vertex -5.21992 2.16216 13.5
    endloop
  endfacet
  facet normal 0 0 1
    outer loop
      vertex -2.97609 -2.44241 13.5
      vertex -4.36751 -3.58432 13.5
      vertex -3.99515 -3.99515 13.5
    endloop
  endfacet
  facet normal 0 0 1
    outer loop
      vertex -3.68422 1.1176 13.5
      vertex -5.40671 1.64011 13.5
      vertex -3.77602 0.751098 13.5
    endloop
  endfacet
  facet normal 0 0 1
    outer loop
      vertex -3.20116 -2.13894 13.5
      vertex -4.6978 -3.13897 13.5
      vertex -4.36751 -3.58432 13.5
    endloop
  endfacet
  facet normal -0 0 1
    outer loop
      vertex -5.54144 1.10226 13.5
      vertex -3.77602 0.751098 13.5
      vertex -5.40671 1.64011 13.5
    endloop
  endfacet
  facet normal 0 0 1
    outer loop
      vertex -3.3954 -1.81488 13.5
      vertex -4.98285 -2.66339 13.5
      vertex -4.6978 -3.13897 13.5
    endloop
  endfacet
  facet normal 0 0 1
    outer loop
      vertex -3.77602 0.751098 13.5
      vertex -5.54144 1.10226 13.5
      vertex -3.83146 0.377365 13.5
    endloop
  endfacet
  facet normal 0 0 1
    outer loop
      vertex -3.55694 -1.47333 13.5
      vertex -5.21992 -2.16216 13.5
      vertex -4.98285 -2.66339 13.5
    endloop
  endfacet
  facet normal -0 0 1
    outer loop
      vertex -5.62279 0.553797 13.5
      vertex -3.83146 0.377365 13.5
      vertex -5.54144 1.10226 13.5
    endloop
  endfacet
  facet normal 0 0 1
    outer loop
      vertex -3.68422 -1.1176 13.5
      vertex -5.40671 -1.64011 13.5
      vertex -5.21992 -2.16216 13.5
    endloop
  endfacet
  facet normal 0 0 1
    outer loop
      vertex -3.83146 0.377365 13.5
      vertex -5.62279 0.553797 13.5
      vertex -3.85 0 13.5
    endloop
  endfacet
  facet normal 0 0 1
    outer loop
      vertex -3.77602 -0.751098 13.5
      vertex -5.54144 -1.10226 13.5
      vertex -5.40671 -1.64011 13.5
    endloop
  endfacet
  facet normal 0 0 1
    outer loop
      vertex -5.65 0 13.5
      vertex -3.85 0 13.5
      vertex -5.62279 0.553797 13.5
    endloop
  endfacet
  facet normal 0 0 1
    outer loop
      vertex -3.83146 -0.377365 13.5
      vertex -5.62279 -0.553797 13.5
      vertex -5.54144 -1.10226 13.5
    endloop
  endfacet
  facet normal 0 0 1
    outer loop
      vertex -3.85 0 13.5
      vertex -5.65 0 13.5
      vertex -5.62279 -0.553797 13.5
    endloop
  endfacet
  facet normal 0.998795 -0.0490743 -3.30549e-19
    outer loop
      vertex -5.65 0 15.5
      vertex -5.62279 0.553797 13.5
      vertex -5.62279 0.553797 15.5
    endloop
  endfacet
  facet normal 0.998795 -0.0490743 -3.30549e-19
    outer loop
      vertex -5.62279 0.553797 13.5
      vertex -5.65 0 15.5
      vertex -5.65 0 13.5
    endloop
  endfacet
  facet normal -0.998795 0.049071 -4.40822e-19
    outer loop
      vertex -3.85 0 13.5
      vertex -3.83146 0.377365 15.5
      vertex -3.83146 0.377365 13.5
    endloop
  endfacet
  facet normal -0.998795 0.049071 -4.40822e-19
    outer loop
      vertex -3.83146 0.377365 15.5
      vertex -3.85 0 13.5
      vertex -3.85 0 15.5
    endloop
  endfacet
  facet normal 0.989178 -0.146718 1.59984e-18
    outer loop
      vertex -5.62279 0.553797 15.5
      vertex -5.54144 1.10226 13.5
      vertex -5.54144 1.10226 15.5
    endloop
  endfacet
  facet normal 0.989178 -0.146718 1.59984e-18
    outer loop
      vertex -5.54144 1.10226 13.5
      vertex -5.62279 0.553797 15.5
      vertex -5.62279 0.553797 13.5
    endloop
  endfacet
  facet normal -0.989176 0.146736 -2.14571e-18
    outer loop
      vertex -3.83146 0.377365 13.5
      vertex -3.77602 0.751098 15.5
      vertex -3.77602 0.751098 13.5
    endloop
  endfacet
  facet normal -0.989176 0.146736 -2.14571e-18
    outer loop
      vertex -3.77602 0.751098 15.5
      vertex -3.83146 0.377365 13.5
      vertex -3.83146 0.377365 15.5
    endloop
  endfacet
  facet normal 0.970029 -0.24299 3.81199e-18
    outer loop
      vertex -5.54144 1.10226 15.5
      vertex -5.40671 1.64011 13.5
      vertex -5.40671 1.64011 15.5
    endloop
  endfacet
  facet normal 0.970029 -0.24299 3.81199e-18
    outer loop
      vertex -5.40671 1.64011 13.5
      vertex -5.54144 1.10226 15.5
      vertex -5.54144 1.10226 13.5
    endloop
  endfacet
  facet normal -0.970034 0.24297 -2.56242e-18
    outer loop
      vertex -3.77602 0.751098 13.5
      vertex -3.68422 1.1176 15.5
      vertex -3.68422 1.1176 13.5
    endloop
  endfacet
  facet normal -0.970034 0.24297 -2.56242e-18
    outer loop
      vertex -3.68422 1.1176 15.5
      vertex -3.77602 0.751098 13.5
      vertex -3.77602 0.751098 15.5
    endloop
  endfacet
  facet normal 0.941545 -0.336886 -5.20608e-18
    outer loop
      vertex -5.40671 1.64011 15.5
      vertex -5.21992 2.16216 13.5
      vertex -5.21992 2.16216 15.5
    endloop
  endfacet
  facet normal 0.941545 -0.336886 -5.20608e-18
    outer loop
      vertex -5.21992 2.16216 13.5
      vertex -5.40671 1.64011 15.5
      vertex -5.40671 1.64011 13.5
    endloop
  endfacet
  facet normal -0.941546 0.336885 -8.1866e-19
    outer loop
      vertex -3.68422 1.1176 13.5
      vertex -3.55694 1.47333 15.5
      vertex -3.55694 1.47333 13.5
    endloop
  endfacet
  facet normal -0.941546 0.336885 -8.1866e-19
    outer loop
      vertex -3.55694 1.47333 15.5
      vertex -3.68422 1.1176 13.5
      vertex -3.68422 1.1176 15.5
    endloop
  endfacet
  facet normal 0.903985 -0.427564 1.85242e-18
    outer loop
      vertex -5.21992 2.16216 15.5
      vertex -4.98285 2.66339 13.5
      vertex -4.98285 2.66339 15.5
    endloop
  endfacet
  facet normal 0.903985 -0.427564 1.85242e-18
    outer loop
      vertex -4.98285 2.66339 13.5
      vertex -5.21992 2.16216 15.5
      vertex -5.21992 2.16216 13.5
    endloop
  endfacet
  facet normal -0.90399 0.427553 1.83138e-18
    outer loop
      vertex -3.55694 1.47333 13.5
      vertex -3.3954 1.81488 15.5
      vertex -3.3954 1.81488 13.5
    endloop
  endfacet
  facet normal -0.90399 0.427553 1.83138e-18
    outer loop
      vertex -3.3954 1.81488 15.5
      vertex -3.55694 1.47333 13.5
      vertex -3.55694 1.47333 15.5
    endloop
  endfacet
  facet normal 0.85773 -0.514101 4.56269e-18
    outer loop
      vertex -4.98285 2.66339 15.5
      vertex -4.6978 3.13897 13.5
      vertex -4.6978 3.13897 15.5
    endloop
  endfacet
  facet normal 0.85773 -0.514101 4.56269e-18
    outer loop
      vertex -4.6978 3.13897 13.5
      vertex -4.98285 2.66339 15.5
      vertex -4.98285 2.66339 13.5
    endloop
  endfacet
  facet normal -0.857722 0.514114 -3.85346e-18
    outer loop
      vertex -3.3954 1.81488 13.5
      vertex -3.20116 2.13894 15.5
      vertex -3.20116 2.13894 13.5
    endloop
  endfacet
  facet normal -0.857722 0.514114 -3.85346e-18
    outer loop
      vertex -3.20116 2.13894 15.5
      vertex -3.3954 1.81488 13.5
      vertex -3.3954 1.81488 15.5
    endloop
  endfacet
  facet normal 0.803211 -0.595695 -7.00863e-18
    outer loop
      vertex -4.6978 3.13897 15.5
      vertex -4.36751 3.58432 13.5
      vertex -4.36751 3.58432 15.5
    endloop
  endfacet
  facet normal 0.803211 -0.595695 -7.00863e-18
    outer loop
      vertex -4.36751 3.58432 13.5
      vertex -4.6978 3.13897 15.5
      vertex -4.6978 3.13897 13.5
    endloop
  endfacet
  facet normal -0.803206 0.595702 8.25079e-18
    outer loop
      vertex -3.20116 2.13894 13.5
      vertex -2.97609 2.44241 15.5
      vertex -2.97609 2.44241 13.5
    endloop
  endfacet
  facet normal -0.803206 0.595702 8.25079e-18
    outer loop
      vertex -2.97609 2.44241 15.5
      vertex -3.20116 2.13894 13.5
      vertex -3.20116 2.13894 15.5
    endloop
  endfacet
  facet normal 0.740946 -0.671564 -5.43006e-18
    outer loop
      vertex -4.36751 3.58432 15.5
      vertex -3.99515 3.99515 13.5
      vertex -3.99515 3.99515 15.5
    endloop
  endfacet
  facet normal 0.740946 -0.671564 -5.43006e-18
    outer loop
      vertex -3.99515 3.99515 13.5
      vertex -4.36751 3.58432 15.5
      vertex -4.36751 3.58432 13.5
    endloop
  endfacet
  facet normal -0.740954 0.671556 1.19746e-18
    outer loop
      vertex -2.97609 2.44241 13.5
      vertex -2.72236 2.72236 15.5
      vertex -2.72236 2.72236 13.5
    endloop
  endfacet
  facet normal -0.740954 0.671556 1.19746e-18
    outer loop
      vertex -2.72236 2.72236 15.5
      vertex -2.97609 2.44241 13.5
      vertex -2.97609 2.44241 15.5
    endloop
  endfacet
  facet normal 0.671564 -0.740946 0
    outer loop
      vertex -3.99515 3.99515 13.5
      vertex -3.58432 4.36751 15.5
      vertex -3.99515 3.99515 15.5
    endloop
  endfacet
  facet normal 0.671564 -0.740946 0
    outer loop
      vertex -3.58432 4.36751 15.5
      vertex -3.99515 3.99515 13.5
      vertex -3.58432 4.36751 13.5
    endloop
  endfacet
  facet normal -0.671556 0.740954 0
    outer loop
      vertex -2.44241 2.97609 13.5
      vertex -2.72236 2.72236 15.5
      vertex -2.44241 2.97609 15.5
    endloop
  endfacet
  facet normal -0.671556 0.740954 0
    outer loop
      vertex -2.72236 2.72236 15.5
      vertex -2.44241 2.97609 13.5
      vertex -2.72236 2.72236 13.5
    endloop
  endfacet
  facet normal 0.595695 -0.803211 0
    outer loop
      vertex -3.58432 4.36751 13.5
      vertex -3.13897 4.6978 15.5
      vertex -3.58432 4.36751 15.5
    endloop
  endfacet
  facet normal 0.595695 -0.803211 0
    outer loop
      vertex -3.13897 4.6978 15.5
      vertex -3.58432 4.36751 13.5
      vertex -3.13897 4.6978 13.5
    endloop
  endfacet
  facet normal -0.595702 0.803206 0
    outer loop
      vertex -2.13894 3.20116 13.5
      vertex -2.44241 2.97609 15.5
      vertex -2.13894 3.20116 15.5
    endloop
  endfacet
  facet normal -0.595702 0.803206 0
    outer loop
      vertex -2.44241 2.97609 15.5
      vertex -2.13894 3.20116 13.5
      vertex -2.44241 2.97609 13.5
    endloop
  endfacet
  facet normal 0.514101 -0.85773 0
    outer loop
      vertex -3.13897 4.6978 13.5
      vertex -2.66339 4.98285 15.5
      vertex -3.13897 4.6978 15.5
    endloop
  endfacet
  facet normal 0.514101 -0.85773 0
    outer loop
      vertex -2.66339 4.98285 15.5
      vertex -3.13897 4.6978 13.5
      vertex -2.66339 4.98285 13.5
    endloop
  endfacet
  facet normal -0.514114 0.857722 0
    outer loop
      vertex -1.81488 3.3954 13.5
      vertex -2.13894 3.20116 15.5
      vertex -1.81488 3.3954 15.5
    endloop
  endfacet
  facet normal -0.514114 0.857722 0
    outer loop
      vertex -2.13894 3.20116 15.5
      vertex -1.81488 3.3954 13.5
      vertex -2.13894 3.20116 13.5
    endloop
  endfacet
  facet normal 0.427564 -0.903985 0
    outer loop
      vertex -2.66339 4.98285 13.5
      vertex -2.16216 5.21992 15.5
      vertex -2.66339 4.98285 15.5
    endloop
  endfacet
  facet normal 0.427564 -0.903985 0
    outer loop
      vertex -2.16216 5.21992 15.5
      vertex -2.66339 4.98285 13.5
      vertex -2.16216 5.21992 13.5
    endloop
  endfacet
  facet normal -0.427553 0.90399 0
    outer loop
      vertex -1.47333 3.55694 13.5
      vertex -1.81488 3.3954 15.5
      vertex -1.47333 3.55694 15.5
    endloop
  endfacet
  facet normal -0.427553 0.90399 0
    outer loop
      vertex -1.81488 3.3954 15.5
      vertex -1.47333 3.55694 13.5
      vertex -1.81488 3.3954 13.5
    endloop
  endfacet
  facet normal 0.336886 -0.941545 0
    outer loop
      vertex -2.16216 5.21992 13.5
      vertex -1.64011 5.40671 15.5
      vertex -2.16216 5.21992 15.5
    endloop
  endfacet
  facet normal 0.336886 -0.941545 0
    outer loop
      vertex -1.64011 5.40671 15.5
      vertex -2.16216 5.21992 13.5
      vertex -1.64011 5.40671 13.5
    endloop
  endfacet
  facet normal -0.336885 0.941546 0
    outer loop
      vertex -1.1176 3.68422 13.5
      vertex -1.47333 3.55694 15.5
      vertex -1.1176 3.68422 15.5
    endloop
  endfacet
  facet normal -0.336885 0.941546 0
    outer loop
      vertex -1.47333 3.55694 15.5
      vertex -1.1176 3.68422 13.5
      vertex -1.47333 3.55694 13.5
    endloop
  endfacet
  facet normal 0.24299 -0.970029 0
    outer loop
      vertex -1.64011 5.40671 13.5
      vertex -1.10226 5.54144 15.5
      vertex -1.64011 5.40671 15.5
    endloop
  endfacet
  facet normal 0.24299 -0.970029 0
    outer loop
      vertex -1.10226 5.54144 15.5
      vertex -1.64011 5.40671 13.5
      vertex -1.10226 5.54144 13.5
    endloop
  endfacet
  facet normal -0.24297 0.970034 0
    outer loop
      vertex -0.751098 3.77602 13.5
      vertex -1.1176 3.68422 15.5
      vertex -0.751098 3.77602 15.5
    endloop
  endfacet
  facet normal -0.24297 0.970034 0
    outer loop
      vertex -1.1176 3.68422 15.5
      vertex -0.751098 3.77602 13.5
      vertex -1.1176 3.68422 13.5
    endloop
  endfacet
  facet normal 0.146718 -0.989178 0
    outer loop
      vertex -1.10226 5.54144 13.5
      vertex -0.553797 5.62279 15.5
      vertex -1.10226 5.54144 15.5
    endloop
  endfacet
  facet normal 0.146718 -0.989178 0
    outer loop
      vertex -0.553797 5.62279 15.5
      vertex -1.10226 5.54144 13.5
      vertex -0.553797 5.62279 13.5
    endloop
  endfacet
  facet normal -0.146736 0.989176 0
    outer loop
      vertex -0.377365 3.83146 13.5
      vertex -0.751098 3.77602 15.5
      vertex -0.377365 3.83146 15.5
    endloop
  endfacet
  facet normal -0.146736 0.989176 0
    outer loop
      vertex -0.751098 3.77602 15.5
      vertex -0.377365 3.83146 13.5
      vertex -0.751098 3.77602 13.5
    endloop
  endfacet
  facet normal 0.0490743 -0.998795 0
    outer loop
      vertex -0.553797 5.62279 13.5
      vertex 0 5.65 15.5
      vertex -0.553797 5.62279 15.5
    endloop
  endfacet
  facet normal 0.0490743 -0.998795 0
    outer loop
      vertex 0 5.65 15.5
      vertex -0.553797 5.62279 13.5
      vertex 0 5.65 13.5
    endloop
  endfacet
  facet normal -0.049071 0.998795 0
    outer loop
      vertex 0 3.85 13.5
      vertex -0.377365 3.83146 15.5
      vertex 0 3.85 15.5
    endloop
  endfacet
  facet normal -0.049071 0.998795 0
    outer loop
      vertex -0.377365 3.83146 15.5
      vertex 0 3.85 13.5
      vertex -0.377365 3.83146 13.5
    endloop
  endfacet
  facet normal -0.0490743 -0.998795 0
    outer loop
      vertex 0 5.65 13.5
      vertex 0.553797 5.62279 15.5
      vertex 0 5.65 15.5
    endloop
  endfacet
  facet normal -0.0490743 -0.998795 -0
    outer loop
      vertex 0.553797 5.62279 15.5
      vertex 0 5.65 13.5
      vertex 0.553797 5.62279 13.5
    endloop
  endfacet
  facet normal 0.049071 0.998795 -0
    outer loop
      vertex 0.377365 3.83146 13.5
      vertex 0 3.85 15.5
      vertex 0.377365 3.83146 15.5
    endloop
  endfacet
  facet normal 0.049071 0.998795 0
    outer loop
      vertex 0 3.85 15.5
      vertex 0.377365 3.83146 13.5
      vertex 0 3.85 13.5
    endloop
  endfacet
  facet normal -0.146718 -0.989178 0
    outer loop
      vertex 0.553797 5.62279 13.5
      vertex 1.10226 5.54144 15.5
      vertex 0.553797 5.62279 15.5
    endloop
  endfacet
  facet normal -0.146718 -0.989178 -0
    outer loop
      vertex 1.10226 5.54144 15.5
      vertex 0.553797 5.62279 13.5
      vertex 1.10226 5.54144 13.5
    endloop
  endfacet
  facet normal 0.146736 0.989176 -0
    outer loop
      vertex 0.751098 3.77602 13.5
      vertex 0.377365 3.83146 15.5
      vertex 0.751098 3.77602 15.5
    endloop
  endfacet
  facet normal 0.146736 0.989176 0
    outer loop
      vertex 0.377365 3.83146 15.5
      vertex 0.751098 3.77602 13.5
      vertex 0.377365 3.83146 13.5
    endloop
  endfacet
  facet normal -0.24299 -0.970029 0
    outer loop
      vertex 1.10226 5.54144 13.5
      vertex 1.64011 5.40671 15.5
      vertex 1.10226 5.54144 15.5
    endloop
  endfacet
  facet normal -0.24299 -0.970029 -0
    outer loop
      vertex 1.64011 5.40671 15.5
      vertex 1.10226 5.54144 13.5
      vertex 1.64011 5.40671 13.5
    endloop
  endfacet
  facet normal 0.24297 0.970034 -0
    outer loop
      vertex 1.1176 3.68422 13.5
      vertex 0.751098 3.77602 15.5
      vertex 1.1176 3.68422 15.5
    endloop
  endfacet
  facet normal 0.24297 0.970034 0
    outer loop
      vertex 0.751098 3.77602 15.5
      vertex 1.1176 3.68422 13.5
      vertex 0.751098 3.77602 13.5
    endloop
  endfacet
  facet normal -0.336886 -0.941545 0
    outer loop
      vertex 1.64011 5.40671 13.5
      vertex 2.16216 5.21992 15.5
      vertex 1.64011 5.40671 15.5
    endloop
  endfacet
  facet normal -0.336886 -0.941545 -0
    outer loop
      vertex 2.16216 5.21992 15.5
      vertex 1.64011 5.40671 13.5
      vertex 2.16216 5.21992 13.5
    endloop
  endfacet
  facet normal 0.336885 0.941546 -0
    outer loop
      vertex 1.47333 3.55694 13.5
      vertex 1.1176 3.68422 15.5
      vertex 1.47333 3.55694 15.5
    endloop
  endfacet
  facet normal 0.336885 0.941546 0
    outer loop
      vertex 1.1176 3.68422 15.5
      vertex 1.47333 3.55694 13.5
      vertex 1.1176 3.68422 13.5
    endloop
  endfacet
  facet normal -0.427564 -0.903985 0
    outer loop
      vertex 2.16216 5.21992 13.5
      vertex 2.66339 4.98285 15.5
      vertex 2.16216 5.21992 15.5
    endloop
  endfacet
  facet normal -0.427564 -0.903985 -0
    outer loop
      vertex 2.66339 4.98285 15.5
      vertex 2.16216 5.21992 13.5
      vertex 2.66339 4.98285 13.5
    endloop
  endfacet
  facet normal 0.427553 0.90399 -0
    outer loop
      vertex 1.81488 3.3954 13.5
      vertex 1.47333 3.55694 15.5
      vertex 1.81488 3.3954 15.5
    endloop
  endfacet
  facet normal 0.427553 0.90399 0
    outer loop
      vertex 1.47333 3.55694 15.5
      vertex 1.81488 3.3954 13.5
      vertex 1.47333 3.55694 13.5
    endloop
  endfacet
  facet normal -0.514101 -0.85773 0
    outer loop
      vertex 2.66339 4.98285 13.5
      vertex 3.13897 4.6978 15.5
      vertex 2.66339 4.98285 15.5
    endloop
  endfacet
  facet normal -0.514101 -0.85773 -0
    outer loop
      vertex 3.13897 4.6978 15.5
      vertex 2.66339 4.98285 13.5
      vertex 3.13897 4.6978 13.5
    endloop
  endfacet
  facet normal 0.514114 0.857722 -0
    outer loop
      vertex 2.13894 3.20116 13.5
      vertex 1.81488 3.3954 15.5
      vertex 2.13894 3.20116 15.5
    endloop
  endfacet
  facet normal 0.514114 0.857722 0
    outer loop
      vertex 1.81488 3.3954 15.5
      vertex 2.13894 3.20116 13.5
      vertex 1.81488 3.3954 13.5
    endloop
  endfacet
  facet normal -0.595695 -0.803211 0
    outer loop
      vertex 3.13897 4.6978 13.5
      vertex 3.58432 4.36751 15.5
      vertex 3.13897 4.6978 15.5
    endloop
  endfacet
  facet normal -0.595695 -0.803211 -0
    outer loop
      vertex 3.58432 4.36751 15.5
      vertex 3.13897 4.6978 13.5
      vertex 3.58432 4.36751 13.5
    endloop
  endfacet
  facet normal 0.595702 0.803206 -0
    outer loop
      vertex 2.44241 2.97609 13.5
      vertex 2.13894 3.20116 15.5
      vertex 2.44241 2.97609 15.5
    endloop
  endfacet
  facet normal 0.595702 0.803206 0
    outer loop
      vertex 2.13894 3.20116 15.5
      vertex 2.44241 2.97609 13.5
      vertex 2.13894 3.20116 13.5
    endloop
  endfacet
  facet normal -0.671564 -0.740946 0
    outer loop
      vertex 3.58432 4.36751 13.5
      vertex 3.99515 3.99515 15.5
      vertex 3.58432 4.36751 15.5
    endloop
  endfacet
  facet normal -0.671564 -0.740946 -0
    outer loop
      vertex 3.99515 3.99515 15.5
      vertex 3.58432 4.36751 13.5
      vertex 3.99515 3.99515 13.5
    endloop
  endfacet
  facet normal 0.671556 0.740954 -0
    outer loop
      vertex 2.72236 2.72236 13.5
      vertex 2.44241 2.97609 15.5
      vertex 2.72236 2.72236 15.5
    endloop
  endfacet
  facet normal 0.671556 0.740954 0
    outer loop
      vertex 2.44241 2.97609 15.5
      vertex 2.72236 2.72236 13.5
      vertex 2.44241 2.97609 13.5
    endloop
  endfacet
  facet normal -0.740946 -0.671564 5.43006e-18
    outer loop
      vertex 4.36751 3.58432 13.5
      vertex 3.99515 3.99515 15.5
      vertex 3.99515 3.99515 13.5
    endloop
  endfacet
  facet normal -0.740946 -0.671564 5.43006e-18
    outer loop
      vertex 3.99515 3.99515 15.5
      vertex 4.36751 3.58432 13.5
      vertex 4.36751 3.58432 15.5
    endloop
  endfacet
  facet normal 0.740954 0.671556 -1.19746e-18
    outer loop
      vertex 2.97609 2.44241 15.5
      vertex 2.72236 2.72236 13.5
      vertex 2.72236 2.72236 15.5
    endloop
  endfacet
  facet normal 0.740954 0.671556 -1.19746e-18
    outer loop
      vertex 2.72236 2.72236 13.5
      vertex 2.97609 2.44241 15.5
      vertex 2.97609 2.44241 13.5
    endloop
  endfacet
  facet normal -0.803211 -0.595695 7.00863e-18
    outer loop
      vertex 4.6978 3.13897 13.5
      vertex 4.36751 3.58432 15.5
      vertex 4.36751 3.58432 13.5
    endloop
  endfacet
  facet normal -0.803211 -0.595695 7.00863e-18
    outer loop
      vertex 4.36751 3.58432 15.5
      vertex 4.6978 3.13897 13.5
      vertex 4.6978 3.13897 15.5
    endloop
  endfacet
  facet normal 0.803206 0.595702 -8.25079e-18
    outer loop
      vertex 3.20116 2.13894 15.5
      vertex 2.97609 2.44241 13.5
      vertex 2.97609 2.44241 15.5
    endloop
  endfacet
  facet normal 0.803206 0.595702 -8.25079e-18
    outer loop
      vertex 2.97609 2.44241 13.5
      vertex 3.20116 2.13894 15.5
      vertex 3.20116 2.13894 13.5
    endloop
  endfacet
  facet normal -0.85773 -0.514101 -4.56269e-18
    outer loop
      vertex 4.98285 2.66339 13.5
      vertex 4.6978 3.13897 15.5
      vertex 4.6978 3.13897 13.5
    endloop
  endfacet
  facet normal -0.85773 -0.514101 -4.56269e-18
    outer loop
      vertex 4.6978 3.13897 15.5
      vertex 4.98285 2.66339 13.5
      vertex 4.98285 2.66339 15.5
    endloop
  endfacet
  facet normal 0.857722 0.514114 3.85346e-18
    outer loop
      vertex 3.3954 1.81488 15.5
      vertex 3.20116 2.13894 13.5
      vertex 3.20116 2.13894 15.5
    endloop
  endfacet
  facet normal 0.857722 0.514114 3.85346e-18
    outer loop
      vertex 3.20116 2.13894 13.5
      vertex 3.3954 1.81488 15.5
      vertex 3.3954 1.81488 13.5
    endloop
  endfacet
  facet normal -0.903985 -0.427564 -1.85242e-18
    outer loop
      vertex 5.21992 2.16216 13.5
      vertex 4.98285 2.66339 15.5
      vertex 4.98285 2.66339 13.5
    endloop
  endfacet
  facet normal -0.903985 -0.427564 -1.85242e-18
    outer loop
      vertex 4.98285 2.66339 15.5
      vertex 5.21992 2.16216 13.5
      vertex 5.21992 2.16216 15.5
    endloop
  endfacet
  facet normal 0.90399 0.427553 -1.83138e-18
    outer loop
      vertex 3.55694 1.47333 15.5
      vertex 3.3954 1.81488 13.5
      vertex 3.3954 1.81488 15.5
    endloop
  endfacet
  facet normal 0.90399 0.427553 -1.83138e-18
    outer loop
      vertex 3.3954 1.81488 13.5
      vertex 3.55694 1.47333 15.5
      vertex 3.55694 1.47333 13.5
    endloop
  endfacet
  facet normal -0.941545 -0.336886 5.20608e-18
    outer loop
      vertex 5.40671 1.64011 13.5
      vertex 5.21992 2.16216 15.5
      vertex 5.21992 2.16216 13.5
    endloop
  endfacet
  facet normal -0.941545 -0.336886 5.20608e-18
    outer loop
      vertex 5.21992 2.16216 15.5
      vertex 5.40671 1.64011 13.5
      vertex 5.40671 1.64011 15.5
    endloop
  endfacet
  facet normal 0.941546 0.336885 8.1866e-19
    outer loop
      vertex 3.68422 1.1176 15.5
      vertex 3.55694 1.47333 13.5
      vertex 3.55694 1.47333 15.5
    endloop
  endfacet
  facet normal 0.941546 0.336885 8.1866e-19
    outer loop
      vertex 3.55694 1.47333 13.5
      vertex 3.68422 1.1176 15.5
      vertex 3.68422 1.1176 13.5
    endloop
  endfacet
  facet normal -0.970029 -0.24299 -3.81199e-18
    outer loop
      vertex 5.54144 1.10226 13.5
      vertex 5.40671 1.64011 15.5
      vertex 5.40671 1.64011 13.5
    endloop
  endfacet
  facet normal -0.970029 -0.24299 -3.81199e-18
    outer loop
      vertex 5.40671 1.64011 15.5
      vertex 5.54144 1.10226 13.5
      vertex 5.54144 1.10226 15.5
    endloop
  endfacet
  facet normal 0.970034 0.24297 2.56242e-18
    outer loop
      vertex 3.77602 0.751098 15.5
      vertex 3.68422 1.1176 13.5
      vertex 3.68422 1.1176 15.5
    endloop
  endfacet
  facet normal 0.970034 0.24297 2.56242e-18
    outer loop
      vertex 3.68422 1.1176 13.5
      vertex 3.77602 0.751098 15.5
      vertex 3.77602 0.751098 13.5
    endloop
  endfacet
  facet normal -0.989178 -0.146718 -1.59984e-18
    outer loop
      vertex 5.62279 0.553797 13.5
      vertex 5.54144 1.10226 15.5
      vertex 5.54144 1.10226 13.5
    endloop
  endfacet
  facet normal -0.989178 -0.146718 -1.59984e-18
    outer loop
      vertex 5.54144 1.10226 15.5
      vertex 5.62279 0.553797 13.5
      vertex 5.62279 0.553797 15.5
    endloop
  endfacet
  facet normal 0.989176 0.146736 2.14571e-18
    outer loop
      vertex 3.83146 0.377365 15.5
      vertex 3.77602 0.751098 13.5
      vertex 3.77602 0.751098 15.5
    endloop
  endfacet
  facet normal 0.989176 0.146736 2.14571e-18
    outer loop
      vertex 3.77602 0.751098 13.5
      vertex 3.83146 0.377365 15.5
      vertex 3.83146 0.377365 13.5
    endloop
  endfacet
  facet normal -0.998795 -0.0490743 3.30549e-19
    outer loop
      vertex 5.65 0 13.5
      vertex 5.62279 0.553797 15.5
      vertex 5.62279 0.553797 13.5
    endloop
  endfacet
  facet normal -0.998795 -0.0490743 3.30549e-19
    outer loop
      vertex 5.62279 0.553797 15.5
      vertex 5.65 0 13.5
      vertex 5.65 0 15.5
    endloop
  endfacet
  facet normal 0.998795 0.049071 4.40822e-19
    outer loop
      vertex 3.85 0 15.5
      vertex 3.83146 0.377365 13.5
      vertex 3.83146 0.377365 15.5
    endloop
  endfacet
  facet normal 0.998795 0.049071 4.40822e-19
    outer loop
      vertex 3.83146 0.377365 13.5
      vertex 3.85 0 15.5
      vertex 3.85 0 13.5
    endloop
  endfacet
  facet normal -0.998795 0.0490743 -3.30549e-19
    outer loop
      vertex 5.62279 -0.553797 13.5
      vertex 5.65 0 15.5
      vertex 5.65 0 13.5
    endloop
  endfacet
  facet normal -0.998795 0.0490743 -3.30549e-19
    outer loop
      vertex 5.65 0 15.5
      vertex 5.62279 -0.553797 13.5
      vertex 5.62279 -0.553797 15.5
    endloop
  endfacet
  facet normal 0.998795 -0.049071 -4.40822e-19
    outer loop
      vertex 3.83146 -0.377365 15.5
      vertex 3.85 0 13.5
      vertex 3.85 0 15.5
    endloop
  endfacet
  facet normal 0.998795 -0.049071 -4.40822e-19
    outer loop
      vertex 3.85 0 13.5
      vertex 3.83146 -0.377365 15.5
      vertex 3.83146 -0.377365 13.5
    endloop
  endfacet
  facet normal -0.989178 0.146718 1.59984e-18
    outer loop
      vertex 5.54144 -1.10226 13.5
      vertex 5.62279 -0.553797 15.5
      vertex 5.62279 -0.553797 13.5
    endloop
  endfacet
  facet normal -0.989178 0.146718 1.59984e-18
    outer loop
      vertex 5.62279 -0.553797 15.5
      vertex 5.54144 -1.10226 13.5
      vertex 5.54144 -1.10226 15.5
    endloop
  endfacet
  facet normal 0.989176 -0.146736 -2.14571e-18
    outer loop
      vertex 3.77602 -0.751098 15.5
      vertex 3.83146 -0.377365 13.5
      vertex 3.83146 -0.377365 15.5
    endloop
  endfacet
  facet normal 0.989176 -0.146736 -2.14571e-18
    outer loop
      vertex 3.83146 -0.377365 13.5
      vertex 3.77602 -0.751098 15.5
      vertex 3.77602 -0.751098 13.5
    endloop
  endfacet
  facet normal -0.970029 0.24299 3.81199e-18
    outer loop
      vertex 5.40671 -1.64011 13.5
      vertex 5.54144 -1.10226 15.5
      vertex 5.54144 -1.10226 13.5
    endloop
  endfacet
  facet normal -0.970029 0.24299 3.81199e-18
    outer loop
      vertex 5.54144 -1.10226 15.5
      vertex 5.40671 -1.64011 13.5
      vertex 5.40671 -1.64011 15.5
    endloop
  endfacet
  facet normal 0.970034 -0.24297 -2.56242e-18
    outer loop
      vertex 3.68422 -1.1176 15.5
      vertex 3.77602 -0.751098 13.5
      vertex 3.77602 -0.751098 15.5
    endloop
  endfacet
  facet normal 0.970034 -0.24297 -2.56242e-18
    outer loop
      vertex 3.77602 -0.751098 13.5
      vertex 3.68422 -1.1176 15.5
      vertex 3.68422 -1.1176 13.5
    endloop
  endfacet
  facet normal -0.941545 0.336886 -5.20608e-18
    outer loop
      vertex 5.21992 -2.16216 13.5
      vertex 5.40671 -1.64011 15.5
      vertex 5.40671 -1.64011 13.5
    endloop
  endfacet
  facet normal -0.941545 0.336886 -5.20608e-18
    outer loop
      vertex 5.40671 -1.64011 15.5
      vertex 5.21992 -2.16216 13.5
      vertex 5.21992 -2.16216 15.5
    endloop
  endfacet
  facet normal 0.941546 -0.336885 -8.1866e-19
    outer loop
      vertex 3.55694 -1.47333 15.5
      vertex 3.68422 -1.1176 13.5
      vertex 3.68422 -1.1176 15.5
    endloop
  endfacet
  facet normal 0.941546 -0.336885 -8.1866e-19
    outer loop
      vertex 3.68422 -1.1176 13.5
      vertex 3.55694 -1.47333 15.5
      vertex 3.55694 -1.47333 13.5
    endloop
  endfacet
  facet normal -0.903985 0.427564 1.85242e-18
    outer loop
      vertex 4.98285 -2.66339 13.5
      vertex 5.21992 -2.16216 15.5
      vertex 5.21992 -2.16216 13.5
    endloop
  endfacet
  facet normal -0.903985 0.427564 1.85242e-18
    outer loop
      vertex 5.21992 -2.16216 15.5
      vertex 4.98285 -2.66339 13.5
      vertex 4.98285 -2.66339 15.5
    endloop
  endfacet
  facet normal 0.90399 -0.427553 1.83138e-18
    outer loop
      vertex 3.3954 -1.81488 15.5
      vertex 3.55694 -1.47333 13.5
      vertex 3.55694 -1.47333 15.5
    endloop
  endfacet
  facet normal 0.90399 -0.427553 1.83138e-18
    outer loop
      vertex 3.55694 -1.47333 13.5
      vertex 3.3954 -1.81488 15.5
      vertex 3.3954 -1.81488 13.5
    endloop
  endfacet
  facet normal -0.85773 0.514101 4.56269e-18
    outer loop
      vertex 4.6978 -3.13897 13.5
      vertex 4.98285 -2.66339 15.5
      vertex 4.98285 -2.66339 13.5
    endloop
  endfacet
  facet normal -0.85773 0.514101 4.56269e-18
    outer loop
      vertex 4.98285 -2.66339 15.5
      vertex 4.6978 -3.13897 13.5
      vertex 4.6978 -3.13897 15.5
    endloop
  endfacet
  facet normal 0.857722 -0.514114 -3.85346e-18
    outer loop
      vertex 3.20116 -2.13894 15.5
      vertex 3.3954 -1.81488 13.5
      vertex 3.3954 -1.81488 15.5
    endloop
  endfacet
  facet normal 0.857722 -0.514114 -3.85346e-18
    outer loop
      vertex 3.3954 -1.81488 13.5
      vertex 3.20116 -2.13894 15.5
      vertex 3.20116 -2.13894 13.5
    endloop
  endfacet
  facet normal -0.803211 0.595695 -7.00863e-18
    outer loop
      vertex 4.36751 -3.58432 13.5
      vertex 4.6978 -3.13897 15.5
      vertex 4.6978 -3.13897 13.5
    endloop
  endfacet
  facet normal -0.803211 0.595695 -7.00863e-18
    outer loop
      vertex 4.6978 -3.13897 15.5
      vertex 4.36751 -3.58432 13.5
      vertex 4.36751 -3.58432 15.5
    endloop
  endfacet
  facet normal 0.803206 -0.595702 8.25079e-18
    outer loop
      vertex 2.97609 -2.44241 15.5
      vertex 3.20116 -2.13894 13.5
      vertex 3.20116 -2.13894 15.5
    endloop
  endfacet
  facet normal 0.803206 -0.595702 8.25079e-18
    outer loop
      vertex 3.20116 -2.13894 13.5
      vertex 2.97609 -2.44241 15.5
      vertex 2.97609 -2.44241 13.5
    endloop
  endfacet
  facet normal -0.740946 0.671564 -5.43006e-18
    outer loop
      vertex 3.99515 -3.99515 13.5
      vertex 4.36751 -3.58432 15.5
      vertex 4.36751 -3.58432 13.5
    endloop
  endfacet
  facet normal -0.740946 0.671564 -5.43006e-18
    outer loop
      vertex 4.36751 -3.58432 15.5
      vertex 3.99515 -3.99515 13.5
      vertex 3.99515 -3.99515 15.5
    endloop
  endfacet
  facet normal 0.740954 -0.671556 1.19746e-18
    outer loop
      vertex 2.72236 -2.72236 15.5
      vertex 2.97609 -2.44241 13.5
      vertex 2.97609 -2.44241 15.5
    endloop
  endfacet
  facet normal 0.740954 -0.671556 1.19746e-18
    outer loop
      vertex 2.97609 -2.44241 13.5
      vertex 2.72236 -2.72236 15.5
      vertex 2.72236 -2.72236 13.5
    endloop
  endfacet
  facet normal -0.671564 0.740946 0
    outer loop
      vertex 3.99515 -3.99515 13.5
      vertex 3.58432 -4.36751 15.5
      vertex 3.99515 -3.99515 15.5
    endloop
  endfacet
  facet normal -0.671564 0.740946 0
    outer loop
      vertex 3.58432 -4.36751 15.5
      vertex 3.99515 -3.99515 13.5
      vertex 3.58432 -4.36751 13.5
    endloop
  endfacet
  facet normal 0.671556 -0.740954 0
    outer loop
      vertex 2.44241 -2.97609 13.5
      vertex 2.72236 -2.72236 15.5
      vertex 2.44241 -2.97609 15.5
    endloop
  endfacet
  facet normal 0.671556 -0.740954 0
    outer loop
      vertex 2.72236 -2.72236 15.5
      vertex 2.44241 -2.97609 13.5
      vertex 2.72236 -2.72236 13.5
    endloop
  endfacet
  facet normal -0.595695 0.803211 0
    outer loop
      vertex 3.58432 -4.36751 13.5
      vertex 3.13897 -4.6978 15.5
      vertex 3.58432 -4.36751 15.5
    endloop
  endfacet
  facet normal -0.595695 0.803211 0
    outer loop
      vertex 3.13897 -4.6978 15.5
      vertex 3.58432 -4.36751 13.5
      vertex 3.13897 -4.6978 13.5
    endloop
  endfacet
  facet normal 0.595702 -0.803206 0
    outer loop
      vertex 2.13894 -3.20116 13.5
      vertex 2.44241 -2.97609 15.5
      vertex 2.13894 -3.20116 15.5
    endloop
  endfacet
  facet normal 0.595702 -0.803206 0
    outer loop
      vertex 2.44241 -2.97609 15.5
      vertex 2.13894 -3.20116 13.5
      vertex 2.44241 -2.97609 13.5
    endloop
  endfacet
  facet normal -0.514101 0.85773 0
    outer loop
      vertex 3.13897 -4.6978 13.5
      vertex 2.66339 -4.98285 15.5
      vertex 3.13897 -4.6978 15.5
    endloop
  endfacet
  facet normal -0.514101 0.85773 0
    outer loop
      vertex 2.66339 -4.98285 15.5
      vertex 3.13897 -4.6978 13.5
      vertex 2.66339 -4.98285 13.5
    endloop
  endfacet
  facet normal 0.514114 -0.857722 0
    outer loop
      vertex 1.81488 -3.3954 13.5
      vertex 2.13894 -3.20116 15.5
      vertex 1.81488 -3.3954 15.5
    endloop
  endfacet
  facet normal 0.514114 -0.857722 0
    outer loop
      vertex 2.13894 -3.20116 15.5
      vertex 1.81488 -3.3954 13.5
      vertex 2.13894 -3.20116 13.5
    endloop
  endfacet
  facet normal -0.427564 0.903985 0
    outer loop
      vertex 2.66339 -4.98285 13.5
      vertex 2.16216 -5.21992 15.5
      vertex 2.66339 -4.98285 15.5
    endloop
  endfacet
  facet normal -0.427564 0.903985 0
    outer loop
      vertex 2.16216 -5.21992 15.5
      vertex 2.66339 -4.98285 13.5
      vertex 2.16216 -5.21992 13.5
    endloop
  endfacet
  facet normal 0.427553 -0.90399 0
    outer loop
      vertex 1.47333 -3.55694 13.5
      vertex 1.81488 -3.3954 15.5
      vertex 1.47333 -3.55694 15.5
    endloop
  endfacet
  facet normal 0.427553 -0.90399 0
    outer loop
      vertex 1.81488 -3.3954 15.5
      vertex 1.47333 -3.55694 13.5
      vertex 1.81488 -3.3954 13.5
    endloop
  endfacet
  facet normal -0.336886 0.941545 0
    outer loop
      vertex 2.16216 -5.21992 13.5
      vertex 1.64011 -5.40671 15.5
      vertex 2.16216 -5.21992 15.5
    endloop
  endfacet
  facet normal -0.336886 0.941545 0
    outer loop
      vertex 1.64011 -5.40671 15.5
      vertex 2.16216 -5.21992 13.5
      vertex 1.64011 -5.40671 13.5
    endloop
  endfacet
  facet normal 0.336885 -0.941546 0
    outer loop
      vertex 1.1176 -3.68422 13.5
      vertex 1.47333 -3.55694 15.5
      vertex 1.1176 -3.68422 15.5
    endloop
  endfacet
  facet normal 0.336885 -0.941546 0
    outer loop
      vertex 1.47333 -3.55694 15.5
      vertex 1.1176 -3.68422 13.5
      vertex 1.47333 -3.55694 13.5
    endloop
  endfacet
  facet normal -0.24299 0.970029 0
    outer loop
      vertex 1.64011 -5.40671 13.5
      vertex 1.10226 -5.54144 15.5
      vertex 1.64011 -5.40671 15.5
    endloop
  endfacet
  facet normal -0.24299 0.970029 0
    outer loop
      vertex 1.10226 -5.54144 15.5
      vertex 1.64011 -5.40671 13.5
      vertex 1.10226 -5.54144 13.5
    endloop
  endfacet
  facet normal 0.24297 -0.970034 0
    outer loop
      vertex 0.751098 -3.77602 13.5
      vertex 1.1176 -3.68422 15.5
      vertex 0.751098 -3.77602 15.5
    endloop
  endfacet
  facet normal 0.24297 -0.970034 0
    outer loop
      vertex 1.1176 -3.68422 15.5
      vertex 0.751098 -3.77602 13.5
      vertex 1.1176 -3.68422 13.5
    endloop
  endfacet
  facet normal -0.146718 0.989178 0
    outer loop
      vertex 1.10226 -5.54144 13.5
      vertex 0.553797 -5.62279 15.5
      vertex 1.10226 -5.54144 15.5
    endloop
  endfacet
  facet normal -0.146718 0.989178 0
    outer loop
      vertex 0.553797 -5.62279 15.5
      vertex 1.10226 -5.54144 13.5
      vertex 0.553797 -5.62279 13.5
    endloop
  endfacet
  facet normal 0.146736 -0.989176 0
    outer loop
      vertex 0.377365 -3.83146 13.5
      vertex 0.751098 -3.77602 15.5
      vertex 0.377365 -3.83146 15.5
    endloop
  endfacet
  facet normal 0.146736 -0.989176 0
    outer loop
      vertex 0.751098 -3.77602 15.5
      vertex 0.377365 -3.83146 13.5
      vertex 0.751098 -3.77602 13.5
    endloop
  endfacet
  facet normal -0.0490743 0.998795 0
    outer loop
      vertex 0.553797 -5.62279 13.5
      vertex 0 -5.65 15.5
      vertex 0.553797 -5.62279 15.5
    endloop
  endfacet
  facet normal -0.0490743 0.998795 0
    outer loop
      vertex 0 -5.65 15.5
      vertex 0.553797 -5.62279 13.5
      vertex 0 -5.65 13.5
    endloop
  endfacet
  facet normal 0.049071 -0.998795 0
    outer loop
      vertex 0 -3.85 13.5
      vertex 0.377365 -3.83146 15.5
      vertex 0 -3.85 15.5
    endloop
  endfacet
  facet normal 0.049071 -0.998795 0
    outer loop
      vertex 0.377365 -3.83146 15.5
      vertex 0 -3.85 13.5
      vertex 0.377365 -3.83146 13.5
    endloop
  endfacet
  facet normal 0.0490743 0.998795 -0
    outer loop
      vertex 0 -5.65 13.5
      vertex -0.553797 -5.62279 15.5
      vertex 0 -5.65 15.5
    endloop
  endfacet
  facet normal 0.0490743 0.998795 0
    outer loop
      vertex -0.553797 -5.62279 15.5
      vertex 0 -5.65 13.5
      vertex -0.553797 -5.62279 13.5
    endloop
  endfacet
  facet normal -0.049071 -0.998795 0
    outer loop
      vertex -0.377365 -3.83146 13.5
      vertex 0 -3.85 15.5
      vertex -0.377365 -3.83146 15.5
    endloop
  endfacet
  facet normal -0.049071 -0.998795 -0
    outer loop
      vertex 0 -3.85 15.5
      vertex -0.377365 -3.83146 13.5
      vertex 0 -3.85 13.5
    endloop
  endfacet
  facet normal 0.146718 0.989178 -0
    outer loop
      vertex -0.553797 -5.62279 13.5
      vertex -1.10226 -5.54144 15.5
      vertex -0.553797 -5.62279 15.5
    endloop
  endfacet
  facet normal 0.146718 0.989178 0
    outer loop
      vertex -1.10226 -5.54144 15.5
      vertex -0.553797 -5.62279 13.5
      vertex -1.10226 -5.54144 13.5
    endloop
  endfacet
  facet normal -0.146736 -0.989176 0
    outer loop
      vertex -0.751098 -3.77602 13.5
      vertex -0.377365 -3.83146 15.5
      vertex -0.751098 -3.77602 15.5
    endloop
  endfacet
  facet normal -0.146736 -0.989176 -0
    outer loop
      vertex -0.377365 -3.83146 15.5
      vertex -0.751098 -3.77602 13.5
      vertex -0.377365 -3.83146 13.5
    endloop
  endfacet
  facet normal 0.24299 0.970029 -0
    outer loop
      vertex -1.10226 -5.54144 13.5
      vertex -1.64011 -5.40671 15.5
      vertex -1.10226 -5.54144 15.5
    endloop
  endfacet
  facet normal 0.24299 0.970029 0
    outer loop
      vertex -1.64011 -5.40671 15.5
      vertex -1.10226 -5.54144 13.5
      vertex -1.64011 -5.40671 13.5
    endloop
  endfacet
  facet normal -0.24297 -0.970034 0
    outer loop
      vertex -1.1176 -3.68422 13.5
      vertex -0.751098 -3.77602 15.5
      vertex -1.1176 -3.68422 15.5
    endloop
  endfacet
  facet normal -0.24297 -0.970034 -0
    outer loop
      vertex -0.751098 -3.77602 15.5
      vertex -1.1176 -3.68422 13.5
      vertex -0.751098 -3.77602 13.5
    endloop
  endfacet
  facet normal 0.336886 0.941545 -0
    outer loop
      vertex -1.64011 -5.40671 13.5
      vertex -2.16216 -5.21992 15.5
      vertex -1.64011 -5.40671 15.5
    endloop
  endfacet
  facet normal 0.336886 0.941545 0
    outer loop
      vertex -2.16216 -5.21992 15.5
      vertex -1.64011 -5.40671 13.5
      vertex -2.16216 -5.21992 13.5
    endloop
  endfacet
  facet normal -0.336885 -0.941546 0
    outer loop
      vertex -1.47333 -3.55694 13.5
      vertex -1.1176 -3.68422 15.5
      vertex -1.47333 -3.55694 15.5
    endloop
  endfacet
  facet normal -0.336885 -0.941546 -0
    outer loop
      vertex -1.1176 -3.68422 15.5
      vertex -1.47333 -3.55694 13.5
      vertex -1.1176 -3.68422 13.5
    endloop
  endfacet
  facet normal 0.427564 0.903985 -0
    outer loop
      vertex -2.16216 -5.21992 13.5
      vertex -2.66339 -4.98285 15.5
      vertex -2.16216 -5.21992 15.5
    endloop
  endfacet
  facet normal 0.427564 0.903985 0
    outer loop
      vertex -2.66339 -4.98285 15.5
      vertex -2.16216 -5.21992 13.5
      vertex -2.66339 -4.98285 13.5
    endloop
  endfacet
  facet normal -0.427553 -0.90399 0
    outer loop
      vertex -1.81488 -3.3954 13.5
      vertex -1.47333 -3.55694 15.5
      vertex -1.81488 -3.3954 15.5
    endloop
  endfacet
  facet normal -0.427553 -0.90399 -0
    outer loop
      vertex -1.47333 -3.55694 15.5
      vertex -1.81488 -3.3954 13.5
      vertex -1.47333 -3.55694 13.5
    endloop
  endfacet
  facet normal 0.514101 0.85773 -0
    outer loop
      vertex -2.66339 -4.98285 13.5
      vertex -3.13897 -4.6978 15.5
      vertex -2.66339 -4.98285 15.5
    endloop
  endfacet
  facet normal 0.514101 0.85773 0
    outer loop
      vertex -3.13897 -4.6978 15.5
      vertex -2.66339 -4.98285 13.5
      vertex -3.13897 -4.6978 13.5
    endloop
  endfacet
  facet normal -0.514114 -0.857722 0
    outer loop
      vertex -2.13894 -3.20116 13.5
      vertex -1.81488 -3.3954 15.5
      vertex -2.13894 -3.20116 15.5
    endloop
  endfacet
  facet normal -0.514114 -0.857722 -0
    outer loop
      vertex -1.81488 -3.3954 15.5
      vertex -2.13894 -3.20116 13.5
      vertex -1.81488 -3.3954 13.5
    endloop
  endfacet
  facet normal 0.595695 0.803211 -0
    outer loop
      vertex -3.13897 -4.6978 13.5
      vertex -3.58432 -4.36751 15.5
      vertex -3.13897 -4.6978 15.5
    endloop
  endfacet
  facet normal 0.595695 0.803211 0
    outer loop
      vertex -3.58432 -4.36751 15.5
      vertex -3.13897 -4.6978 13.5
      vertex -3.58432 -4.36751 13.5
    endloop
  endfacet
  facet normal -0.595702 -0.803206 0
    outer loop
      vertex -2.44241 -2.97609 13.5
      vertex -2.13894 -3.20116 15.5
      vertex -2.44241 -2.97609 15.5
    endloop
  endfacet
  facet normal -0.595702 -0.803206 -0
    outer loop
      vertex -2.13894 -3.20116 15.5
      vertex -2.44241 -2.97609 13.5
      vertex -2.13894 -3.20116 13.5
    endloop
  endfacet
  facet normal 0.671564 0.740946 -0
    outer loop
      vertex -3.58432 -4.36751 13.5
      vertex -3.99515 -3.99515 15.5
      vertex -3.58432 -4.36751 15.5
    endloop
  endfacet
  facet normal 0.671564 0.740946 0
    outer loop
      vertex -3.99515 -3.99515 15.5
      vertex -3.58432 -4.36751 13.5
      vertex -3.99515 -3.99515 13.5
    endloop
  endfacet
  facet normal -0.671556 -0.740954 0
    outer loop
      vertex -2.72236 -2.72236 13.5
      vertex -2.44241 -2.97609 15.5
      vertex -2.72236 -2.72236 15.5
    endloop
  endfacet
  facet normal -0.671556 -0.740954 -0
    outer loop
      vertex -2.44241 -2.97609 15.5
      vertex -2.72236 -2.72236 13.5
      vertex -2.44241 -2.97609 13.5
    endloop
  endfacet
  facet normal 0.740946 0.671564 5.43006e-18
    outer loop
      vertex -3.99515 -3.99515 15.5
      vertex -4.36751 -3.58432 13.5
      vertex -4.36751 -3.58432 15.5
    endloop
  endfacet
  facet normal 0.740946 0.671564 5.43006e-18
    outer loop
      vertex -4.36751 -3.58432 13.5
      vertex -3.99515 -3.99515 15.5
      vertex -3.99515 -3.99515 13.5
    endloop
  endfacet
  facet normal -0.740954 -0.671556 -1.19746e-18
    outer loop
      vertex -2.72236 -2.72236 13.5
      vertex -2.97609 -2.44241 15.5
      vertex -2.97609 -2.44241 13.5
    endloop
  endfacet
  facet normal -0.740954 -0.671556 -1.19746e-18
    outer loop
      vertex -2.97609 -2.44241 15.5
      vertex -2.72236 -2.72236 13.5
      vertex -2.72236 -2.72236 15.5
    endloop
  endfacet
  facet normal 0.803211 0.595695 7.00863e-18
    outer loop
      vertex -4.36751 -3.58432 15.5
      vertex -4.6978 -3.13897 13.5
      vertex -4.6978 -3.13897 15.5
    endloop
  endfacet
  facet normal 0.803211 0.595695 7.00863e-18
    outer loop
      vertex -4.6978 -3.13897 13.5
      vertex -4.36751 -3.58432 15.5
      vertex -4.36751 -3.58432 13.5
    endloop
  endfacet
  facet normal -0.803206 -0.595702 -8.25079e-18
    outer loop
      vertex -2.97609 -2.44241 13.5
      vertex -3.20116 -2.13894 15.5
      vertex -3.20116 -2.13894 13.5
    endloop
  endfacet
  facet normal -0.803206 -0.595702 -8.25079e-18
    outer loop
      vertex -3.20116 -2.13894 15.5
      vertex -2.97609 -2.44241 13.5
      vertex -2.97609 -2.44241 15.5
    endloop
  endfacet
  facet normal 0.85773 0.514101 -4.56269e-18
    outer loop
      vertex -4.6978 -3.13897 15.5
      vertex -4.98285 -2.66339 13.5
      vertex -4.98285 -2.66339 15.5
    endloop
  endfacet
  facet normal 0.85773 0.514101 -4.56269e-18
    outer loop
      vertex -4.98285 -2.66339 13.5
      vertex -4.6978 -3.13897 15.5
      vertex -4.6978 -3.13897 13.5
    endloop
  endfacet
  facet normal -0.857722 -0.514114 3.85346e-18
    outer loop
      vertex -3.20116 -2.13894 13.5
      vertex -3.3954 -1.81488 15.5
      vertex -3.3954 -1.81488 13.5
    endloop
  endfacet
  facet normal -0.857722 -0.514114 3.85346e-18
    outer loop
      vertex -3.3954 -1.81488 15.5
      vertex -3.20116 -2.13894 13.5
      vertex -3.20116 -2.13894 15.5
    endloop
  endfacet
  facet normal 0.903985 0.427564 -1.85242e-18
    outer loop
      vertex -4.98285 -2.66339 15.5
      vertex -5.21992 -2.16216 13.5
      vertex -5.21992 -2.16216 15.5
    endloop
  endfacet
  facet normal 0.903985 0.427564 -1.85242e-18
    outer loop
      vertex -5.21992 -2.16216 13.5
      vertex -4.98285 -2.66339 15.5
      vertex -4.98285 -2.66339 13.5
    endloop
  endfacet
  facet normal -0.90399 -0.427553 -1.83138e-18
    outer loop
      vertex -3.3954 -1.81488 13.5
      vertex -3.55694 -1.47333 15.5
      vertex -3.55694 -1.47333 13.5
    endloop
  endfacet
  facet normal -0.90399 -0.427553 -1.83138e-18
    outer loop
      vertex -3.55694 -1.47333 15.5
      vertex -3.3954 -1.81488 13.5
      vertex -3.3954 -1.81488 15.5
    endloop
  endfacet
  facet normal 0.941545 0.336886 5.20608e-18
    outer loop
      vertex -5.21992 -2.16216 15.5
      vertex -5.40671 -1.64011 13.5
      vertex -5.40671 -1.64011 15.5
    endloop
  endfacet
  facet normal 0.941545 0.336886 5.20608e-18
    outer loop
      vertex -5.40671 -1.64011 13.5
      vertex -5.21992 -2.16216 15.5
      vertex -5.21992 -2.16216 13.5
    endloop
  endfacet
  facet normal -0.941546 -0.336885 8.1866e-19
    outer loop
      vertex -3.55694 -1.47333 13.5
      vertex -3.68422 -1.1176 15.5
      vertex -3.68422 -1.1176 13.5
    endloop
  endfacet
  facet normal -0.941546 -0.336885 8.1866e-19
    outer loop
      vertex -3.68422 -1.1176 15.5
      vertex -3.55694 -1.47333 13.5
      vertex -3.55694 -1.47333 15.5
    endloop
  endfacet
  facet normal 0.970029 0.24299 -3.81199e-18
    outer loop
      vertex -5.40671 -1.64011 15.5
      vertex -5.54144 -1.10226 13.5
      vertex -5.54144 -1.10226 15.5
    endloop
  endfacet
  facet normal 0.970029 0.24299 -3.81199e-18
    outer loop
      vertex -5.54144 -1.10226 13.5
      vertex -5.40671 -1.64011 15.5
      vertex -5.40671 -1.64011 13.5
    endloop
  endfacet
  facet normal -0.970034 -0.24297 2.56242e-18
    outer loop
      vertex -3.68422 -1.1176 13.5
      vertex -3.77602 -0.751098 15.5
      vertex -3.77602 -0.751098 13.5
    endloop
  endfacet
  facet normal -0.970034 -0.24297 2.56242e-18
    outer loop
      vertex -3.77602 -0.751098 15.5
      vertex -3.68422 -1.1176 13.5
      vertex -3.68422 -1.1176 15.5
    endloop
  endfacet
  facet normal 0.989178 0.146718 -1.59984e-18
    outer loop
      vertex -5.54144 -1.10226 15.5
      vertex -5.62279 -0.553797 13.5
      vertex -5.62279 -0.553797 15.5
    endloop
  endfacet
  facet normal 0.989178 0.146718 -1.59984e-18
    outer loop
      vertex -5.62279 -0.553797 13.5
      vertex -5.54144 -1.10226 15.5
      vertex -5.54144 -1.10226 13.5
    endloop
  endfacet
  facet normal -0.989176 -0.146736 2.14571e-18
    outer loop
      vertex -3.77602 -0.751098 13.5
      vertex -3.83146 -0.377365 15.5
      vertex -3.83146 -0.377365 13.5
    endloop
  endfacet
  facet normal -0.989176 -0.146736 2.14571e-18
    outer loop
      vertex -3.83146 -0.377365 15.5
      vertex -3.77602 -0.751098 13.5
      vertex -3.77602 -0.751098 15.5
    endloop
  endfacet
  facet normal 0.998795 0.0490743 3.30549e-19
    outer loop
      vertex -5.62279 -0.553797 15.5
      vertex -5.65 0 13.5
      vertex -5.65 0 15.5
    endloop
  endfacet
  facet normal 0.998795 0.0490743 3.30549e-19
    outer loop
      vertex -5.65 0 13.5
      vertex -5.62279 -0.553797 15.5
      vertex -5.62279 -0.553797 13.5
    endloop
  endfacet
  facet normal -0.998795 -0.049071 4.40822e-19
    outer loop
      vertex -3.83146 -0.377365 13.5
      vertex -3.85 0 15.5
      vertex -3.85 0 13.5
    endloop
  endfacet
  facet normal -0.998795 -0.049071 4.40822e-19
    outer loop
      vertex -3.85 0 15.5
      vertex -3.83146 -0.377365 13.5
      vertex -3.83146 -0.377365 15.5
    endloop
  endfacet
  facet normal -0.989181 -0.146703 1.89789e-19
    outer loop
      vertex 2.98555 0.294051 12
      vertex 2.94236 0.585271 15.5
      vertex 2.94236 0.585271 12
    endloop
  endfacet
  facet normal -0.989181 -0.146703 1.89789e-19
    outer loop
      vertex 2.94236 0.585271 15.5
      vertex 2.98555 0.294051 12
      vertex 2.98555 0.294051 15.5
    endloop
  endfacet
  facet normal -0.998795 -0.0490819 -1.59769e-19
    outer loop
      vertex 3 0 12
      vertex 2.98555 0.294051 15.5
      vertex 2.98555 0.294051 12
    endloop
  endfacet
  facet normal -0.998795 -0.0490819 -1.59769e-19
    outer loop
      vertex 2.98555 0.294051 15.5
      vertex 3 0 12
      vertex 3 0 15.5
    endloop
  endfacet
  facet normal -0.970027 -0.242998 -5.27604e-19
    outer loop
      vertex 2.94236 0.585271 12
      vertex 2.87082 0.870853 15.5
      vertex 2.87082 0.870853 12
    endloop
  endfacet
  facet normal -0.970027 -0.242998 -5.27604e-19
    outer loop
      vertex 2.87082 0.870853 15.5
      vertex 2.94236 0.585271 12
      vertex 2.94236 0.585271 15.5
    endloop
  endfacet
  facet normal -0.336882 0.941547 0
    outer loop
      vertex 1.14805 -2.77164 12
      vertex 0.870853 -2.87082 15.5
      vertex 1.14805 -2.77164 15.5
    endloop
  endfacet
  facet normal -0.336882 0.941547 0
    outer loop
      vertex 0.870853 -2.87082 15.5
      vertex 1.14805 -2.77164 12
      vertex 0.870853 -2.87082 12
    endloop
  endfacet
  facet normal -0.857736 -0.514091 3.03743e-18
    outer loop
      vertex 2.64576 1.41419 12
      vertex 2.49441 1.66671 15.5
      vertex 2.49441 1.66671 12
    endloop
  endfacet
  facet normal -0.857736 -0.514091 3.03743e-18
    outer loop
      vertex 2.49441 1.66671 15.5
      vertex 2.64576 1.41419 12
      vertex 2.64576 1.41419 15.5
    endloop
  endfacet
  facet normal -0.941547 -0.336882 -3.63566e-19
    outer loop
      vertex 2.87082 0.870853 12
      vertex 2.77164 1.14805 15.5
      vertex 2.77164 1.14805 12
    endloop
  endfacet
  facet normal -0.941547 -0.336882 -3.63566e-19
    outer loop
      vertex 2.77164 1.14805 15.5
      vertex 2.87082 0.870853 12
      vertex 2.87082 0.870853 15.5
    endloop
  endfacet
  facet normal -0.242998 -0.970027 0
    outer loop
      vertex 0.585271 2.94236 12
      vertex 0.870853 2.87082 15.5
      vertex 0.585271 2.94236 15.5
    endloop
  endfacet
  facet normal -0.242998 -0.970027 -0
    outer loop
      vertex 0.870853 2.87082 15.5
      vertex 0.585271 2.94236 12
      vertex 0.870853 2.87082 12
    endloop
  endfacet
  facet normal 0.740952 -0.671558 2.77468e-18
    outer loop
      vertex -2.31903 1.90318 15.5
      vertex -2.12132 2.12132 12
      vertex -2.12132 2.12132 15.5
    endloop
  endfacet
  facet normal 0.740952 -0.671558 2.77468e-18
    outer loop
      vertex -2.12132 2.12132 12
      vertex -2.31903 1.90318 15.5
      vertex -2.31903 1.90318 12
    endloop
  endfacet
  facet normal -0.0490819 0.998795 0
    outer loop
      vertex 0.294051 -2.98555 12
      vertex 0 -3 15.5
      vertex 0.294051 -2.98555 15.5
    endloop
  endfacet
  facet normal -0.0490819 0.998795 0
    outer loop
      vertex 0 -3 15.5
      vertex 0.294051 -2.98555 12
      vertex 0 -3 12
    endloop
  endfacet
  facet normal -0.427569 -0.903983 0
    outer loop
      vertex 1.14805 2.77164 12
      vertex 1.41419 2.64576 15.5
      vertex 1.14805 2.77164 15.5
    endloop
  endfacet
  facet normal -0.427569 -0.903983 -0
    outer loop
      vertex 1.41419 2.64576 15.5
      vertex 1.14805 2.77164 12
      vertex 1.41419 2.64576 12
    endloop
  endfacet
  facet normal -0.671558 -0.740952 0
    outer loop
      vertex 1.90318 2.31903 12
      vertex 2.12132 2.12132 15.5
      vertex 1.90318 2.31903 15.5
    endloop
  endfacet
  facet normal -0.671558 -0.740952 -0
    outer loop
      vertex 2.12132 2.12132 15.5
      vertex 1.90318 2.31903 12
      vertex 2.12132 2.12132 12
    endloop
  endfacet
  facet normal 0.595703 0.803204 -0
    outer loop
      vertex -1.66671 -2.49441 12
      vertex -1.90318 -2.31903 15.5
      vertex -1.66671 -2.49441 15.5
    endloop
  endfacet
  facet normal 0.595703 0.803204 0
    outer loop
      vertex -1.90318 -2.31903 15.5
      vertex -1.66671 -2.49441 12
      vertex -1.90318 -2.31903 12
    endloop
  endfacet
  facet normal -0.242998 0.970027 0
    outer loop
      vertex 0.870853 -2.87082 12
      vertex 0.585271 -2.94236 15.5
      vertex 0.870853 -2.87082 15.5
    endloop
  endfacet
  facet normal -0.242998 0.970027 0
    outer loop
      vertex 0.585271 -2.94236 15.5
      vertex 0.870853 -2.87082 12
      vertex 0.585271 -2.94236 12
    endloop
  endfacet
  facet normal -0.989181 0.146703 -1.89789e-19
    outer loop
      vertex 2.94236 -0.585271 12
      vertex 2.98555 -0.294051 15.5
      vertex 2.98555 -0.294051 12
    endloop
  endfacet
  facet normal -0.989181 0.146703 -1.89789e-19
    outer loop
      vertex 2.98555 -0.294051 15.5
      vertex 2.94236 -0.585271 12
      vertex 2.94236 -0.585271 15.5
    endloop
  endfacet
  facet normal -0.514091 0.857736 0
    outer loop
      vertex 1.66671 -2.49441 12
      vertex 1.41419 -2.64576 15.5
      vertex 1.66671 -2.49441 15.5
    endloop
  endfacet
  facet normal -0.514091 0.857736 0
    outer loop
      vertex 1.41419 -2.64576 15.5
      vertex 1.66671 -2.49441 12
      vertex 1.41419 -2.64576 12
    endloop
  endfacet
  facet normal 0.242998 0.970027 -0
    outer loop
      vertex -0.585271 -2.94236 12
      vertex -0.870853 -2.87082 15.5
      vertex -0.585271 -2.94236 15.5
    endloop
  endfacet
  facet normal 0.242998 0.970027 0
    outer loop
      vertex -0.870853 -2.87082 15.5
      vertex -0.585271 -2.94236 12
      vertex -0.870853 -2.87082 12
    endloop
  endfacet
  facet normal 0.595703 -0.803204 0
    outer loop
      vertex -1.90318 2.31903 12
      vertex -1.66671 2.49441 15.5
      vertex -1.90318 2.31903 15.5
    endloop
  endfacet
  facet normal 0.595703 -0.803204 0
    outer loop
      vertex -1.66671 2.49441 15.5
      vertex -1.90318 2.31903 12
      vertex -1.66671 2.49441 12
    endloop
  endfacet
  facet normal 0.998795 0.0490819 -1.59769e-19
    outer loop
      vertex -2.98555 -0.294051 15.5
      vertex -3 0 12
      vertex -3 0 15.5
    endloop
  endfacet
  facet normal 0.998795 0.0490819 -1.59769e-19
    outer loop
      vertex -3 0 12
      vertex -2.98555 -0.294051 15.5
      vertex -2.98555 -0.294051 12
    endloop
  endfacet
  facet normal 0.970027 0.242998 -5.27604e-19
    outer loop
      vertex -2.87082 -0.870853 15.5
      vertex -2.94236 -0.585271 12
      vertex -2.94236 -0.585271 15.5
    endloop
  endfacet
  facet normal 0.970027 0.242998 -5.27604e-19
    outer loop
      vertex -2.94236 -0.585271 12
      vertex -2.87082 -0.870853 15.5
      vertex -2.87082 -0.870853 12
    endloop
  endfacet
  facet normal -0.970027 0.242998 5.27604e-19
    outer loop
      vertex 2.87082 -0.870853 12
      vertex 2.94236 -0.585271 15.5
      vertex 2.94236 -0.585271 12
    endloop
  endfacet
  facet normal -0.970027 0.242998 5.27604e-19
    outer loop
      vertex 2.94236 -0.585271 15.5
      vertex 2.87082 -0.870853 12
      vertex 2.87082 -0.870853 15.5
    endloop
  endfacet
  facet normal 0.514091 -0.857736 0
    outer loop
      vertex -1.66671 2.49441 12
      vertex -1.41419 2.64576 15.5
      vertex -1.66671 2.49441 15.5
    endloop
  endfacet
  facet normal 0.514091 -0.857736 0
    outer loop
      vertex -1.41419 2.64576 15.5
      vertex -1.66671 2.49441 12
      vertex -1.41419 2.64576 12
    endloop
  endfacet
  facet normal -0.595703 -0.803204 0
    outer loop
      vertex 1.66671 2.49441 12
      vertex 1.90318 2.31903 15.5
      vertex 1.66671 2.49441 15.5
    endloop
  endfacet
  facet normal -0.595703 -0.803204 -0
    outer loop
      vertex 1.90318 2.31903 15.5
      vertex 1.66671 2.49441 12
      vertex 1.90318 2.31903 12
    endloop
  endfacet
  facet normal 0.903983 0.427569 1.16102e-19
    outer loop
      vertex -2.64576 -1.41419 15.5
      vertex -2.77164 -1.14805 12
      vertex -2.77164 -1.14805 15.5
    endloop
  endfacet
  facet normal 0.903983 0.427569 1.16102e-19
    outer loop
      vertex -2.77164 -1.14805 12
      vertex -2.64576 -1.41419 15.5
      vertex -2.64576 -1.41419 12
    endloop
  endfacet
  facet normal -0.941547 0.336882 3.63566e-19
    outer loop
      vertex 2.77164 -1.14805 12
      vertex 2.87082 -0.870853 15.5
      vertex 2.87082 -0.870853 12
    endloop
  endfacet
  facet normal -0.941547 0.336882 3.63566e-19
    outer loop
      vertex 2.87082 -0.870853 15.5
      vertex 2.77164 -1.14805 12
      vertex 2.77164 -1.14805 15.5
    endloop
  endfacet
  facet normal -0.146703 -0.989181 0
    outer loop
      vertex 0.294051 2.98555 12
      vertex 0.585271 2.94236 15.5
      vertex 0.294051 2.98555 15.5
    endloop
  endfacet
  facet normal -0.146703 -0.989181 -0
    outer loop
      vertex 0.585271 2.94236 15.5
      vertex 0.294051 2.98555 12
      vertex 0.585271 2.94236 12
    endloop
  endfacet
  facet normal 0.427569 -0.903983 0
    outer loop
      vertex -1.41419 2.64576 12
      vertex -1.14805 2.77164 15.5
      vertex -1.41419 2.64576 15.5
    endloop
  endfacet
  facet normal 0.427569 -0.903983 0
    outer loop
      vertex -1.14805 2.77164 15.5
      vertex -1.41419 2.64576 12
      vertex -1.14805 2.77164 12
    endloop
  endfacet
  facet normal -0.514091 -0.857736 0
    outer loop
      vertex 1.41419 2.64576 12
      vertex 1.66671 2.49441 15.5
      vertex 1.41419 2.64576 15.5
    endloop
  endfacet
  facet normal -0.514091 -0.857736 -0
    outer loop
      vertex 1.66671 2.49441 15.5
      vertex 1.41419 2.64576 12
      vertex 1.66671 2.49441 12
    endloop
  endfacet
  facet normal -0.427569 0.903983 0
    outer loop
      vertex 1.41419 -2.64576 12
      vertex 1.14805 -2.77164 15.5
      vertex 1.41419 -2.64576 15.5
    endloop
  endfacet
  facet normal -0.427569 0.903983 0
    outer loop
      vertex 1.14805 -2.77164 15.5
      vertex 1.41419 -2.64576 12
      vertex 1.14805 -2.77164 12
    endloop
  endfacet
  facet normal 0.941547 0.336882 -3.63566e-19
    outer loop
      vertex -2.77164 -1.14805 15.5
      vertex -2.87082 -0.870853 12
      vertex -2.87082 -0.870853 15.5
    endloop
  endfacet
  facet normal 0.941547 0.336882 -3.63566e-19
    outer loop
      vertex -2.87082 -0.870853 12
      vertex -2.77164 -1.14805 15.5
      vertex -2.77164 -1.14805 12
    endloop
  endfacet
  facet normal -0.857736 0.514091 -3.03743e-18
    outer loop
      vertex 2.49441 -1.66671 12
      vertex 2.64576 -1.41419 15.5
      vertex 2.64576 -1.41419 12
    endloop
  endfacet
  facet normal -0.857736 0.514091 -3.03743e-18
    outer loop
      vertex 2.64576 -1.41419 15.5
      vertex 2.49441 -1.66671 12
      vertex 2.49441 -1.66671 15.5
    endloop
  endfacet
  facet normal -0.903983 0.427569 -1.16102e-19
    outer loop
      vertex 2.64576 -1.41419 12
      vertex 2.77164 -1.14805 15.5
      vertex 2.77164 -1.14805 12
    endloop
  endfacet
  facet normal -0.903983 0.427569 -1.16102e-19
    outer loop
      vertex 2.77164 -1.14805 15.5
      vertex 2.64576 -1.41419 12
      vertex 2.64576 -1.41419 15.5
    endloop
  endfacet
  facet normal -0.998795 0.0490819 1.59769e-19
    outer loop
      vertex 2.98555 -0.294051 12
      vertex 3 0 15.5
      vertex 3 0 12
    endloop
  endfacet
  facet normal -0.998795 0.0490819 1.59769e-19
    outer loop
      vertex 3 0 15.5
      vertex 2.98555 -0.294051 12
      vertex 2.98555 -0.294051 15.5
    endloop
  endfacet
  facet normal 0.146703 -0.989181 0
    outer loop
      vertex -0.585271 2.94236 12
      vertex -0.294051 2.98555 15.5
      vertex -0.585271 2.94236 15.5
    endloop
  endfacet
  facet normal 0.146703 -0.989181 0
    outer loop
      vertex -0.294051 2.98555 15.5
      vertex -0.585271 2.94236 12
      vertex -0.294051 2.98555 12
    endloop
  endfacet
  facet normal -0.146703 0.989181 0
    outer loop
      vertex 0.585271 -2.94236 12
      vertex 0.294051 -2.98555 15.5
      vertex 0.585271 -2.94236 15.5
    endloop
  endfacet
  facet normal -0.146703 0.989181 0
    outer loop
      vertex 0.294051 -2.98555 15.5
      vertex 0.585271 -2.94236 12
      vertex 0.294051 -2.98555 12
    endloop
  endfacet
  facet normal -0.740952 0.671558 2.77468e-18
    outer loop
      vertex 2.12132 -2.12132 12
      vertex 2.31903 -1.90318 15.5
      vertex 2.31903 -1.90318 12
    endloop
  endfacet
  facet normal -0.740952 0.671558 2.77468e-18
    outer loop
      vertex 2.31903 -1.90318 15.5
      vertex 2.12132 -2.12132 12
      vertex 2.12132 -2.12132 15.5
    endloop
  endfacet
  facet normal -0.803204 0.595703 1.96786e-18
    outer loop
      vertex 2.31903 -1.90318 12
      vertex 2.49441 -1.66671 15.5
      vertex 2.49441 -1.66671 12
    endloop
  endfacet
  facet normal -0.803204 0.595703 1.96786e-18
    outer loop
      vertex 2.49441 -1.66671 15.5
      vertex 2.31903 -1.90318 12
      vertex 2.31903 -1.90318 15.5
    endloop
  endfacet
  facet normal 0.242998 -0.970027 0
    outer loop
      vertex -0.870853 2.87082 12
      vertex -0.585271 2.94236 15.5
      vertex -0.870853 2.87082 15.5
    endloop
  endfacet
  facet normal 0.242998 -0.970027 0
    outer loop
      vertex -0.585271 2.94236 15.5
      vertex -0.870853 2.87082 12
      vertex -0.585271 2.94236 12
    endloop
  endfacet
  facet normal -0.803204 -0.595703 -1.96786e-18
    outer loop
      vertex 2.49441 1.66671 12
      vertex 2.31903 1.90318 15.5
      vertex 2.31903 1.90318 12
    endloop
  endfacet
  facet normal -0.803204 -0.595703 -1.96786e-18
    outer loop
      vertex 2.31903 1.90318 15.5
      vertex 2.49441 1.66671 12
      vertex 2.49441 1.66671 15.5
    endloop
  endfacet
  facet normal -0.0490819 -0.998795 0
    outer loop
      vertex 0 3 12
      vertex 0.294051 2.98555 15.5
      vertex 0 3 15.5
    endloop
  endfacet
  facet normal -0.0490819 -0.998795 -0
    outer loop
      vertex 0.294051 2.98555 15.5
      vertex 0 3 12
      vertex 0.294051 2.98555 12
    endloop
  endfacet
  facet normal -0.903983 -0.427569 1.16102e-19
    outer loop
      vertex 2.77164 1.14805 12
      vertex 2.64576 1.41419 15.5
      vertex 2.64576 1.41419 12
    endloop
  endfacet
  facet normal -0.903983 -0.427569 1.16102e-19
    outer loop
      vertex 2.64576 1.41419 15.5
      vertex 2.77164 1.14805 12
      vertex 2.77164 1.14805 15.5
    endloop
  endfacet
  facet normal 0.857736 -0.514091 -3.03743e-18
    outer loop
      vertex -2.64576 1.41419 15.5
      vertex -2.49441 1.66671 12
      vertex -2.49441 1.66671 15.5
    endloop
  endfacet
  facet normal 0.857736 -0.514091 -3.03743e-18
    outer loop
      vertex -2.49441 1.66671 12
      vertex -2.64576 1.41419 15.5
      vertex -2.64576 1.41419 12
    endloop
  endfacet
  facet normal 0.671558 -0.740952 0
    outer loop
      vertex -2.12132 2.12132 12
      vertex -1.90318 2.31903 15.5
      vertex -2.12132 2.12132 15.5
    endloop
  endfacet
  facet normal 0.671558 -0.740952 0
    outer loop
      vertex -1.90318 2.31903 15.5
      vertex -2.12132 2.12132 12
      vertex -1.90318 2.31903 12
    endloop
  endfacet
  facet normal 0.857736 0.514091 3.03743e-18
    outer loop
      vertex -2.49441 -1.66671 15.5
      vertex -2.64576 -1.41419 12
      vertex -2.64576 -1.41419 15.5
    endloop
  endfacet
  facet normal 0.857736 0.514091 3.03743e-18
    outer loop
      vertex -2.64576 -1.41419 12
      vertex -2.49441 -1.66671 15.5
      vertex -2.49441 -1.66671 12
    endloop
  endfacet
  facet normal 0.427569 0.903983 -0
    outer loop
      vertex -1.14805 -2.77164 12
      vertex -1.41419 -2.64576 15.5
      vertex -1.14805 -2.77164 15.5
    endloop
  endfacet
  facet normal 0.427569 0.903983 0
    outer loop
      vertex -1.41419 -2.64576 15.5
      vertex -1.14805 -2.77164 12
      vertex -1.41419 -2.64576 12
    endloop
  endfacet
  facet normal 0.740952 0.671558 -2.77468e-18
    outer loop
      vertex -2.12132 -2.12132 15.5
      vertex -2.31903 -1.90318 12
      vertex -2.31903 -1.90318 15.5
    endloop
  endfacet
  facet normal 0.740952 0.671558 -2.77468e-18
    outer loop
      vertex -2.31903 -1.90318 12
      vertex -2.12132 -2.12132 15.5
      vertex -2.12132 -2.12132 12
    endloop
  endfacet
  facet normal 0.336882 -0.941547 0
    outer loop
      vertex -1.14805 2.77164 12
      vertex -0.870853 2.87082 15.5
      vertex -1.14805 2.77164 15.5
    endloop
  endfacet
  facet normal 0.336882 -0.941547 0
    outer loop
      vertex -0.870853 2.87082 15.5
      vertex -1.14805 2.77164 12
      vertex -0.870853 2.87082 12
    endloop
  endfacet
  facet normal 0.514091 0.857736 -0
    outer loop
      vertex -1.41419 -2.64576 12
      vertex -1.66671 -2.49441 15.5
      vertex -1.41419 -2.64576 15.5
    endloop
  endfacet
  facet normal 0.514091 0.857736 0
    outer loop
      vertex -1.66671 -2.49441 15.5
      vertex -1.41419 -2.64576 12
      vertex -1.66671 -2.49441 12
    endloop
  endfacet
  facet normal -0.740952 -0.671558 -2.77468e-18
    outer loop
      vertex 2.31903 1.90318 12
      vertex 2.12132 2.12132 15.5
      vertex 2.12132 2.12132 12
    endloop
  endfacet
  facet normal -0.740952 -0.671558 -2.77468e-18
    outer loop
      vertex 2.12132 2.12132 15.5
      vertex 2.31903 1.90318 12
      vertex 2.31903 1.90318 15.5
    endloop
  endfacet
  facet normal -0.595703 0.803204 0
    outer loop
      vertex 1.90318 -2.31903 12
      vertex 1.66671 -2.49441 15.5
      vertex 1.90318 -2.31903 15.5
    endloop
  endfacet
  facet normal -0.595703 0.803204 0
    outer loop
      vertex 1.66671 -2.49441 15.5
      vertex 1.90318 -2.31903 12
      vertex 1.66671 -2.49441 12
    endloop
  endfacet
  facet normal 0.0490819 -0.998795 0
    outer loop
      vertex -0.294051 2.98555 12
      vertex 0 3 15.5
      vertex -0.294051 2.98555 15.5
    endloop
  endfacet
  facet normal 0.0490819 -0.998795 0
    outer loop
      vertex 0 3 15.5
      vertex -0.294051 2.98555 12
      vertex 0 3 12
    endloop
  endfacet
  facet normal 0.941547 -0.336882 3.63566e-19
    outer loop
      vertex -2.87082 0.870853 15.5
      vertex -2.77164 1.14805 12
      vertex -2.77164 1.14805 15.5
    endloop
  endfacet
  facet normal 0.941547 -0.336882 3.63566e-19
    outer loop
      vertex -2.77164 1.14805 12
      vertex -2.87082 0.870853 15.5
      vertex -2.87082 0.870853 12
    endloop
  endfacet
  facet normal 0.989181 0.146703 1.89789e-19
    outer loop
      vertex -2.94236 -0.585271 15.5
      vertex -2.98555 -0.294051 12
      vertex -2.98555 -0.294051 15.5
    endloop
  endfacet
  facet normal 0.989181 0.146703 1.89789e-19
    outer loop
      vertex -2.98555 -0.294051 12
      vertex -2.94236 -0.585271 15.5
      vertex -2.94236 -0.585271 12
    endloop
  endfacet
  facet normal -0.336882 -0.941547 0
    outer loop
      vertex 0.870853 2.87082 12
      vertex 1.14805 2.77164 15.5
      vertex 0.870853 2.87082 15.5
    endloop
  endfacet
  facet normal -0.336882 -0.941547 -0
    outer loop
      vertex 1.14805 2.77164 15.5
      vertex 0.870853 2.87082 12
      vertex 1.14805 2.77164 12
    endloop
  endfacet
  facet normal 0.803204 0.595703 -1.96786e-18
    outer loop
      vertex -2.31903 -1.90318 15.5
      vertex -2.49441 -1.66671 12
      vertex -2.49441 -1.66671 15.5
    endloop
  endfacet
  facet normal 0.803204 0.595703 -1.96786e-18
    outer loop
      vertex -2.49441 -1.66671 12
      vertex -2.31903 -1.90318 15.5
      vertex -2.31903 -1.90318 12
    endloop
  endfacet
  facet normal 0.970027 -0.242998 5.27604e-19
    outer loop
      vertex -2.94236 0.585271 15.5
      vertex -2.87082 0.870853 12
      vertex -2.87082 0.870853 15.5
    endloop
  endfacet
  facet normal 0.970027 -0.242998 5.27604e-19
    outer loop
      vertex -2.87082 0.870853 12
      vertex -2.94236 0.585271 15.5
      vertex -2.94236 0.585271 12
    endloop
  endfacet
  facet normal 0.903983 -0.427569 -1.16102e-19
    outer loop
      vertex -2.77164 1.14805 15.5
      vertex -2.64576 1.41419 12
      vertex -2.64576 1.41419 15.5
    endloop
  endfacet
  facet normal 0.903983 -0.427569 -1.16102e-19
    outer loop
      vertex -2.64576 1.41419 12
      vertex -2.77164 1.14805 15.5
      vertex -2.77164 1.14805 12
    endloop
  endfacet
  facet normal 0.671558 0.740952 -0
    outer loop
      vertex -1.90318 -2.31903 12
      vertex -2.12132 -2.12132 15.5
      vertex -1.90318 -2.31903 15.5
    endloop
  endfacet
  facet normal 0.671558 0.740952 0
    outer loop
      vertex -2.12132 -2.12132 15.5
      vertex -1.90318 -2.31903 12
      vertex -2.12132 -2.12132 12
    endloop
  endfacet
  facet normal 0.803204 -0.595703 1.96786e-18
    outer loop
      vertex -2.49441 1.66671 15.5
      vertex -2.31903 1.90318 12
      vertex -2.31903 1.90318 15.5
    endloop
  endfacet
  facet normal 0.803204 -0.595703 1.96786e-18
    outer loop
      vertex -2.31903 1.90318 12
      vertex -2.49441 1.66671 15.5
      vertex -2.49441 1.66671 12
    endloop
  endfacet
  facet normal 0.0490819 0.998795 -0
    outer loop
      vertex 0 -3 12
      vertex -0.294051 -2.98555 15.5
      vertex 0 -3 15.5
    endloop
  endfacet
  facet normal 0.0490819 0.998795 0
    outer loop
      vertex -0.294051 -2.98555 15.5
      vertex 0 -3 12
      vertex -0.294051 -2.98555 12
    endloop
  endfacet
  facet normal 0.146703 0.989181 -0
    outer loop
      vertex -0.294051 -2.98555 12
      vertex -0.585271 -2.94236 15.5
      vertex -0.294051 -2.98555 15.5
    endloop
  endfacet
  facet normal 0.146703 0.989181 0
    outer loop
      vertex -0.585271 -2.94236 15.5
      vertex -0.294051 -2.98555 12
      vertex -0.585271 -2.94236 12
    endloop
  endfacet
  facet normal 0.989181 -0.146703 -1.89789e-19
    outer loop
      vertex -2.98555 0.294051 15.5
      vertex -2.94236 0.585271 12
      vertex -2.94236 0.585271 15.5
    endloop
  endfacet
  facet normal 0.989181 -0.146703 -1.89789e-19
    outer loop
      vertex -2.94236 0.585271 12
      vertex -2.98555 0.294051 15.5
      vertex -2.98555 0.294051 12
    endloop
  endfacet
  facet normal 0.998795 -0.0490819 1.59769e-19
    outer loop
      vertex -3 0 15.5
      vertex -2.98555 0.294051 12
      vertex -2.98555 0.294051 15.5
    endloop
  endfacet
  facet normal 0.998795 -0.0490819 1.59769e-19
    outer loop
      vertex -2.98555 0.294051 12
      vertex -3 0 15.5
      vertex -3 0 12
    endloop
  endfacet
  facet normal 0.336882 0.941547 -0
    outer loop
      vertex -0.870853 -2.87082 12
      vertex -1.14805 -2.77164 15.5
      vertex -0.870853 -2.87082 15.5
    endloop
  endfacet
  facet normal 0.336882 0.941547 0
    outer loop
      vertex -1.14805 -2.77164 15.5
      vertex -0.870853 -2.87082 12
      vertex -1.14805 -2.77164 12
    endloop
  endfacet
  facet normal -0.671558 0.740952 0
    outer loop
      vertex 2.12132 -2.12132 12
      vertex 1.90318 -2.31903 15.5
      vertex 2.12132 -2.12132 15.5
    endloop
  endfacet
  facet normal -0.671558 0.740952 0
    outer loop
      vertex 1.90318 -2.31903 15.5
      vertex 2.12132 -2.12132 12
      vertex 1.90318 -2.31903 12
    endloop
  endfacet
  facet normal -0.671545 0.740964 0
    outer loop
      vertex 2.82843 -2.82843 5
      vertex 2.53757 -3.09204 12
      vertex 2.82843 -2.82843 12
    endloop
  endfacet
  facet normal -0.671545 0.740964 0
    outer loop
      vertex 2.53757 -3.09204 12
      vertex 2.82843 -2.82843 5
      vertex 2.53757 -3.09204 5
    endloop
  endfacet
  facet normal 0.427563 0.903986 -0
    outer loop
      vertex -1.53073 -3.69552 5
      vertex -1.88559 -3.52768 12
      vertex -1.53073 -3.69552 12
    endloop
  endfacet
  facet normal 0.427563 0.903986 0
    outer loop
      vertex -1.88559 -3.52768 12
      vertex -1.53073 -3.69552 5
      vertex -1.88559 -3.52768 5
    endloop
  endfacet
  facet normal -0.989171 -0.146769 0
    outer loop
      vertex 3.92314 0.780361 5
      vertex 3.93956 0.669696 6.88321
      vertex 3.92314 0.780361 6.93555
    endloop
  endfacet
  facet normal -0.989181 -0.146698 4.24562e-06
    outer loop
      vertex 3.92314 0.780361 5
      vertex 3.96354 0.507998 6.82535
      vertex 3.93956 0.669696 6.88321
    endloop
  endfacet
  facet normal -0.989176 -0.146736 -0
    outer loop
      vertex 3.98074 0.392068 6.79632
      vertex 3.92314 0.780361 5
      vertex 3.98074 0.392068 5
    endloop
  endfacet
  facet normal -0.989172 -0.146758 -4.82871e-06
    outer loop
      vertex 3.92314 0.780361 5
      vertex 3.98074 0.392068 6.79632
      vertex 3.96354 0.507998 6.82535
    endloop
  endfacet
  facet normal -0.989171 -0.146769 1.41616e-19
    outer loop
      vertex 3.93956 0.669696 10.1168
      vertex 3.92314 0.780361 12
      vertex 3.92314 0.780361 10.0644
    endloop
  endfacet
  facet normal -0.989181 -0.146698 -4.24573e-06
    outer loop
      vertex 3.96354 0.507998 10.1746
      vertex 3.92314 0.780361 12
      vertex 3.93956 0.669696 10.1168
    endloop
  endfacet
  facet normal -0.989172 -0.146758 4.82817e-06
    outer loop
      vertex 3.98074 0.392068 10.2037
      vertex 3.92314 0.780361 12
      vertex 3.96354 0.507998 10.1746
    endloop
  endfacet
  facet normal -0.989176 -0.146736 2.24263e-18
    outer loop
      vertex 3.92314 0.780361 12
      vertex 3.98074 0.392068 10.2037
      vertex 3.98074 0.392068 12
    endloop
  endfacet
  facet normal -0.998794 -0.0490919 0
    outer loop
      vertex 3.98074 0.392068 5
      vertex 3.98323 0.341408 6.78363
      vertex 3.98074 0.392068 6.79632
    endloop
  endfacet
  facet normal -0.998797 -0.0490352 1.61442e-06
    outer loop
      vertex 3.98074 0.392068 5
      vertex 3.99157 0.17153 6.75843
      vertex 3.98323 0.341408 6.78363
    endloop
  endfacet
  facet normal -0.998796 -0.049065 -2.12304e-06
    outer loop
      vertex 4 0 5
      vertex 3.99157 0.17153 6.75843
      vertex 3.98074 0.392068 5
    endloop
  endfacet
  facet normal -0.998795 -0.0490867 9.11215e-21
    outer loop
      vertex 3.99157 0.17153 6.75843
      vertex 4 0 5
      vertex 4 0 6.75
    endloop
  endfacet
  facet normal -0.998794 -0.0490919 -1.13931e-19
    outer loop
      vertex 3.98323 0.341408 10.2164
      vertex 3.98074 0.392068 12
      vertex 3.98074 0.392068 10.2037
    endloop
  endfacet
  facet normal -0.998797 -0.0490352 -1.61444e-06
    outer loop
      vertex 3.99157 0.17153 10.2416
      vertex 3.98074 0.392068 12
      vertex 3.98323 0.341408 10.2164
    endloop
  endfacet
  facet normal -0.998795 -0.0490867 -0
    outer loop
      vertex 4 0 12
      vertex 3.99157 0.17153 10.2416
      vertex 4 0 10.25
    endloop
  endfacet
  facet normal -0.998796 -0.049065 2.12308e-06
    outer loop
      vertex 3.99157 0.17153 10.2416
      vertex 4 0 12
      vertex 3.98074 0.392068 12
    endloop
  endfacet
  facet normal -0.970042 -0.242939 0
    outer loop
      vertex 3.82776 1.16114 5
      vertex 3.84052 1.11019 7.14723
      vertex 3.82776 1.16114 7.19341
    endloop
  endfacet
  facet normal -0.97002 -0.243025 -2.18626e-06
    outer loop
      vertex 3.82776 1.16114 5
      vertex 3.87508 0.972247 7.04493
      vertex 3.84052 1.11019 7.14723
    endloop
  endfacet
  facet normal -0.970042 -0.242937 6.45427e-06
    outer loop
      vertex 3.82776 1.16114 5
      vertex 3.91197 0.824944 6.95664
      vertex 3.87508 0.972247 7.04493
    endloop
  endfacet
  facet normal -0.970031 -0.24298 -0
    outer loop
      vertex 3.92314 0.780361 6.93555
      vertex 3.82776 1.16114 5
      vertex 3.92314 0.780361 5
    endloop
  endfacet
  facet normal -0.970019 -0.243028 -1.00258e-05
    outer loop
      vertex 3.82776 1.16114 5
      vertex 3.92314 0.780361 6.93555
      vertex 3.91197 0.824944 6.95664
    endloop
  endfacet
  facet normal -0.970042 -0.242939 2.93707e-19
    outer loop
      vertex 3.84052 1.11019 9.85277
      vertex 3.82776 1.16114 12
      vertex 3.82776 1.16114 9.80659
    endloop
  endfacet
  facet normal -0.97002 -0.243025 2.18626e-06
    outer loop
      vertex 3.87508 0.972247 9.95507
      vertex 3.82776 1.16114 12
      vertex 3.84052 1.11019 9.85277
    endloop
  endfacet
  facet normal -0.970042 -0.242937 -6.45412e-06
    outer loop
      vertex 3.91197 0.824944 10.0434
      vertex 3.82776 1.16114 12
      vertex 3.87508 0.972247 9.95507
    endloop
  endfacet
  facet normal -0.970019 -0.243028 1.00292e-05
    outer loop
      vertex 3.92314 0.780361 10.0644
      vertex 3.82776 1.16114 12
      vertex 3.91197 0.824944 10.0434
    endloop
  endfacet
  facet normal -0.970031 -0.24298 1.43521e-18
    outer loop
      vertex 3.82776 1.16114 12
      vertex 3.92314 0.780361 10.0644
      vertex 3.92314 0.780361 12
    endloop
  endfacet
  facet normal -0.427563 0.903986 0
    outer loop
      vertex 1.88559 -3.52768 5
      vertex 1.53073 -3.69552 12
      vertex 1.88559 -3.52768 12
    endloop
  endfacet
  facet normal -0.427563 0.903986 0
    outer loop
      vertex 1.53073 -3.69552 12
      vertex 1.88559 -3.52768 5
      vertex 1.53073 -3.69552 5
    endloop
  endfacet
  facet normal 0.671545 -0.740964 0
    outer loop
      vertex -2.82843 2.82843 5
      vertex -2.53757 3.09204 12
      vertex -2.82843 2.82843 12
    endloop
  endfacet
  facet normal 0.671545 -0.740964 0
    outer loop
      vertex -2.53757 3.09204 12
      vertex -2.82843 2.82843 5
      vertex -2.53757 3.09204 5
    endloop
  endfacet
  facet normal 0.970019 0.243028 -1.00258e-05
    outer loop
      vertex -3.82776 -1.16114 5
      vertex -3.92314 -0.780361 6.93555
      vertex -3.91197 -0.824944 6.95664
    endloop
  endfacet
  facet normal 0.970042 0.242937 6.45427e-06
    outer loop
      vertex -3.82776 -1.16114 5
      vertex -3.91197 -0.824944 6.95664
      vertex -3.87508 -0.972247 7.04493
    endloop
  endfacet
  facet normal 0.97002 0.243025 -2.18626e-06
    outer loop
      vertex -3.82776 -1.16114 5
      vertex -3.87508 -0.972247 7.04493
      vertex -3.84052 -1.11019 7.14723
    endloop
  endfacet
  facet normal 0.970042 0.242939 -0
    outer loop
      vertex -3.82776 -1.16114 5
      vertex -3.84052 -1.11019 7.14723
      vertex -3.82776 -1.16114 7.19341
    endloop
  endfacet
  facet normal 0.970031 0.24298 0
    outer loop
      vertex -3.92314 -0.780361 6.93555
      vertex -3.82776 -1.16114 5
      vertex -3.92314 -0.780361 5
    endloop
  endfacet
  facet normal 0.970031 0.24298 1.43521e-18
    outer loop
      vertex -3.82776 -1.16114 12
      vertex -3.92314 -0.780361 10.0644
      vertex -3.92314 -0.780361 12
    endloop
  endfacet
  facet normal 0.970019 0.243028 1.00292e-05
    outer loop
      vertex -3.92314 -0.780361 10.0644
      vertex -3.82776 -1.16114 12
      vertex -3.91197 -0.824944 10.0434
    endloop
  endfacet
  facet normal 0.970042 0.242937 -6.45412e-06
    outer loop
      vertex -3.91197 -0.824944 10.0434
      vertex -3.82776 -1.16114 12
      vertex -3.87508 -0.972247 9.95507
    endloop
  endfacet
  facet normal 0.97002 0.243025 2.18626e-06
    outer loop
      vertex -3.87508 -0.972247 9.95507
      vertex -3.82776 -1.16114 12
      vertex -3.84052 -1.11019 9.85277
    endloop
  endfacet
  facet normal 0.970042 0.242939 2.93707e-19
    outer loop
      vertex -3.84052 -1.11019 9.85277
      vertex -3.82776 -1.16114 12
      vertex -3.82776 -1.16114 9.80659
    endloop
  endfacet
  facet normal -0.427563 -0.903986 0
    outer loop
      vertex 1.53073 3.69552 5
      vertex 1.88559 3.52768 12
      vertex 1.53073 3.69552 12
    endloop
  endfacet
  facet normal -0.427563 -0.903986 -0
    outer loop
      vertex 1.88559 3.52768 12
      vertex 1.53073 3.69552 5
      vertex 1.88559 3.52768 5
    endloop
  endfacet
  facet normal 0.989171 -0.146769 -1.41619e-19
    outer loop
      vertex -3.93956 0.669696 6.88321
      vertex -3.92314 0.780361 5
      vertex -3.92314 0.780361 6.93555
    endloop
  endfacet
  facet normal 0.989181 -0.146698 4.24562e-06
    outer loop
      vertex -3.96354 0.507998 6.82535
      vertex -3.92314 0.780361 5
      vertex -3.93956 0.669696 6.88321
    endloop
  endfacet
  facet normal 0.989172 -0.146758 -4.82871e-06
    outer loop
      vertex -3.98074 0.392068 6.79632
      vertex -3.92314 0.780361 5
      vertex -3.96354 0.507998 6.82535
    endloop
  endfacet
  facet normal 0.989176 -0.146736 -2.24261e-18
    outer loop
      vertex -3.92314 0.780361 5
      vertex -3.98074 0.392068 6.79632
      vertex -3.98074 0.392068 5
    endloop
  endfacet
  facet normal 0.989171 -0.146769 0
    outer loop
      vertex -3.92314 0.780361 12
      vertex -3.93956 0.669696 10.1168
      vertex -3.92314 0.780361 10.0644
    endloop
  endfacet
  facet normal 0.989181 -0.146698 -4.24573e-06
    outer loop
      vertex -3.92314 0.780361 12
      vertex -3.96354 0.507998 10.1746
      vertex -3.93956 0.669696 10.1168
    endloop
  endfacet
  facet normal 0.989176 -0.146736 0
    outer loop
      vertex -3.98074 0.392068 10.2037
      vertex -3.92314 0.780361 12
      vertex -3.98074 0.392068 12
    endloop
  endfacet
  facet normal 0.989172 -0.146758 4.82817e-06
    outer loop
      vertex -3.92314 0.780361 12
      vertex -3.98074 0.392068 10.2037
      vertex -3.96354 0.507998 10.1746
    endloop
  endfacet
  facet normal 0.146736 0.989176 -0
    outer loop
      vertex -0.392068 -3.98074 5
      vertex -0.780361 -3.92314 12
      vertex -0.392068 -3.98074 12
    endloop
  endfacet
  facet normal 0.146736 0.989176 0
    outer loop
      vertex -0.780361 -3.92314 12
      vertex -0.392068 -3.98074 5
      vertex -0.780361 -3.92314 5
    endloop
  endfacet
  facet normal -0.24298 -0.970031 0
    outer loop
      vertex 0.780361 3.92314 5
      vertex 1.16114 3.82776 12
      vertex 0.780361 3.92314 12
    endloop
  endfacet
  facet normal -0.24298 -0.970031 -0
    outer loop
      vertex 1.16114 3.82776 12
      vertex 0.780361 3.92314 5
      vertex 1.16114 3.82776 5
    endloop
  endfacet
  facet normal 0.740964 -0.671545 -4.87264e-19
    outer loop
      vertex -3.09204 2.53757 12
      vertex -2.82843 2.82843 5
      vertex -2.82843 2.82843 12
    endloop
  endfacet
  facet normal 0.740964 -0.671545 -4.87264e-19
    outer loop
      vertex -2.82843 2.82843 5
      vertex -3.09204 2.53757 12
      vertex -3.09204 2.53757 5
    endloop
  endfacet
  facet normal -0.514095 0.857733 0
    outer loop
      vertex 2.22228 -3.32588 5
      vertex 1.88559 -3.52768 12
      vertex 2.22228 -3.32588 12
    endloop
  endfacet
  facet normal -0.514095 0.857733 0
    outer loop
      vertex 1.88559 -3.52768 12
      vertex 2.22228 -3.32588 5
      vertex 1.88559 -3.52768 5
    endloop
  endfacet
  facet normal 0.24298 0.970031 -0
    outer loop
      vertex -0.780361 -3.92314 5
      vertex -1.16114 -3.82776 12
      vertex -0.780361 -3.92314 12
    endloop
  endfacet
  facet normal 0.24298 0.970031 0
    outer loop
      vertex -1.16114 -3.82776 12
      vertex -0.780361 -3.92314 5
      vertex -1.16114 -3.82776 5
    endloop
  endfacet
  facet normal 0.336887 -0.941545 0
    outer loop
      vertex -1.53073 3.69552 5
      vertex -1.16114 3.82776 12
      vertex -1.53073 3.69552 12
    endloop
  endfacet
  facet normal 0.336887 -0.941545 0
    outer loop
      vertex -1.16114 3.82776 12
      vertex -1.53073 3.69552 5
      vertex -1.16114 3.82776 5
    endloop
  endfacet
  facet normal -0.049065 0.998796 0
    outer loop
      vertex 0.392068 -3.98074 5
      vertex 0 -4 12
      vertex 0.392068 -3.98074 12
    endloop
  endfacet
  facet normal -0.049065 0.998796 0
    outer loop
      vertex 0 -4 12
      vertex 0.392068 -3.98074 5
      vertex 0 -4 5
    endloop
  endfacet
  facet normal -0.146736 0.989176 0
    outer loop
      vertex 0.780361 -3.92314 5
      vertex 0.392068 -3.98074 12
      vertex 0.780361 -3.92314 12
    endloop
  endfacet
  facet normal -0.146736 0.989176 0
    outer loop
      vertex 0.392068 -3.98074 12
      vertex 0.780361 -3.92314 5
      vertex 0.392068 -3.98074 5
    endloop
  endfacet
  facet normal 0.049065 -0.998796 0
    outer loop
      vertex -0.392068 3.98074 5
      vertex 0 4 12
      vertex -0.392068 3.98074 12
    endloop
  endfacet
  facet normal 0.049065 -0.998796 0
    outer loop
      vertex 0 4 12
      vertex -0.392068 3.98074 5
      vertex 0 4 5
    endloop
  endfacet
  facet normal 0.595708 0.803201 -0
    outer loop
      vertex -2.22228 -3.32588 5
      vertex -2.53757 -3.09204 12
      vertex -2.22228 -3.32588 12
    endloop
  endfacet
  facet normal 0.595708 0.803201 0
    outer loop
      vertex -2.53757 -3.09204 12
      vertex -2.22228 -3.32588 5
      vertex -2.53757 -3.09204 5
    endloop
  endfacet
  facet normal 0.903986 0.427563 -3.28138e-19
    outer loop
      vertex -3.52768 -1.88559 12
      vertex -3.69552 -1.53073 9.34601
      vertex -3.69552 -1.53073 12
    endloop
  endfacet
  facet normal 0.903843 0.427865 4.94639e-05
    outer loop
      vertex -3.69552 -1.53073 9.34601
      vertex -3.52768 -1.88559 12
      vertex -3.68954 -1.54336 9.32494
    endloop
  endfacet
  facet normal 0.904027 0.427476 -1.14261e-05
    outer loop
      vertex -3.68954 -1.54336 9.32494
      vertex -3.52768 -1.88559 12
      vertex -3.65482 -1.61679 9.1697
    endloop
  endfacet
  facet normal 0.903967 0.427602 3.20885e-06
    outer loop
      vertex -3.65482 -1.61679 9.1697
      vertex -3.52768 -1.88559 12
      vertex -3.62745 -1.67465 9.008
    endloop
  endfacet
  facet normal 0.904002 0.427528 -3.15449e-06
    outer loop
      vertex -3.62745 -1.67465 9.008
      vertex -3.52768 -1.88559 12
      vertex -3.60772 -1.71637 8.84141
    endloop
  endfacet
  facet normal 0.903921 0.427699 6.65057e-06
    outer loop
      vertex -3.5958 -1.74157 8.67153
      vertex -3.52768 -1.88559 12
      vertex -3.59181 -1.75 8.5
    endloop
  endfacet
  facet normal 0.903973 0.427589 7.87634e-07
    outer loop
      vertex -3.60772 -1.71637 8.84141
      vertex -3.52768 -1.88559 12
      vertex -3.5958 -1.74157 8.67153
    endloop
  endfacet
  facet normal 0.903843 0.427865 -4.94639e-05
    outer loop
      vertex -3.52768 -1.88559 5
      vertex -3.69552 -1.53073 7.65399
      vertex -3.68954 -1.54336 7.67506
    endloop
  endfacet
  facet normal 0.904027 0.427476 1.14261e-05
    outer loop
      vertex -3.52768 -1.88559 5
      vertex -3.68954 -1.54336 7.67506
      vertex -3.65482 -1.61679 7.8303
    endloop
  endfacet
  facet normal 0.903967 0.427602 -3.20885e-06
    outer loop
      vertex -3.52768 -1.88559 5
      vertex -3.65482 -1.61679 7.8303
      vertex -3.62745 -1.67465 7.992
    endloop
  endfacet
  facet normal 0.904002 0.427528 3.15449e-06
    outer loop
      vertex -3.52768 -1.88559 5
      vertex -3.62745 -1.67465 7.992
      vertex -3.60772 -1.71637 8.15859
    endloop
  endfacet
  facet normal 0.903973 0.427589 -7.87634e-07
    outer loop
      vertex -3.52768 -1.88559 5
      vertex -3.60772 -1.71637 8.15859
      vertex -3.5958 -1.74157 8.32847
    endloop
  endfacet
  facet normal 0.903986 0.427563 0
    outer loop
      vertex -3.69552 -1.53073 7.65399
      vertex -3.52768 -1.88559 5
      vertex -3.69552 -1.53073 5
    endloop
  endfacet
  facet normal 0.903921 0.427699 -6.65057e-06
    outer loop
      vertex -3.59181 -1.75 8.5
      vertex -3.52768 -1.88559 5
      vertex -3.5958 -1.74157 8.32847
    endloop
  endfacet
  facet normal 0.903987 0.427559 -0
    outer loop
      vertex -3.52768 -1.88559 5
      vertex -3.59181 -1.75 8.5
      vertex -3.52768 -1.88559 12
    endloop
  endfacet
  facet normal 0.146736 -0.989176 0
    outer loop
      vertex -0.780361 3.92314 5
      vertex -0.392068 3.98074 12
      vertex -0.780361 3.92314 12
    endloop
  endfacet
  facet normal 0.146736 -0.989176 0
    outer loop
      vertex -0.392068 3.98074 12
      vertex -0.780361 3.92314 5
      vertex -0.392068 3.98074 5
    endloop
  endfacet
  facet normal -0.049065 -0.998796 0
    outer loop
      vertex 0 4 5
      vertex 0.392068 3.98074 12
      vertex 0 4 12
    endloop
  endfacet
  facet normal -0.049065 -0.998796 -0
    outer loop
      vertex 0.392068 3.98074 12
      vertex 0 4 5
      vertex 0.392068 3.98074 5
    endloop
  endfacet
  facet normal -0.514095 -0.857733 0
    outer loop
      vertex 1.88559 3.52768 5
      vertex 2.22228 3.32588 12
      vertex 1.88559 3.52768 12
    endloop
  endfacet
  facet normal -0.514095 -0.857733 -0
    outer loop
      vertex 2.22228 3.32588 12
      vertex 1.88559 3.52768 5
      vertex 2.22228 3.32588 5
    endloop
  endfacet
  facet normal 0.998795 0.0490867 9.11215e-21
    outer loop
      vertex -3.99157 -0.17153 6.75843
      vertex -4 0 5
      vertex -4 0 6.75
    endloop
  endfacet
  facet normal 0.998797 0.0490352 1.61442e-06
    outer loop
      vertex -3.98074 -0.392068 5
      vertex -3.99157 -0.17153 6.75843
      vertex -3.98323 -0.341408 6.78363
    endloop
  endfacet
  facet normal 0.998794 0.0490919 -0
    outer loop
      vertex -3.98074 -0.392068 5
      vertex -3.98323 -0.341408 6.78363
      vertex -3.98074 -0.392068 6.79632
    endloop
  endfacet
  facet normal 0.998796 0.049065 -2.12304e-06
    outer loop
      vertex -3.99157 -0.17153 6.75843
      vertex -3.98074 -0.392068 5
      vertex -4 0 5
    endloop
  endfacet
  facet normal 0.998795 0.0490867 0
    outer loop
      vertex -4 0 12
      vertex -3.99157 -0.17153 10.2416
      vertex -4 0 10.25
    endloop
  endfacet
  facet normal 0.998796 0.049065 2.12308e-06
    outer loop
      vertex -3.98074 -0.392068 12
      vertex -3.99157 -0.17153 10.2416
      vertex -4 0 12
    endloop
  endfacet
  facet normal 0.998797 0.0490352 -1.61444e-06
    outer loop
      vertex -3.99157 -0.17153 10.2416
      vertex -3.98074 -0.392068 12
      vertex -3.98323 -0.341408 10.2164
    endloop
  endfacet
  facet normal 0.998794 0.0490919 -1.13931e-19
    outer loop
      vertex -3.98323 -0.341408 10.2164
      vertex -3.98074 -0.392068 12
      vertex -3.98074 -0.392068 10.2037
    endloop
  endfacet
  facet normal -0.970019 0.243028 1.00292e-05
    outer loop
      vertex 3.82776 -1.16114 12
      vertex 3.92314 -0.780361 10.0644
      vertex 3.91197 -0.824944 10.0434
    endloop
  endfacet
  facet normal -0.970042 0.242937 -6.45412e-06
    outer loop
      vertex 3.82776 -1.16114 12
      vertex 3.91197 -0.824944 10.0434
      vertex 3.87508 -0.972247 9.95507
    endloop
  endfacet
  facet normal -0.97002 0.243025 2.18626e-06
    outer loop
      vertex 3.82776 -1.16114 12
      vertex 3.87508 -0.972247 9.95507
      vertex 3.84052 -1.11019 9.85277
    endloop
  endfacet
  facet normal -0.970042 0.242939 0
    outer loop
      vertex 3.82776 -1.16114 12
      vertex 3.84052 -1.11019 9.85277
      vertex 3.82776 -1.16114 9.80659
    endloop
  endfacet
  facet normal -0.970031 0.24298 0
    outer loop
      vertex 3.92314 -0.780361 10.0644
      vertex 3.82776 -1.16114 12
      vertex 3.92314 -0.780361 12
    endloop
  endfacet
  facet normal -0.970031 0.24298 -1.43525e-18
    outer loop
      vertex 3.82776 -1.16114 5
      vertex 3.92314 -0.780361 6.93555
      vertex 3.92314 -0.780361 5
    endloop
  endfacet
  facet normal -0.970019 0.243028 -1.00258e-05
    outer loop
      vertex 3.92314 -0.780361 6.93555
      vertex 3.82776 -1.16114 5
      vertex 3.91197 -0.824944 6.95664
    endloop
  endfacet
  facet normal -0.970042 0.242937 6.45427e-06
    outer loop
      vertex 3.91197 -0.824944 6.95664
      vertex 3.82776 -1.16114 5
      vertex 3.87508 -0.972247 7.04493
    endloop
  endfacet
  facet normal -0.97002 0.243025 -2.18626e-06
    outer loop
      vertex 3.87508 -0.972247 7.04493
      vertex 3.82776 -1.16114 5
      vertex 3.84052 -1.11019 7.14723
    endloop
  endfacet
  facet normal -0.970042 0.242939 -2.93707e-19
    outer loop
      vertex 3.84052 -1.11019 7.14723
      vertex 3.82776 -1.16114 5
      vertex 3.82776 -1.16114 7.19341
    endloop
  endfacet
  facet normal -0.740964 -0.671545 4.87264e-19
    outer loop
      vertex 3.09204 2.53757 5
      vertex 2.82843 2.82843 12
      vertex 2.82843 2.82843 5
    endloop
  endfacet
  facet normal -0.740964 -0.671545 4.87264e-19
    outer loop
      vertex 2.82843 2.82843 12
      vertex 3.09204 2.53757 5
      vertex 3.09204 2.53757 12
    endloop
  endfacet
  facet normal -0.595708 -0.803201 0
    outer loop
      vertex 2.22228 3.32588 5
      vertex 2.53757 3.09204 12
      vertex 2.22228 3.32588 12
    endloop
  endfacet
  facet normal -0.595708 -0.803201 -0
    outer loop
      vertex 2.53757 3.09204 12
      vertex 2.22228 3.32588 5
      vertex 2.53757 3.09204 5
    endloop
  endfacet
  facet normal 0.595708 -0.803201 0
    outer loop
      vertex -2.53757 3.09204 5
      vertex -2.22228 3.32588 12
      vertex -2.53757 3.09204 12
    endloop
  endfacet
  facet normal 0.595708 -0.803201 0
    outer loop
      vertex -2.22228 3.32588 12
      vertex -2.53757 3.09204 5
      vertex -2.22228 3.32588 5
    endloop
  endfacet
  facet normal -0.803201 -0.595708 -1.70917e-18
    outer loop
      vertex 3.32588 2.22228 5
      vertex 3.09204 2.53757 12
      vertex 3.09204 2.53757 5
    endloop
  endfacet
  facet normal -0.803201 -0.595708 -1.70917e-18
    outer loop
      vertex 3.09204 2.53757 12
      vertex 3.32588 2.22228 5
      vertex 3.32588 2.22228 12
    endloop
  endfacet
  facet normal -0.989172 0.146758 4.82817e-06
    outer loop
      vertex 3.92314 -0.780361 12
      vertex 3.98074 -0.392068 10.2037
      vertex 3.96354 -0.507998 10.1746
    endloop
  endfacet
  facet normal -0.989181 0.146698 -4.24573e-06
    outer loop
      vertex 3.92314 -0.780361 12
      vertex 3.96354 -0.507998 10.1746
      vertex 3.93956 -0.669696 10.1168
    endloop
  endfacet
  facet normal -0.989171 0.146769 0
    outer loop
      vertex 3.92314 -0.780361 12
      vertex 3.93956 -0.669696 10.1168
      vertex 3.92314 -0.780361 10.0644
    endloop
  endfacet
  facet normal -0.989176 0.146736 0
    outer loop
      vertex 3.98074 -0.392068 10.2037
      vertex 3.92314 -0.780361 12
      vertex 3.98074 -0.392068 12
    endloop
  endfacet
  facet normal -0.989176 0.146736 -2.24261e-18
    outer loop
      vertex 3.92314 -0.780361 5
      vertex 3.98074 -0.392068 6.79632
      vertex 3.98074 -0.392068 5
    endloop
  endfacet
  facet normal -0.989172 0.146758 -4.82871e-06
    outer loop
      vertex 3.98074 -0.392068 6.79632
      vertex 3.92314 -0.780361 5
      vertex 3.96354 -0.507998 6.82535
    endloop
  endfacet
  facet normal -0.989181 0.146698 4.24562e-06
    outer loop
      vertex 3.96354 -0.507998 6.82535
      vertex 3.92314 -0.780361 5
      vertex 3.93956 -0.669696 6.88321
    endloop
  endfacet
  facet normal -0.989171 0.146769 -1.41619e-19
    outer loop
      vertex 3.93956 -0.669696 6.88321
      vertex 3.92314 -0.780361 5
      vertex 3.92314 -0.780361 6.93555
    endloop
  endfacet
  facet normal 0.94155 -0.336872 0
    outer loop
      vertex -3.69552 1.53073 12
      vertex -3.72259 1.45507 9.47225
      vertex -3.69552 1.53073 9.34601
    endloop
  endfacet
  facet normal 0.941554 -0.336862 -3.67487e-07
    outer loop
      vertex -3.69552 1.53073 12
      vertex -3.75919 1.35277 9.61019
      vertex -3.72259 1.45507 9.47225
    endloop
  endfacet
  facet normal 0.941535 -0.336917 4.25559e-06
    outer loop
      vertex -3.69552 1.53073 12
      vertex -3.80046 1.23744 9.73744
      vertex -3.75919 1.35277 9.61019
    endloop
  endfacet
  facet normal 0.941545 -0.336887 0
    outer loop
      vertex -3.82776 1.16114 9.80659
      vertex -3.69552 1.53073 12
      vertex -3.82776 1.16114 12
    endloop
  endfacet
  facet normal 0.941546 -0.336884 -5.12468e-07
    outer loop
      vertex -3.69552 1.53073 12
      vertex -3.82776 1.16114 9.80659
      vertex -3.80046 1.23744 9.73744
    endloop
  endfacet
  facet normal 0.94155 -0.336872 7.51318e-19
    outer loop
      vertex -3.72259 1.45507 7.52775
      vertex -3.69552 1.53073 5
      vertex -3.69552 1.53073 7.65399
    endloop
  endfacet
  facet normal 0.941554 -0.336862 3.67487e-07
    outer loop
      vertex -3.75919 1.35277 7.38981
      vertex -3.69552 1.53073 5
      vertex -3.72259 1.45507 7.52775
    endloop
  endfacet
  facet normal 0.941535 -0.336917 -4.25559e-06
    outer loop
      vertex -3.80046 1.23744 7.26256
      vertex -3.69552 1.53073 5
      vertex -3.75919 1.35277 7.38981
    endloop
  endfacet
  facet normal 0.941546 -0.336884 5.12468e-07
    outer loop
      vertex -3.82776 1.16114 7.19341
      vertex -3.69552 1.53073 5
      vertex -3.80046 1.23744 7.26256
    endloop
  endfacet
  facet normal 0.941545 -0.336887 -3.45178e-18
    outer loop
      vertex -3.69552 1.53073 5
      vertex -3.82776 1.16114 7.19341
      vertex -3.82776 1.16114 5
    endloop
  endfacet
  facet normal -0.903986 0.427563 3.28138e-19
    outer loop
      vertex 3.52768 -1.88559 5
      vertex 3.69552 -1.53073 7.65399
      vertex 3.69552 -1.53073 5
    endloop
  endfacet
  facet normal -0.903843 0.427865 -4.94639e-05
    outer loop
      vertex 3.69552 -1.53073 7.65399
      vertex 3.52768 -1.88559 5
      vertex 3.68954 -1.54336 7.67506
    endloop
  endfacet
  facet normal -0.904027 0.427476 1.14261e-05
    outer loop
      vertex 3.68954 -1.54336 7.67506
      vertex 3.52768 -1.88559 5
      vertex 3.65482 -1.61679 7.8303
    endloop
  endfacet
  facet normal -0.903967 0.427602 -3.20885e-06
    outer loop
      vertex 3.65482 -1.61679 7.8303
      vertex 3.52768 -1.88559 5
      vertex 3.62745 -1.67465 7.992
    endloop
  endfacet
  facet normal -0.904002 0.427528 3.15449e-06
    outer loop
      vertex 3.62745 -1.67465 7.992
      vertex 3.52768 -1.88559 5
      vertex 3.60772 -1.71637 8.15859
    endloop
  endfacet
  facet normal -0.903921 0.427699 -6.65057e-06
    outer loop
      vertex 3.5958 -1.74157 8.32847
      vertex 3.52768 -1.88559 5
      vertex 3.59181 -1.75 8.5
    endloop
  endfacet
  facet normal -0.903973 0.427589 -7.87634e-07
    outer loop
      vertex 3.60772 -1.71637 8.15859
      vertex 3.52768 -1.88559 5
      vertex 3.5958 -1.74157 8.32847
    endloop
  endfacet
  facet normal -0.903843 0.427865 4.94639e-05
    outer loop
      vertex 3.52768 -1.88559 12
      vertex 3.69552 -1.53073 9.34601
      vertex 3.68954 -1.54336 9.32494
    endloop
  endfacet
  facet normal -0.904027 0.427476 -1.14261e-05
    outer loop
      vertex 3.52768 -1.88559 12
      vertex 3.68954 -1.54336 9.32494
      vertex 3.65482 -1.61679 9.1697
    endloop
  endfacet
  facet normal -0.903967 0.427602 3.20885e-06
    outer loop
      vertex 3.52768 -1.88559 12
      vertex 3.65482 -1.61679 9.1697
      vertex 3.62745 -1.67465 9.008
    endloop
  endfacet
  facet normal -0.904002 0.427528 -3.15449e-06
    outer loop
      vertex 3.52768 -1.88559 12
      vertex 3.62745 -1.67465 9.008
      vertex 3.60772 -1.71637 8.84141
    endloop
  endfacet
  facet normal -0.903973 0.427589 7.87634e-07
    outer loop
      vertex 3.52768 -1.88559 12
      vertex 3.60772 -1.71637 8.84141
      vertex 3.5958 -1.74157 8.67153
    endloop
  endfacet
  facet normal -0.903986 0.427563 0
    outer loop
      vertex 3.69552 -1.53073 9.34601
      vertex 3.52768 -1.88559 12
      vertex 3.69552 -1.53073 12
    endloop
  endfacet
  facet normal -0.903921 0.427699 6.65057e-06
    outer loop
      vertex 3.59181 -1.75 8.5
      vertex 3.52768 -1.88559 12
      vertex 3.5958 -1.74157 8.67153
    endloop
  endfacet
  facet normal -0.903987 0.427559 0
    outer loop
      vertex 3.52768 -1.88559 12
      vertex 3.59181 -1.75 8.5
      vertex 3.52768 -1.88559 5
    endloop
  endfacet
  facet normal -0.336887 -0.941545 0
    outer loop
      vertex 1.16114 3.82776 5
      vertex 1.53073 3.69552 12
      vertex 1.16114 3.82776 12
    endloop
  endfacet
  facet normal -0.336887 -0.941545 -0
    outer loop
      vertex 1.53073 3.69552 12
      vertex 1.16114 3.82776 5
      vertex 1.53073 3.69552 5
    endloop
  endfacet
  facet normal -0.998795 0.0490867 -9.11215e-21
    outer loop
      vertex 3.99157 -0.17153 10.2416
      vertex 4 0 12
      vertex 4 0 10.25
    endloop
  endfacet
  facet normal -0.998797 0.0490352 -1.61444e-06
    outer loop
      vertex 3.98074 -0.392068 12
      vertex 3.99157 -0.17153 10.2416
      vertex 3.98323 -0.341408 10.2164
    endloop
  endfacet
  facet normal -0.998794 0.0490919 0
    outer loop
      vertex 3.98074 -0.392068 12
      vertex 3.98323 -0.341408 10.2164
      vertex 3.98074 -0.392068 10.2037
    endloop
  endfacet
  facet normal -0.998796 0.049065 2.12308e-06
    outer loop
      vertex 3.99157 -0.17153 10.2416
      vertex 3.98074 -0.392068 12
      vertex 4 0 12
    endloop
  endfacet
  facet normal -0.998795 0.0490867 0
    outer loop
      vertex 4 0 5
      vertex 3.99157 -0.17153 6.75843
      vertex 4 0 6.75
    endloop
  endfacet
  facet normal -0.998796 0.049065 -2.12304e-06
    outer loop
      vertex 3.98074 -0.392068 5
      vertex 3.99157 -0.17153 6.75843
      vertex 4 0 5
    endloop
  endfacet
  facet normal -0.998797 0.0490352 1.61442e-06
    outer loop
      vertex 3.99157 -0.17153 6.75843
      vertex 3.98074 -0.392068 5
      vertex 3.98323 -0.341408 6.78363
    endloop
  endfacet
  facet normal -0.998794 0.0490919 1.13929e-19
    outer loop
      vertex 3.98323 -0.341408 6.78363
      vertex 3.98074 -0.392068 5
      vertex 3.98074 -0.392068 6.79632
    endloop
  endfacet
  facet normal 0 0 -1
    outer loop
      vertex 4 0 5
      vertex 4.69689 0 5
      vertex 4.67427 -0.460376 5
    endloop
  endfacet
  facet normal 0 0 -1
    outer loop
      vertex 3.98074 -0.392068 5
      vertex 4.67427 -0.460376 5
      vertex 4.60664 -0.916318 5
    endloop
  endfacet
  facet normal 0 0 -1
    outer loop
      vertex 4.69689 0 5
      vertex 4 0 5
      vertex 4.67427 0.460376 5
    endloop
  endfacet
  facet normal 0 0 -1
    outer loop
      vertex 3.92314 -0.780361 5
      vertex 4.60664 -0.916318 5
      vertex 4.49464 -1.36343 5
    endloop
  endfacet
  facet normal 0 0 -1
    outer loop
      vertex 3.98074 0.392068 5
      vertex 4.67427 0.460376 5
      vertex 4 0 5
    endloop
  endfacet
  facet normal 0 0 -1
    outer loop
      vertex 3.82776 -1.16114 5
      vertex 4.49464 -1.36343 5
      vertex 4.33936 -1.79742 5
    endloop
  endfacet
  facet normal -0 0 -1
    outer loop
      vertex 4.67427 0.460376 5
      vertex 3.98074 0.392068 5
      vertex 4.60664 0.916318 5
    endloop
  endfacet
  facet normal 0 0 -1
    outer loop
      vertex 3.69552 -1.53073 5
      vertex 4.33936 -1.79742 5
      vertex 4.14229 -2.2141 5
    endloop
  endfacet
  facet normal 0 0 -1
    outer loop
      vertex 3.92314 0.780361 5
      vertex 4.60664 0.916318 5
      vertex 3.98074 0.392068 5
    endloop
  endfacet
  facet normal -0 0 -1
    outer loop
      vertex 4.60664 0.916318 5
      vertex 3.92314 0.780361 5
      vertex 4.49464 1.36343 5
    endloop
  endfacet
  facet normal 0 0 -1
    outer loop
      vertex 4.67427 -0.460376 5
      vertex 3.98074 -0.392068 5
      vertex 4 0 5
    endloop
  endfacet
  facet normal 0 0 -1
    outer loop
      vertex 4.60664 -0.916318 5
      vertex 3.92314 -0.780361 5
      vertex 3.98074 -0.392068 5
    endloop
  endfacet
  facet normal 0 0 -1
    outer loop
      vertex 3.52768 -1.88559 5
      vertex 4.14229 -2.2141 5
      vertex 3.90532 -2.60945 5
    endloop
  endfacet
  facet normal 0 0 -1
    outer loop
      vertex 4.49464 -1.36343 5
      vertex 3.82776 -1.16114 5
      vertex 3.92314 -0.780361 5
    endloop
  endfacet
  facet normal 0 0 -1
    outer loop
      vertex 4.33936 -1.79742 5
      vertex 3.69552 -1.53073 5
      vertex 3.82776 -1.16114 5
    endloop
  endfacet
  facet normal 0 0 -1
    outer loop
      vertex 3.32588 -2.22228 5
      vertex 3.90532 -2.60945 5
      vertex 3.63075 -2.97968 5
    endloop
  endfacet
  facet normal 0 0 -1
    outer loop
      vertex 4.14229 -2.2141 5
      vertex 3.52768 -1.88559 5
      vertex 3.69552 -1.53073 5
    endloop
  endfacet
  facet normal 0 0 -1
    outer loop
      vertex 3.90532 -2.60945 5
      vertex 3.32588 -2.22228 5
      vertex 3.52768 -1.88559 5
    endloop
  endfacet
  facet normal 0 0 -1
    outer loop
      vertex 3.09204 -2.53757 5
      vertex 3.63075 -2.97968 5
      vertex 3.3212 -3.3212 5
    endloop
  endfacet
  facet normal 0 0 -1
    outer loop
      vertex 3.63075 -2.97968 5
      vertex 3.09204 -2.53757 5
      vertex 3.32588 -2.22228 5
    endloop
  endfacet
  facet normal 0 0 -1
    outer loop
      vertex 2.82843 -2.82843 5
      vertex 3.3212 -3.3212 5
      vertex 2.97968 -3.63075 5
    endloop
  endfacet
  facet normal 0 0 -1
    outer loop
      vertex 3.3212 -3.3212 5
      vertex 2.82843 -2.82843 5
      vertex 3.09204 -2.53757 5
    endloop
  endfacet
  facet normal 0 0 -1
    outer loop
      vertex 2.53757 -3.09204 5
      vertex 2.97968 -3.63075 5
      vertex 2.60945 -3.90532 5
    endloop
  endfacet
  facet normal 0 0 -1
    outer loop
      vertex 2.97968 -3.63075 5
      vertex 2.53757 -3.09204 5
      vertex 2.82843 -2.82843 5
    endloop
  endfacet
  facet normal 0 0 -1
    outer loop
      vertex 2.60945 -3.90532 5
      vertex 2.22228 -3.32588 5
      vertex 2.53757 -3.09204 5
    endloop
  endfacet
  facet normal 0 0 -1
    outer loop
      vertex 2.2141 -4.14229 5
      vertex 2.22228 -3.32588 5
      vertex 2.60945 -3.90532 5
    endloop
  endfacet
  facet normal 0 0 -1
    outer loop
      vertex 2.2141 -4.14229 5
      vertex 1.88559 -3.52768 5
      vertex 2.22228 -3.32588 5
    endloop
  endfacet
  facet normal 0 0 -1
    outer loop
      vertex 1.79742 -4.33936 5
      vertex 1.88559 -3.52768 5
      vertex 2.2141 -4.14229 5
    endloop
  endfacet
  facet normal 0 0 -1
    outer loop
      vertex 1.79742 -4.33936 5
      vertex 1.53073 -3.69552 5
      vertex 1.88559 -3.52768 5
    endloop
  endfacet
  facet normal 0 0 -1
    outer loop
      vertex 1.36343 -4.49464 5
      vertex 1.53073 -3.69552 5
      vertex 1.79742 -4.33936 5
    endloop
  endfacet
  facet normal 0 0 -1
    outer loop
      vertex 1.36343 -4.49464 5
      vertex 1.16114 -3.82776 5
      vertex 1.53073 -3.69552 5
    endloop
  endfacet
  facet normal 0 0 -1
    outer loop
      vertex 0.916318 -4.60664 5
      vertex 1.16114 -3.82776 5
      vertex 1.36343 -4.49464 5
    endloop
  endfacet
  facet normal 0 0 -1
    outer loop
      vertex 0.916318 -4.60664 5
      vertex 0.780361 -3.92314 5
      vertex 1.16114 -3.82776 5
    endloop
  endfacet
  facet normal 0 0 -1
    outer loop
      vertex 0.460376 -4.67427 5
      vertex 0.780361 -3.92314 5
      vertex 0.916318 -4.60664 5
    endloop
  endfacet
  facet normal 0 0 -1
    outer loop
      vertex 0.460376 -4.67427 5
      vertex 0.392068 -3.98074 5
      vertex 0.780361 -3.92314 5
    endloop
  endfacet
  facet normal 0 0 -1
    outer loop
      vertex 0 -4.69689 5
      vertex 0.392068 -3.98074 5
      vertex 0.460376 -4.67427 5
    endloop
  endfacet
  facet normal 0 0 -1
    outer loop
      vertex 0 -4.69689 5
      vertex 0 -4 5
      vertex 0.392068 -3.98074 5
    endloop
  endfacet
  facet normal 0 0 -1
    outer loop
      vertex 0 -4.69689 5
      vertex -0.392068 -3.98074 5
      vertex 0 -4 5
    endloop
  endfacet
  facet normal 0 0 -1
    outer loop
      vertex -0.460376 -4.67427 5
      vertex -0.392068 -3.98074 5
      vertex 0 -4.69689 5
    endloop
  endfacet
  facet normal 0 0 -1
    outer loop
      vertex -0.460376 -4.67427 5
      vertex -0.780361 -3.92314 5
      vertex -0.392068 -3.98074 5
    endloop
  endfacet
  facet normal 0 0 -1
    outer loop
      vertex -0.916318 -4.60664 5
      vertex -0.780361 -3.92314 5
      vertex -0.460376 -4.67427 5
    endloop
  endfacet
  facet normal 0 0 -1
    outer loop
      vertex -0.916318 -4.60664 5
      vertex -1.16114 -3.82776 5
      vertex -0.780361 -3.92314 5
    endloop
  endfacet
  facet normal 0 0 -1
    outer loop
      vertex -1.36343 -4.49464 5
      vertex -1.16114 -3.82776 5
      vertex -0.916318 -4.60664 5
    endloop
  endfacet
  facet normal 0 0 -1
    outer loop
      vertex -1.36343 -4.49464 5
      vertex -1.53073 -3.69552 5
      vertex -1.16114 -3.82776 5
    endloop
  endfacet
  facet normal 0 0 -1
    outer loop
      vertex -1.79742 -4.33936 5
      vertex -1.53073 -3.69552 5
      vertex -1.36343 -4.49464 5
    endloop
  endfacet
  facet normal 0 0 -1
    outer loop
      vertex -1.79742 -4.33936 5
      vertex -1.88559 -3.52768 5
      vertex -1.53073 -3.69552 5
    endloop
  endfacet
  facet normal 0 0 -1
    outer loop
      vertex -2.2141 -4.14229 5
      vertex -1.88559 -3.52768 5
      vertex -1.79742 -4.33936 5
    endloop
  endfacet
  facet normal 0 0 -1
    outer loop
      vertex -2.2141 -4.14229 5
      vertex -2.22228 -3.32588 5
      vertex -1.88559 -3.52768 5
    endloop
  endfacet
  facet normal 0 0 -1
    outer loop
      vertex -2.60945 -3.90532 5
      vertex -2.22228 -3.32588 5
      vertex -2.2141 -4.14229 5
    endloop
  endfacet
  facet normal -0 0 -1
    outer loop
      vertex -2.22228 -3.32588 5
      vertex -2.60945 -3.90532 5
      vertex -2.53757 -3.09204 5
    endloop
  endfacet
  facet normal 0 0 -1
    outer loop
      vertex -2.97968 -3.63075 5
      vertex -2.53757 -3.09204 5
      vertex -2.60945 -3.90532 5
    endloop
  endfacet
  facet normal -0 0 -1
    outer loop
      vertex -2.53757 -3.09204 5
      vertex -2.97968 -3.63075 5
      vertex -2.82843 -2.82843 5
    endloop
  endfacet
  facet normal 0 0 -1
    outer loop
      vertex -3.3212 -3.3212 5
      vertex -2.82843 -2.82843 5
      vertex -2.97968 -3.63075 5
    endloop
  endfacet
  facet normal -0 0 -1
    outer loop
      vertex -2.82843 -2.82843 5
      vertex -3.3212 -3.3212 5
      vertex -3.09204 -2.53757 5
    endloop
  endfacet
  facet normal 0 0 -1
    outer loop
      vertex -3.63075 -2.97968 5
      vertex -3.09204 -2.53757 5
      vertex -3.3212 -3.3212 5
    endloop
  endfacet
  facet normal -0 0 -1
    outer loop
      vertex -3.09204 -2.53757 5
      vertex -3.63075 -2.97968 5
      vertex -3.32588 -2.22228 5
    endloop
  endfacet
  facet normal 0 0 -1
    outer loop
      vertex -3.90532 -2.60945 5
      vertex -3.32588 -2.22228 5
      vertex -3.63075 -2.97968 5
    endloop
  endfacet
  facet normal -0 0 -1
    outer loop
      vertex -3.32588 -2.22228 5
      vertex -3.90532 -2.60945 5
      vertex -3.52768 -1.88559 5
    endloop
  endfacet
  facet normal 0 0 -1
    outer loop
      vertex -4.14229 -2.2141 5
      vertex -3.52768 -1.88559 5
      vertex -3.90532 -2.60945 5
    endloop
  endfacet
  facet normal -0 0 -1
    outer loop
      vertex -3.52768 -1.88559 5
      vertex -4.14229 -2.2141 5
      vertex -3.69552 -1.53073 5
    endloop
  endfacet
  facet normal 0 0 -1
    outer loop
      vertex -4.33936 -1.79742 5
      vertex -3.69552 -1.53073 5
      vertex -4.14229 -2.2141 5
    endloop
  endfacet
  facet normal -0 0 -1
    outer loop
      vertex -3.69552 -1.53073 5
      vertex -4.33936 -1.79742 5
      vertex -3.82776 -1.16114 5
    endloop
  endfacet
  facet normal 0 0 -1
    outer loop
      vertex -4.49464 -1.36343 5
      vertex -3.82776 -1.16114 5
      vertex -4.33936 -1.79742 5
    endloop
  endfacet
  facet normal -0 0 -1
    outer loop
      vertex -3.82776 -1.16114 5
      vertex -4.49464 -1.36343 5
      vertex -3.92314 -0.780361 5
    endloop
  endfacet
  facet normal 0 0 -1
    outer loop
      vertex 3.82776 1.16114 5
      vertex 4.49464 1.36343 5
      vertex 3.92314 0.780361 5
    endloop
  endfacet
  facet normal -0 0 -1
    outer loop
      vertex 4.49464 1.36343 5
      vertex 3.82776 1.16114 5
      vertex 4.33936 1.79742 5
    endloop
  endfacet
  facet normal 0 0 -1
    outer loop
      vertex 3.69552 1.53073 5
      vertex 4.33936 1.79742 5
      vertex 3.82776 1.16114 5
    endloop
  endfacet
  facet normal -0 0 -1
    outer loop
      vertex 4.33936 1.79742 5
      vertex 3.69552 1.53073 5
      vertex 4.14229 2.2141 5
    endloop
  endfacet
  facet normal 0 0 -1
    outer loop
      vertex 3.52768 1.88559 5
      vertex 4.14229 2.2141 5
      vertex 3.69552 1.53073 5
    endloop
  endfacet
  facet normal -0 0 -1
    outer loop
      vertex 4.14229 2.2141 5
      vertex 3.52768 1.88559 5
      vertex 3.90532 2.60945 5
    endloop
  endfacet
  facet normal 0 0 -1
    outer loop
      vertex 3.32588 2.22228 5
      vertex 3.90532 2.60945 5
      vertex 3.52768 1.88559 5
    endloop
  endfacet
  facet normal -0 0 -1
    outer loop
      vertex 3.90532 2.60945 5
      vertex 3.32588 2.22228 5
      vertex 3.63075 2.97968 5
    endloop
  endfacet
  facet normal 0 0 -1
    outer loop
      vertex 3.09204 2.53757 5
      vertex 3.63075 2.97968 5
      vertex 3.32588 2.22228 5
    endloop
  endfacet
  facet normal -0 0 -1
    outer loop
      vertex 3.63075 2.97968 5
      vertex 3.09204 2.53757 5
      vertex 3.3212 3.3212 5
    endloop
  endfacet
  facet normal 0 0 -1
    outer loop
      vertex 2.82843 2.82843 5
      vertex 3.3212 3.3212 5
      vertex 3.09204 2.53757 5
    endloop
  endfacet
  facet normal -0 0 -1
    outer loop
      vertex 3.3212 3.3212 5
      vertex 2.82843 2.82843 5
      vertex 2.97968 3.63075 5
    endloop
  endfacet
  facet normal 0 0 -1
    outer loop
      vertex 2.53757 3.09204 5
      vertex 2.97968 3.63075 5
      vertex 2.82843 2.82843 5
    endloop
  endfacet
  facet normal -0 0 -1
    outer loop
      vertex 2.97968 3.63075 5
      vertex 2.53757 3.09204 5
      vertex 2.60945 3.90532 5
    endloop
  endfacet
  facet normal 0 0 -1
    outer loop
      vertex 2.22228 3.32588 5
      vertex 2.60945 3.90532 5
      vertex 2.53757 3.09204 5
    endloop
  endfacet
  facet normal 0 0 -1
    outer loop
      vertex 2.22228 3.32588 5
      vertex 2.2141 4.14229 5
      vertex 2.60945 3.90532 5
    endloop
  endfacet
  facet normal 0 0 -1
    outer loop
      vertex 1.88559 3.52768 5
      vertex 2.2141 4.14229 5
      vertex 2.22228 3.32588 5
    endloop
  endfacet
  facet normal 0 0 -1
    outer loop
      vertex 1.88559 3.52768 5
      vertex 1.79742 4.33936 5
      vertex 2.2141 4.14229 5
    endloop
  endfacet
  facet normal 0 0 -1
    outer loop
      vertex 1.53073 3.69552 5
      vertex 1.79742 4.33936 5
      vertex 1.88559 3.52768 5
    endloop
  endfacet
  facet normal 0 0 -1
    outer loop
      vertex 1.53073 3.69552 5
      vertex 1.36343 4.49464 5
      vertex 1.79742 4.33936 5
    endloop
  endfacet
  facet normal 0 0 -1
    outer loop
      vertex 1.16114 3.82776 5
      vertex 1.36343 4.49464 5
      vertex 1.53073 3.69552 5
    endloop
  endfacet
  facet normal 0 0 -1
    outer loop
      vertex 1.16114 3.82776 5
      vertex 0.916318 4.60664 5
      vertex 1.36343 4.49464 5
    endloop
  endfacet
  facet normal 0 0 -1
    outer loop
      vertex 0.780361 3.92314 5
      vertex 0.916318 4.60664 5
      vertex 1.16114 3.82776 5
    endloop
  endfacet
  facet normal 0 0 -1
    outer loop
      vertex 0.780361 3.92314 5
      vertex 0.460376 4.67427 5
      vertex 0.916318 4.60664 5
    endloop
  endfacet
  facet normal 0 0 -1
    outer loop
      vertex 0.392068 3.98074 5
      vertex 0.460376 4.67427 5
      vertex 0.780361 3.92314 5
    endloop
  endfacet
  facet normal 0 0 -1
    outer loop
      vertex 0 4 5
      vertex 0.460376 4.67427 5
      vertex 0.392068 3.98074 5
    endloop
  endfacet
  facet normal 0 0 -1
    outer loop
      vertex 0 4 5
      vertex 0 4.69689 5
      vertex 0.460376 4.67427 5
    endloop
  endfacet
  facet normal 0 0 -1
    outer loop
      vertex -0.392068 3.98074 5
      vertex 0 4.69689 5
      vertex 0 4 5
    endloop
  endfacet
  facet normal 0 0 -1
    outer loop
      vertex -0.392068 3.98074 5
      vertex -0.460376 4.67427 5
      vertex 0 4.69689 5
    endloop
  endfacet
  facet normal 0 0 -1
    outer loop
      vertex -0.780361 3.92314 5
      vertex -0.460376 4.67427 5
      vertex -0.392068 3.98074 5
    endloop
  endfacet
  facet normal 0 0 -1
    outer loop
      vertex -0.780361 3.92314 5
      vertex -0.916318 4.60664 5
      vertex -0.460376 4.67427 5
    endloop
  endfacet
  facet normal 0 0 -1
    outer loop
      vertex -1.16114 3.82776 5
      vertex -0.916318 4.60664 5
      vertex -0.780361 3.92314 5
    endloop
  endfacet
  facet normal 0 0 -1
    outer loop
      vertex -1.16114 3.82776 5
      vertex -1.36343 4.49464 5
      vertex -0.916318 4.60664 5
    endloop
  endfacet
  facet normal 0 0 -1
    outer loop
      vertex -1.53073 3.69552 5
      vertex -1.36343 4.49464 5
      vertex -1.16114 3.82776 5
    endloop
  endfacet
  facet normal 0 0 -1
    outer loop
      vertex -1.53073 3.69552 5
      vertex -1.79742 4.33936 5
      vertex -1.36343 4.49464 5
    endloop
  endfacet
  facet normal 0 0 -1
    outer loop
      vertex -1.88559 3.52768 5
      vertex -1.79742 4.33936 5
      vertex -1.53073 3.69552 5
    endloop
  endfacet
  facet normal 0 0 -1
    outer loop
      vertex -1.88559 3.52768 5
      vertex -2.2141 4.14229 5
      vertex -1.79742 4.33936 5
    endloop
  endfacet
  facet normal 0 0 -1
    outer loop
      vertex -2.22228 3.32588 5
      vertex -2.2141 4.14229 5
      vertex -1.88559 3.52768 5
    endloop
  endfacet
  facet normal 0 0 -1
    outer loop
      vertex -2.60945 3.90532 5
      vertex -2.22228 3.32588 5
      vertex -2.53757 3.09204 5
    endloop
  endfacet
  facet normal 0 0 -1
    outer loop
      vertex -2.22228 3.32588 5
      vertex -2.60945 3.90532 5
      vertex -2.2141 4.14229 5
    endloop
  endfacet
  facet normal 0 0 -1
    outer loop
      vertex -2.97968 3.63075 5
      vertex -2.53757 3.09204 5
      vertex -2.82843 2.82843 5
    endloop
  endfacet
  facet normal 0 0 -1
    outer loop
      vertex -2.53757 3.09204 5
      vertex -2.97968 3.63075 5
      vertex -2.60945 3.90532 5
    endloop
  endfacet
  facet normal 0 0 -1
    outer loop
      vertex -3.3212 3.3212 5
      vertex -2.82843 2.82843 5
      vertex -3.09204 2.53757 5
    endloop
  endfacet
  facet normal 0 0 -1
    outer loop
      vertex -2.82843 2.82843 5
      vertex -3.3212 3.3212 5
      vertex -2.97968 3.63075 5
    endloop
  endfacet
  facet normal 0 0 -1
    outer loop
      vertex -3.63075 2.97968 5
      vertex -3.09204 2.53757 5
      vertex -3.32588 2.22228 5
    endloop
  endfacet
  facet normal 0 0 -1
    outer loop
      vertex -3.90532 2.60945 5
      vertex -3.32588 2.22228 5
      vertex -3.52768 1.88559 5
    endloop
  endfacet
  facet normal 0 0 -1
    outer loop
      vertex -3.09204 2.53757 5
      vertex -3.63075 2.97968 5
      vertex -3.3212 3.3212 5
    endloop
  endfacet
  facet normal 0 0 -1
    outer loop
      vertex -4.14229 2.2141 5
      vertex -3.52768 1.88559 5
      vertex -3.69552 1.53073 5
    endloop
  endfacet
  facet normal 0 0 -1
    outer loop
      vertex -4.33936 1.79742 5
      vertex -3.69552 1.53073 5
      vertex -3.82776 1.16114 5
    endloop
  endfacet
  facet normal 0 0 -1
    outer loop
      vertex -3.32588 2.22228 5
      vertex -3.90532 2.60945 5
      vertex -3.63075 2.97968 5
    endloop
  endfacet
  facet normal 0 0 -1
    outer loop
      vertex -4.49464 1.36343 5
      vertex -3.82776 1.16114 5
      vertex -3.92314 0.780361 5
    endloop
  endfacet
  facet normal 0 0 -1
    outer loop
      vertex -4.60664 0.916318 5
      vertex -3.92314 0.780361 5
      vertex -3.98074 0.392068 5
    endloop
  endfacet
  facet normal 0 0 -1
    outer loop
      vertex -4.67427 0.460376 5
      vertex -3.98074 0.392068 5
      vertex -4 0 5
    endloop
  endfacet
  facet normal 0 0 -1
    outer loop
      vertex -4.60664 -0.916318 5
      vertex -3.92314 -0.780361 5
      vertex -4.49464 -1.36343 5
    endloop
  endfacet
  facet normal 0 0 -1
    outer loop
      vertex -3.52768 1.88559 5
      vertex -4.14229 2.2141 5
      vertex -3.90532 2.60945 5
    endloop
  endfacet
  facet normal -0 0 -1
    outer loop
      vertex -3.92314 -0.780361 5
      vertex -4.60664 -0.916318 5
      vertex -3.98074 -0.392068 5
    endloop
  endfacet
  facet normal 0 0 -1
    outer loop
      vertex -3.69552 1.53073 5
      vertex -4.33936 1.79742 5
      vertex -4.14229 2.2141 5
    endloop
  endfacet
  facet normal 0 0 -1
    outer loop
      vertex -4.67427 -0.460376 5
      vertex -3.98074 -0.392068 5
      vertex -4.60664 -0.916318 5
    endloop
  endfacet
  facet normal 0 0 -1
    outer loop
      vertex -3.82776 1.16114 5
      vertex -4.49464 1.36343 5
      vertex -4.33936 1.79742 5
    endloop
  endfacet
  facet normal -0 0 -1
    outer loop
      vertex -3.98074 -0.392068 5
      vertex -4.67427 -0.460376 5
      vertex -4 0 5
    endloop
  endfacet
  facet normal 0 0 -1
    outer loop
      vertex -3.92314 0.780361 5
      vertex -4.60664 0.916318 5
      vertex -4.49464 1.36343 5
    endloop
  endfacet
  facet normal 0 0 -1
    outer loop
      vertex -4.69689 0 5
      vertex -4 0 5
      vertex -4.67427 -0.460376 5
    endloop
  endfacet
  facet normal 0 0 -1
    outer loop
      vertex -3.98074 0.392068 5
      vertex -4.67427 0.460376 5
      vertex -4.60664 0.916318 5
    endloop
  endfacet
  facet normal 0 0 -1
    outer loop
      vertex -4 0 5
      vertex -4.69689 0 5
      vertex -4.67427 0.460376 5
    endloop
  endfacet
  facet normal -0.336887 0.941545 0
    outer loop
      vertex 1.53073 -3.69552 5
      vertex 1.16114 -3.82776 12
      vertex 1.53073 -3.69552 12
    endloop
  endfacet
  facet normal -0.336887 0.941545 0
    outer loop
      vertex 1.16114 -3.82776 12
      vertex 1.53073 -3.69552 5
      vertex 1.16114 -3.82776 5
    endloop
  endfacet
  facet normal -0.94155 -0.336872 0
    outer loop
      vertex 3.69552 1.53073 5
      vertex 3.72259 1.45507 7.52775
      vertex 3.69552 1.53073 7.65399
    endloop
  endfacet
  facet normal -0.941554 -0.336862 3.67487e-07
    outer loop
      vertex 3.69552 1.53073 5
      vertex 3.75919 1.35277 7.38981
      vertex 3.72259 1.45507 7.52775
    endloop
  endfacet
  facet normal -0.941535 -0.336917 -4.25559e-06
    outer loop
      vertex 3.69552 1.53073 5
      vertex 3.80046 1.23744 7.26256
      vertex 3.75919 1.35277 7.38981
    endloop
  endfacet
  facet normal -0.941545 -0.336887 -0
    outer loop
      vertex 3.82776 1.16114 7.19341
      vertex 3.69552 1.53073 5
      vertex 3.82776 1.16114 5
    endloop
  endfacet
  facet normal -0.941546 -0.336884 5.12468e-07
    outer loop
      vertex 3.69552 1.53073 5
      vertex 3.82776 1.16114 7.19341
      vertex 3.80046 1.23744 7.26256
    endloop
  endfacet
  facet normal -0.94155 -0.336872 -7.51318e-19
    outer loop
      vertex 3.72259 1.45507 9.47225
      vertex 3.69552 1.53073 12
      vertex 3.69552 1.53073 9.34601
    endloop
  endfacet
  facet normal -0.941554 -0.336862 -3.67487e-07
    outer loop
      vertex 3.75919 1.35277 9.61019
      vertex 3.69552 1.53073 12
      vertex 3.72259 1.45507 9.47225
    endloop
  endfacet
  facet normal -0.941535 -0.336917 4.25559e-06
    outer loop
      vertex 3.80046 1.23744 9.73744
      vertex 3.69552 1.53073 12
      vertex 3.75919 1.35277 9.61019
    endloop
  endfacet
  facet normal -0.941546 -0.336884 -5.12468e-07
    outer loop
      vertex 3.82776 1.16114 9.80659
      vertex 3.69552 1.53073 12
      vertex 3.80046 1.23744 9.73744
    endloop
  endfacet
  facet normal -0.941545 -0.336887 3.45178e-18
    outer loop
      vertex 3.69552 1.53073 12
      vertex 3.82776 1.16114 9.80659
      vertex 3.82776 1.16114 12
    endloop
  endfacet
  facet normal -0.803201 0.595708 1.70917e-18
    outer loop
      vertex 3.09204 -2.53757 5
      vertex 3.32588 -2.22228 12
      vertex 3.32588 -2.22228 5
    endloop
  endfacet
  facet normal -0.803201 0.595708 1.70917e-18
    outer loop
      vertex 3.32588 -2.22228 12
      vertex 3.09204 -2.53757 5
      vertex 3.09204 -2.53757 12
    endloop
  endfacet
  facet normal -0.857733 0.514095 -9.41017e-19
    outer loop
      vertex 3.32588 -2.22228 5
      vertex 3.52768 -1.88559 12
      vertex 3.52768 -1.88559 5
    endloop
  endfacet
  facet normal -0.857733 0.514095 -9.41017e-19
    outer loop
      vertex 3.52768 -1.88559 12
      vertex 3.32588 -2.22228 5
      vertex 3.32588 -2.22228 12
    endloop
  endfacet
  facet normal -0.941545 0.336887 -3.45178e-18
    outer loop
      vertex 3.69552 -1.53073 5
      vertex 3.82776 -1.16114 7.19341
      vertex 3.82776 -1.16114 5
    endloop
  endfacet
  facet normal -0.941546 0.336884 5.12468e-07
    outer loop
      vertex 3.82776 -1.16114 7.19341
      vertex 3.69552 -1.53073 5
      vertex 3.80046 -1.23744 7.26256
    endloop
  endfacet
  facet normal -0.941535 0.336917 -4.25559e-06
    outer loop
      vertex 3.80046 -1.23744 7.26256
      vertex 3.69552 -1.53073 5
      vertex 3.75919 -1.35277 7.38981
    endloop
  endfacet
  facet normal -0.941554 0.336862 3.67487e-07
    outer loop
      vertex 3.75919 -1.35277 7.38981
      vertex 3.69552 -1.53073 5
      vertex 3.72259 -1.45507 7.52775
    endloop
  endfacet
  facet normal -0.94155 0.336872 7.51318e-19
    outer loop
      vertex 3.72259 -1.45507 7.52775
      vertex 3.69552 -1.53073 5
      vertex 3.69552 -1.53073 7.65399
    endloop
  endfacet
  facet normal -0.941546 0.336884 -5.12468e-07
    outer loop
      vertex 3.69552 -1.53073 12
      vertex 3.82776 -1.16114 9.80659
      vertex 3.80046 -1.23744 9.73744
    endloop
  endfacet
  facet normal -0.941535 0.336917 4.25559e-06
    outer loop
      vertex 3.69552 -1.53073 12
      vertex 3.80046 -1.23744 9.73744
      vertex 3.75919 -1.35277 9.61019
    endloop
  endfacet
  facet normal -0.941554 0.336862 -3.67487e-07
    outer loop
      vertex 3.69552 -1.53073 12
      vertex 3.75919 -1.35277 9.61019
      vertex 3.72259 -1.45507 9.47225
    endloop
  endfacet
  facet normal -0.94155 0.336872 0
    outer loop
      vertex 3.69552 -1.53073 12
      vertex 3.72259 -1.45507 9.47225
      vertex 3.69552 -1.53073 9.34601
    endloop
  endfacet
  facet normal -0.941545 0.336887 0
    outer loop
      vertex 3.82776 -1.16114 9.80659
      vertex 3.69552 -1.53073 12
      vertex 3.82776 -1.16114 12
    endloop
  endfacet
  facet normal 0.903987 -0.427559 0
    outer loop
      vertex -3.52768 1.88559 12
      vertex -3.59181 1.75 8.5
      vertex -3.52768 1.88559 5
    endloop
  endfacet
  facet normal 0.903921 -0.427699 6.65057e-06
    outer loop
      vertex -3.52768 1.88559 12
      vertex -3.5958 1.74157 8.67153
      vertex -3.59181 1.75 8.5
    endloop
  endfacet
  facet normal 0.903973 -0.427589 7.87634e-07
    outer loop
      vertex -3.52768 1.88559 12
      vertex -3.60772 1.71637 8.84141
      vertex -3.5958 1.74157 8.67153
    endloop
  endfacet
  facet normal 0.904002 -0.427528 -3.15449e-06
    outer loop
      vertex -3.52768 1.88559 12
      vertex -3.62745 1.67465 9.008
      vertex -3.60772 1.71637 8.84141
    endloop
  endfacet
  facet normal 0.903967 -0.427602 3.20885e-06
    outer loop
      vertex -3.52768 1.88559 12
      vertex -3.65482 1.61679 9.1697
      vertex -3.62745 1.67465 9.008
    endloop
  endfacet
  facet normal 0.904027 -0.427476 -1.14261e-05
    outer loop
      vertex -3.52768 1.88559 12
      vertex -3.68954 1.54336 9.32494
      vertex -3.65482 1.61679 9.1697
    endloop
  endfacet
  facet normal 0.903986 -0.427563 0
    outer loop
      vertex -3.69552 1.53073 9.34601
      vertex -3.52768 1.88559 12
      vertex -3.69552 1.53073 12
    endloop
  endfacet
  facet normal 0.903843 -0.427865 4.94639e-05
    outer loop
      vertex -3.52768 1.88559 12
      vertex -3.69552 1.53073 9.34601
      vertex -3.68954 1.54336 9.32494
    endloop
  endfacet
  facet normal 0.903921 -0.427699 -6.65057e-06
    outer loop
      vertex -3.5958 1.74157 8.32847
      vertex -3.52768 1.88559 5
      vertex -3.59181 1.75 8.5
    endloop
  endfacet
  facet normal 0.903973 -0.427589 -7.87634e-07
    outer loop
      vertex -3.60772 1.71637 8.15859
      vertex -3.52768 1.88559 5
      vertex -3.5958 1.74157 8.32847
    endloop
  endfacet
  facet normal 0.904002 -0.427528 3.15449e-06
    outer loop
      vertex -3.62745 1.67465 7.992
      vertex -3.52768 1.88559 5
      vertex -3.60772 1.71637 8.15859
    endloop
  endfacet
  facet normal 0.903967 -0.427602 -3.20885e-06
    outer loop
      vertex -3.65482 1.61679 7.8303
      vertex -3.52768 1.88559 5
      vertex -3.62745 1.67465 7.992
    endloop
  endfacet
  facet normal 0.904027 -0.427476 1.14261e-05
    outer loop
      vertex -3.68954 1.54336 7.67506
      vertex -3.52768 1.88559 5
      vertex -3.65482 1.61679 7.8303
    endloop
  endfacet
  facet normal 0.903843 -0.427865 -4.94639e-05
    outer loop
      vertex -3.69552 1.53073 7.65399
      vertex -3.52768 1.88559 5
      vertex -3.68954 1.54336 7.67506
    endloop
  endfacet
  facet normal 0.903986 -0.427563 3.28138e-19
    outer loop
      vertex -3.52768 1.88559 5
      vertex -3.69552 1.53073 7.65399
      vertex -3.69552 1.53073 5
    endloop
  endfacet
  facet normal 0.24298 -0.970031 0
    outer loop
      vertex -1.16114 3.82776 5
      vertex -0.780361 3.92314 12
      vertex -1.16114 3.82776 12
    endloop
  endfacet
  facet normal 0.24298 -0.970031 0
    outer loop
      vertex -0.780361 3.92314 12
      vertex -1.16114 3.82776 5
      vertex -0.780361 3.92314 5
    endloop
  endfacet
  facet normal -0.903987 -0.427559 0
    outer loop
      vertex 3.52768 1.88559 5
      vertex 3.59181 1.75 8.5
      vertex 3.52768 1.88559 12
    endloop
  endfacet
  facet normal -0.903921 -0.427699 -6.65057e-06
    outer loop
      vertex 3.52768 1.88559 5
      vertex 3.5958 1.74157 8.32847
      vertex 3.59181 1.75 8.5
    endloop
  endfacet
  facet normal -0.903973 -0.427589 -7.87634e-07
    outer loop
      vertex 3.52768 1.88559 5
      vertex 3.60772 1.71637 8.15859
      vertex 3.5958 1.74157 8.32847
    endloop
  endfacet
  facet normal -0.904002 -0.427528 3.15449e-06
    outer loop
      vertex 3.52768 1.88559 5
      vertex 3.62745 1.67465 7.992
      vertex 3.60772 1.71637 8.15859
    endloop
  endfacet
  facet normal -0.903967 -0.427602 -3.20885e-06
    outer loop
      vertex 3.52768 1.88559 5
      vertex 3.65482 1.61679 7.8303
      vertex 3.62745 1.67465 7.992
    endloop
  endfacet
  facet normal -0.904027 -0.427476 1.14261e-05
    outer loop
      vertex 3.52768 1.88559 5
      vertex 3.68954 1.54336 7.67506
      vertex 3.65482 1.61679 7.8303
    endloop
  endfacet
  facet normal -0.903986 -0.427563 -0
    outer loop
      vertex 3.69552 1.53073 7.65399
      vertex 3.52768 1.88559 5
      vertex 3.69552 1.53073 5
    endloop
  endfacet
  facet normal -0.903843 -0.427865 -4.94639e-05
    outer loop
      vertex 3.52768 1.88559 5
      vertex 3.69552 1.53073 7.65399
      vertex 3.68954 1.54336 7.67506
    endloop
  endfacet
  facet normal -0.903921 -0.427699 6.65057e-06
    outer loop
      vertex 3.5958 1.74157 8.67153
      vertex 3.52768 1.88559 12
      vertex 3.59181 1.75 8.5
    endloop
  endfacet
  facet normal -0.903973 -0.427589 7.87634e-07
    outer loop
      vertex 3.60772 1.71637 8.84141
      vertex 3.52768 1.88559 12
      vertex 3.5958 1.74157 8.67153
    endloop
  endfacet
  facet normal -0.904002 -0.427528 -3.15449e-06
    outer loop
      vertex 3.62745 1.67465 9.008
      vertex 3.52768 1.88559 12
      vertex 3.60772 1.71637 8.84141
    endloop
  endfacet
  facet normal -0.903967 -0.427602 3.20885e-06
    outer loop
      vertex 3.65482 1.61679 9.1697
      vertex 3.52768 1.88559 12
      vertex 3.62745 1.67465 9.008
    endloop
  endfacet
  facet normal -0.904027 -0.427476 -1.14261e-05
    outer loop
      vertex 3.68954 1.54336 9.32494
      vertex 3.52768 1.88559 12
      vertex 3.65482 1.61679 9.1697
    endloop
  endfacet
  facet normal -0.903843 -0.427865 4.94639e-05
    outer loop
      vertex 3.69552 1.53073 9.34601
      vertex 3.52768 1.88559 12
      vertex 3.68954 1.54336 9.32494
    endloop
  endfacet
  facet normal -0.903986 -0.427563 -3.28138e-19
    outer loop
      vertex 3.52768 1.88559 12
      vertex 3.69552 1.53073 9.34601
      vertex 3.69552 1.53073 12
    endloop
  endfacet
  facet normal -0.146736 -0.989176 0
    outer loop
      vertex 0.392068 3.98074 5
      vertex 0.780361 3.92314 12
      vertex 0.392068 3.98074 12
    endloop
  endfacet
  facet normal -0.146736 -0.989176 -0
    outer loop
      vertex 0.780361 3.92314 12
      vertex 0.392068 3.98074 5
      vertex 0.780361 3.92314 5
    endloop
  endfacet
  facet normal 0.857733 0.514095 9.41017e-19
    outer loop
      vertex -3.32588 -2.22228 12
      vertex -3.52768 -1.88559 5
      vertex -3.52768 -1.88559 12
    endloop
  endfacet
  facet normal 0.857733 0.514095 9.41017e-19
    outer loop
      vertex -3.52768 -1.88559 5
      vertex -3.32588 -2.22228 12
      vertex -3.32588 -2.22228 5
    endloop
  endfacet
  facet normal -0.857733 -0.514095 9.41017e-19
    outer loop
      vertex 3.52768 1.88559 5
      vertex 3.32588 2.22228 12
      vertex 3.32588 2.22228 5
    endloop
  endfacet
  facet normal -0.857733 -0.514095 9.41017e-19
    outer loop
      vertex 3.32588 2.22228 12
      vertex 3.52768 1.88559 5
      vertex 3.52768 1.88559 12
    endloop
  endfacet
  facet normal 0.740964 0.671545 4.87264e-19
    outer loop
      vertex -2.82843 -2.82843 12
      vertex -3.09204 -2.53757 5
      vertex -3.09204 -2.53757 12
    endloop
  endfacet
  facet normal 0.740964 0.671545 4.87264e-19
    outer loop
      vertex -3.09204 -2.53757 5
      vertex -2.82843 -2.82843 12
      vertex -2.82843 -2.82843 5
    endloop
  endfacet
  facet normal -0.24298 0.970031 0
    outer loop
      vertex 1.16114 -3.82776 5
      vertex 0.780361 -3.92314 12
      vertex 1.16114 -3.82776 12
    endloop
  endfacet
  facet normal -0.24298 0.970031 0
    outer loop
      vertex 0.780361 -3.92314 12
      vertex 1.16114 -3.82776 5
      vertex 0.780361 -3.92314 5
    endloop
  endfacet
  facet normal 0.514095 -0.857733 0
    outer loop
      vertex -2.22228 3.32588 5
      vertex -1.88559 3.52768 12
      vertex -2.22228 3.32588 12
    endloop
  endfacet
  facet normal 0.514095 -0.857733 0
    outer loop
      vertex -1.88559 3.52768 12
      vertex -2.22228 3.32588 5
      vertex -1.88559 3.52768 5
    endloop
  endfacet
  facet normal 0.427563 -0.903986 0
    outer loop
      vertex -1.88559 3.52768 5
      vertex -1.53073 3.69552 12
      vertex -1.88559 3.52768 12
    endloop
  endfacet
  facet normal 0.427563 -0.903986 0
    outer loop
      vertex -1.53073 3.69552 12
      vertex -1.88559 3.52768 5
      vertex -1.53073 3.69552 5
    endloop
  endfacet
  facet normal 0.941546 0.336884 5.12468e-07
    outer loop
      vertex -3.69552 -1.53073 5
      vertex -3.82776 -1.16114 7.19341
      vertex -3.80046 -1.23744 7.26256
    endloop
  endfacet
  facet normal 0.941535 0.336917 -4.25559e-06
    outer loop
      vertex -3.69552 -1.53073 5
      vertex -3.80046 -1.23744 7.26256
      vertex -3.75919 -1.35277 7.38981
    endloop
  endfacet
  facet normal 0.941554 0.336862 3.67487e-07
    outer loop
      vertex -3.69552 -1.53073 5
      vertex -3.75919 -1.35277 7.38981
      vertex -3.72259 -1.45507 7.52775
    endloop
  endfacet
  facet normal 0.94155 0.336872 -0
    outer loop
      vertex -3.69552 -1.53073 5
      vertex -3.72259 -1.45507 7.52775
      vertex -3.69552 -1.53073 7.65399
    endloop
  endfacet
  facet normal 0.941545 0.336887 0
    outer loop
      vertex -3.82776 -1.16114 7.19341
      vertex -3.69552 -1.53073 5
      vertex -3.82776 -1.16114 5
    endloop
  endfacet
  facet normal 0.941545 0.336887 3.45178e-18
    outer loop
      vertex -3.69552 -1.53073 12
      vertex -3.82776 -1.16114 9.80659
      vertex -3.82776 -1.16114 12
    endloop
  endfacet
  facet normal 0.941546 0.336884 -5.12468e-07
    outer loop
      vertex -3.82776 -1.16114 9.80659
      vertex -3.69552 -1.53073 12
      vertex -3.80046 -1.23744 9.73744
    endloop
  endfacet
  facet normal 0.941535 0.336917 4.25559e-06
    outer loop
      vertex -3.80046 -1.23744 9.73744
      vertex -3.69552 -1.53073 12
      vertex -3.75919 -1.35277 9.61019
    endloop
  endfacet
  facet normal 0.941554 0.336862 -3.67487e-07
    outer loop
      vertex -3.75919 -1.35277 9.61019
      vertex -3.69552 -1.53073 12
      vertex -3.72259 -1.45507 9.47225
    endloop
  endfacet
  facet normal 0.94155 0.336872 -7.51318e-19
    outer loop
      vertex -3.72259 -1.45507 9.47225
      vertex -3.69552 -1.53073 12
      vertex -3.69552 -1.53073 9.34601
    endloop
  endfacet
  facet normal 0.514095 0.857733 -0
    outer loop
      vertex -1.88559 -3.52768 5
      vertex -2.22228 -3.32588 12
      vertex -1.88559 -3.52768 12
    endloop
  endfacet
  facet normal 0.514095 0.857733 0
    outer loop
      vertex -2.22228 -3.32588 12
      vertex -1.88559 -3.52768 5
      vertex -2.22228 -3.32588 5
    endloop
  endfacet
  facet normal -0.671545 -0.740964 0
    outer loop
      vertex 2.53757 3.09204 5
      vertex 2.82843 2.82843 12
      vertex 2.53757 3.09204 12
    endloop
  endfacet
  facet normal -0.671545 -0.740964 -0
    outer loop
      vertex 2.82843 2.82843 12
      vertex 2.53757 3.09204 5
      vertex 2.82843 2.82843 5
    endloop
  endfacet
  facet normal 0.970042 -0.242939 0
    outer loop
      vertex -3.82776 1.16114 12
      vertex -3.84052 1.11019 9.85277
      vertex -3.82776 1.16114 9.80659
    endloop
  endfacet
  facet normal 0.97002 -0.243025 2.18626e-06
    outer loop
      vertex -3.82776 1.16114 12
      vertex -3.87508 0.972247 9.95507
      vertex -3.84052 1.11019 9.85277
    endloop
  endfacet
  facet normal 0.970042 -0.242937 -6.45412e-06
    outer loop
      vertex -3.82776 1.16114 12
      vertex -3.91197 0.824944 10.0434
      vertex -3.87508 0.972247 9.95507
    endloop
  endfacet
  facet normal 0.970031 -0.24298 0
    outer loop
      vertex -3.92314 0.780361 10.0644
      vertex -3.82776 1.16114 12
      vertex -3.92314 0.780361 12
    endloop
  endfacet
  facet normal 0.970019 -0.243028 1.00292e-05
    outer loop
      vertex -3.82776 1.16114 12
      vertex -3.92314 0.780361 10.0644
      vertex -3.91197 0.824944 10.0434
    endloop
  endfacet
  facet normal 0.970042 -0.242939 -2.93707e-19
    outer loop
      vertex -3.84052 1.11019 7.14723
      vertex -3.82776 1.16114 5
      vertex -3.82776 1.16114 7.19341
    endloop
  endfacet
  facet normal 0.97002 -0.243025 -2.18626e-06
    outer loop
      vertex -3.87508 0.972247 7.04493
      vertex -3.82776 1.16114 5
      vertex -3.84052 1.11019 7.14723
    endloop
  endfacet
  facet normal 0.970042 -0.242937 6.45427e-06
    outer loop
      vertex -3.91197 0.824944 6.95664
      vertex -3.82776 1.16114 5
      vertex -3.87508 0.972247 7.04493
    endloop
  endfacet
  facet normal 0.970019 -0.243028 -1.00258e-05
    outer loop
      vertex -3.92314 0.780361 6.93555
      vertex -3.82776 1.16114 5
      vertex -3.91197 0.824944 6.95664
    endloop
  endfacet
  facet normal 0.970031 -0.24298 -1.43525e-18
    outer loop
      vertex -3.82776 1.16114 5
      vertex -3.92314 0.780361 6.93555
      vertex -3.92314 0.780361 5
    endloop
  endfacet
  facet normal 0.803201 0.595708 -1.70917e-18
    outer loop
      vertex -3.09204 -2.53757 12
      vertex -3.32588 -2.22228 5
      vertex -3.32588 -2.22228 12
    endloop
  endfacet
  facet normal 0.803201 0.595708 -1.70917e-18
    outer loop
      vertex -3.32588 -2.22228 5
      vertex -3.09204 -2.53757 12
      vertex -3.09204 -2.53757 5
    endloop
  endfacet
  facet normal 0.989176 0.146736 2.24263e-18
    outer loop
      vertex -3.92314 -0.780361 12
      vertex -3.98074 -0.392068 10.2037
      vertex -3.98074 -0.392068 12
    endloop
  endfacet
  facet normal 0.989172 0.146758 4.82817e-06
    outer loop
      vertex -3.98074 -0.392068 10.2037
      vertex -3.92314 -0.780361 12
      vertex -3.96354 -0.507998 10.1746
    endloop
  endfacet
  facet normal 0.989181 0.146698 -4.24573e-06
    outer loop
      vertex -3.96354 -0.507998 10.1746
      vertex -3.92314 -0.780361 12
      vertex -3.93956 -0.669696 10.1168
    endloop
  endfacet
  facet normal 0.989171 0.146769 1.41616e-19
    outer loop
      vertex -3.93956 -0.669696 10.1168
      vertex -3.92314 -0.780361 12
      vertex -3.92314 -0.780361 10.0644
    endloop
  endfacet
  facet normal 0.989172 0.146758 -4.82871e-06
    outer loop
      vertex -3.92314 -0.780361 5
      vertex -3.98074 -0.392068 6.79632
      vertex -3.96354 -0.507998 6.82535
    endloop
  endfacet
  facet normal 0.989181 0.146698 4.24562e-06
    outer loop
      vertex -3.92314 -0.780361 5
      vertex -3.96354 -0.507998 6.82535
      vertex -3.93956 -0.669696 6.88321
    endloop
  endfacet
  facet normal 0.989171 0.146769 -0
    outer loop
      vertex -3.92314 -0.780361 5
      vertex -3.93956 -0.669696 6.88321
      vertex -3.92314 -0.780361 6.93555
    endloop
  endfacet
  facet normal 0.989176 0.146736 0
    outer loop
      vertex -3.98074 -0.392068 6.79632
      vertex -3.92314 -0.780361 5
      vertex -3.98074 -0.392068 5
    endloop
  endfacet
  facet normal -0.595708 0.803201 0
    outer loop
      vertex 2.53757 -3.09204 5
      vertex 2.22228 -3.32588 12
      vertex 2.53757 -3.09204 12
    endloop
  endfacet
  facet normal -0.595708 0.803201 0
    outer loop
      vertex 2.22228 -3.32588 12
      vertex 2.53757 -3.09204 5
      vertex 2.22228 -3.32588 5
    endloop
  endfacet
  facet normal 0.671545 0.740964 -0
    outer loop
      vertex -2.53757 -3.09204 5
      vertex -2.82843 -2.82843 12
      vertex -2.53757 -3.09204 12
    endloop
  endfacet
  facet normal 0.671545 0.740964 0
    outer loop
      vertex -2.82843 -2.82843 12
      vertex -2.53757 -3.09204 5
      vertex -2.82843 -2.82843 5
    endloop
  endfacet
  facet normal 0.803201 -0.595708 1.70917e-18
    outer loop
      vertex -3.32588 2.22228 12
      vertex -3.09204 2.53757 5
      vertex -3.09204 2.53757 12
    endloop
  endfacet
  facet normal 0.803201 -0.595708 1.70917e-18
    outer loop
      vertex -3.09204 2.53757 5
      vertex -3.32588 2.22228 12
      vertex -3.32588 2.22228 5
    endloop
  endfacet
  facet normal 0.857733 -0.514095 -9.41017e-19
    outer loop
      vertex -3.52768 1.88559 12
      vertex -3.32588 2.22228 5
      vertex -3.32588 2.22228 12
    endloop
  endfacet
  facet normal 0.857733 -0.514095 -9.41017e-19
    outer loop
      vertex -3.32588 2.22228 5
      vertex -3.52768 1.88559 12
      vertex -3.52768 1.88559 5
    endloop
  endfacet
  facet normal 0 0 -1
    outer loop
      vertex 3 0 12
      vertex 4 0 12
      vertex 3.98074 -0.392068 12
    endloop
  endfacet
  facet normal 0 0 -1
    outer loop
      vertex 2.98555 -0.294051 12
      vertex 3.98074 -0.392068 12
      vertex 3.92314 -0.780361 12
    endloop
  endfacet
  facet normal 0 0 -1
    outer loop
      vertex 4 0 12
      vertex 3 0 12
      vertex 3.98074 0.392068 12
    endloop
  endfacet
  facet normal 0 0 -1
    outer loop
      vertex 2.94236 -0.585271 12
      vertex 3.92314 -0.780361 12
      vertex 3.82776 -1.16114 12
    endloop
  endfacet
  facet normal 0 0 -1
    outer loop
      vertex 2.98555 0.294051 12
      vertex 3.98074 0.392068 12
      vertex 3 0 12
    endloop
  endfacet
  facet normal 0 0 -1
    outer loop
      vertex 2.87082 -0.870853 12
      vertex 3.82776 -1.16114 12
      vertex 3.69552 -1.53073 12
    endloop
  endfacet
  facet normal -0 0 -1
    outer loop
      vertex 3.98074 0.392068 12
      vertex 2.98555 0.294051 12
      vertex 3.92314 0.780361 12
    endloop
  endfacet
  facet normal 0 0 -1
    outer loop
      vertex 2.77164 -1.14805 12
      vertex 3.69552 -1.53073 12
      vertex 3.52768 -1.88559 12
    endloop
  endfacet
  facet normal 0 0 -1
    outer loop
      vertex 2.94236 0.585271 12
      vertex 3.92314 0.780361 12
      vertex 2.98555 0.294051 12
    endloop
  endfacet
  facet normal 0 0 -1
    outer loop
      vertex 2.64576 -1.41419 12
      vertex 3.52768 -1.88559 12
      vertex 3.32588 -2.22228 12
    endloop
  endfacet
  facet normal -0 0 -1
    outer loop
      vertex 3.92314 0.780361 12
      vertex 2.94236 0.585271 12
      vertex 3.82776 1.16114 12
    endloop
  endfacet
  facet normal 0 0 -1
    outer loop
      vertex 2.49441 -1.66671 12
      vertex 3.32588 -2.22228 12
      vertex 3.09204 -2.53757 12
    endloop
  endfacet
  facet normal 0 0 -1
    outer loop
      vertex 2.87082 0.870853 12
      vertex 3.82776 1.16114 12
      vertex 2.94236 0.585271 12
    endloop
  endfacet
  facet normal -0 0 -1
    outer loop
      vertex 3.82776 1.16114 12
      vertex 2.87082 0.870853 12
      vertex 3.69552 1.53073 12
    endloop
  endfacet
  facet normal 0 0 -1
    outer loop
      vertex 3.98074 -0.392068 12
      vertex 2.98555 -0.294051 12
      vertex 3 0 12
    endloop
  endfacet
  facet normal 0 0 -1
    outer loop
      vertex 3.92314 -0.780361 12
      vertex 2.94236 -0.585271 12
      vertex 2.98555 -0.294051 12
    endloop
  endfacet
  facet normal 0 0 -1
    outer loop
      vertex 3.82776 -1.16114 12
      vertex 2.87082 -0.870853 12
      vertex 2.94236 -0.585271 12
    endloop
  endfacet
  facet normal 0 0 -1
    outer loop
      vertex 2.31903 -1.90318 12
      vertex 3.09204 -2.53757 12
      vertex 2.82843 -2.82843 12
    endloop
  endfacet
  facet normal 0 0 -1
    outer loop
      vertex 3.69552 -1.53073 12
      vertex 2.77164 -1.14805 12
      vertex 2.87082 -0.870853 12
    endloop
  endfacet
  facet normal 0 0 -1
    outer loop
      vertex 3.52768 -1.88559 12
      vertex 2.64576 -1.41419 12
      vertex 2.77164 -1.14805 12
    endloop
  endfacet
  facet normal 0 0 -1
    outer loop
      vertex 2.12132 -2.12132 12
      vertex 2.82843 -2.82843 12
      vertex 2.53757 -3.09204 12
    endloop
  endfacet
  facet normal 0 0 -1
    outer loop
      vertex 3.32588 -2.22228 12
      vertex 2.49441 -1.66671 12
      vertex 2.64576 -1.41419 12
    endloop
  endfacet
  facet normal 0 0 -1
    outer loop
      vertex 3.09204 -2.53757 12
      vertex 2.31903 -1.90318 12
      vertex 2.49441 -1.66671 12
    endloop
  endfacet
  facet normal 0 0 -1
    outer loop
      vertex 1.90318 -2.31903 12
      vertex 2.53757 -3.09204 12
      vertex 2.22228 -3.32588 12
    endloop
  endfacet
  facet normal 0 0 -1
    outer loop
      vertex 2.82843 -2.82843 12
      vertex 2.12132 -2.12132 12
      vertex 2.31903 -1.90318 12
    endloop
  endfacet
  facet normal 0 0 -1
    outer loop
      vertex 2.53757 -3.09204 12
      vertex 1.90318 -2.31903 12
      vertex 2.12132 -2.12132 12
    endloop
  endfacet
  facet normal 0 0 -1
    outer loop
      vertex 1.66671 -2.49441 12
      vertex 2.22228 -3.32588 12
      vertex 1.88559 -3.52768 12
    endloop
  endfacet
  facet normal 0 0 -1
    outer loop
      vertex 2.22228 -3.32588 12
      vertex 1.66671 -2.49441 12
      vertex 1.90318 -2.31903 12
    endloop
  endfacet
  facet normal 0 0 -1
    outer loop
      vertex 1.41419 -2.64576 12
      vertex 1.88559 -3.52768 12
      vertex 1.53073 -3.69552 12
    endloop
  endfacet
  facet normal 0 0 -1
    outer loop
      vertex 1.88559 -3.52768 12
      vertex 1.41419 -2.64576 12
      vertex 1.66671 -2.49441 12
    endloop
  endfacet
  facet normal 0 0 -1
    outer loop
      vertex 1.14805 -2.77164 12
      vertex 1.53073 -3.69552 12
      vertex 1.16114 -3.82776 12
    endloop
  endfacet
  facet normal 0 0 -1
    outer loop
      vertex 1.53073 -3.69552 12
      vertex 1.14805 -2.77164 12
      vertex 1.41419 -2.64576 12
    endloop
  endfacet
  facet normal 0 0 -1
    outer loop
      vertex 1.16114 -3.82776 12
      vertex 0.870853 -2.87082 12
      vertex 1.14805 -2.77164 12
    endloop
  endfacet
  facet normal 0 0 -1
    outer loop
      vertex 0.780361 -3.92314 12
      vertex 0.870853 -2.87082 12
      vertex 1.16114 -3.82776 12
    endloop
  endfacet
  facet normal 0 0 -1
    outer loop
      vertex 0.780361 -3.92314 12
      vertex 0.585271 -2.94236 12
      vertex 0.870853 -2.87082 12
    endloop
  endfacet
  facet normal 0 0 -1
    outer loop
      vertex 0.392068 -3.98074 12
      vertex 0.585271 -2.94236 12
      vertex 0.780361 -3.92314 12
    endloop
  endfacet
  facet normal 0 0 -1
    outer loop
      vertex 0.392068 -3.98074 12
      vertex 0.294051 -2.98555 12
      vertex 0.585271 -2.94236 12
    endloop
  endfacet
  facet normal 0 0 -1
    outer loop
      vertex 0 -4 12
      vertex 0.294051 -2.98555 12
      vertex 0.392068 -3.98074 12
    endloop
  endfacet
  facet normal 0 0 -1
    outer loop
      vertex 0 -4 12
      vertex 0 -3 12
      vertex 0.294051 -2.98555 12
    endloop
  endfacet
  facet normal 0 0 -1
    outer loop
      vertex 0 -4 12
      vertex -0.294051 -2.98555 12
      vertex 0 -3 12
    endloop
  endfacet
  facet normal 0 0 -1
    outer loop
      vertex -0.392068 -3.98074 12
      vertex -0.294051 -2.98555 12
      vertex 0 -4 12
    endloop
  endfacet
  facet normal 0 0 -1
    outer loop
      vertex -0.392068 -3.98074 12
      vertex -0.585271 -2.94236 12
      vertex -0.294051 -2.98555 12
    endloop
  endfacet
  facet normal 0 0 -1
    outer loop
      vertex -0.780361 -3.92314 12
      vertex -0.585271 -2.94236 12
      vertex -0.392068 -3.98074 12
    endloop
  endfacet
  facet normal 0 0 -1
    outer loop
      vertex -0.780361 -3.92314 12
      vertex -0.870853 -2.87082 12
      vertex -0.585271 -2.94236 12
    endloop
  endfacet
  facet normal 0 0 -1
    outer loop
      vertex -1.16114 -3.82776 12
      vertex -0.870853 -2.87082 12
      vertex -0.780361 -3.92314 12
    endloop
  endfacet
  facet normal -0 0 -1
    outer loop
      vertex -0.870853 -2.87082 12
      vertex -1.16114 -3.82776 12
      vertex -1.14805 -2.77164 12
    endloop
  endfacet
  facet normal 0 0 -1
    outer loop
      vertex -1.53073 -3.69552 12
      vertex -1.14805 -2.77164 12
      vertex -1.16114 -3.82776 12
    endloop
  endfacet
  facet normal -0 0 -1
    outer loop
      vertex -1.14805 -2.77164 12
      vertex -1.53073 -3.69552 12
      vertex -1.41419 -2.64576 12
    endloop
  endfacet
  facet normal 0 0 -1
    outer loop
      vertex -1.88559 -3.52768 12
      vertex -1.41419 -2.64576 12
      vertex -1.53073 -3.69552 12
    endloop
  endfacet
  facet normal -0 0 -1
    outer loop
      vertex -1.41419 -2.64576 12
      vertex -1.88559 -3.52768 12
      vertex -1.66671 -2.49441 12
    endloop
  endfacet
  facet normal 0 0 -1
    outer loop
      vertex -2.22228 -3.32588 12
      vertex -1.66671 -2.49441 12
      vertex -1.88559 -3.52768 12
    endloop
  endfacet
  facet normal -0 0 -1
    outer loop
      vertex -1.66671 -2.49441 12
      vertex -2.22228 -3.32588 12
      vertex -1.90318 -2.31903 12
    endloop
  endfacet
  facet normal 0 0 -1
    outer loop
      vertex -2.53757 -3.09204 12
      vertex -1.90318 -2.31903 12
      vertex -2.22228 -3.32588 12
    endloop
  endfacet
  facet normal -0 0 -1
    outer loop
      vertex -1.90318 -2.31903 12
      vertex -2.53757 -3.09204 12
      vertex -2.12132 -2.12132 12
    endloop
  endfacet
  facet normal 0 0 -1
    outer loop
      vertex -2.82843 -2.82843 12
      vertex -2.12132 -2.12132 12
      vertex -2.53757 -3.09204 12
    endloop
  endfacet
  facet normal -0 0 -1
    outer loop
      vertex -2.12132 -2.12132 12
      vertex -2.82843 -2.82843 12
      vertex -2.31903 -1.90318 12
    endloop
  endfacet
  facet normal 0 0 -1
    outer loop
      vertex -3.09204 -2.53757 12
      vertex -2.31903 -1.90318 12
      vertex -2.82843 -2.82843 12
    endloop
  endfacet
  facet normal -0 0 -1
    outer loop
      vertex -2.31903 -1.90318 12
      vertex -3.09204 -2.53757 12
      vertex -2.49441 -1.66671 12
    endloop
  endfacet
  facet normal 0 0 -1
    outer loop
      vertex -3.32588 -2.22228 12
      vertex -2.49441 -1.66671 12
      vertex -3.09204 -2.53757 12
    endloop
  endfacet
  facet normal -0 0 -1
    outer loop
      vertex -2.49441 -1.66671 12
      vertex -3.32588 -2.22228 12
      vertex -2.64576 -1.41419 12
    endloop
  endfacet
  facet normal 0 0 -1
    outer loop
      vertex -3.52768 -1.88559 12
      vertex -2.64576 -1.41419 12
      vertex -3.32588 -2.22228 12
    endloop
  endfacet
  facet normal -0 0 -1
    outer loop
      vertex -2.64576 -1.41419 12
      vertex -3.52768 -1.88559 12
      vertex -2.77164 -1.14805 12
    endloop
  endfacet
  facet normal -0 0 -1
    outer loop
      vertex -2.77164 -1.14805 12
      vertex -3.69552 -1.53073 12
      vertex -2.87082 -0.870853 12
    endloop
  endfacet
  facet normal 0 0 -1
    outer loop
      vertex -3.69552 -1.53073 12
      vertex -2.77164 -1.14805 12
      vertex -3.52768 -1.88559 12
    endloop
  endfacet
  facet normal 0 0 -1
    outer loop
      vertex 2.77164 1.14805 12
      vertex 3.69552 1.53073 12
      vertex 2.87082 0.870853 12
    endloop
  endfacet
  facet normal -0 0 -1
    outer loop
      vertex 3.69552 1.53073 12
      vertex 2.77164 1.14805 12
      vertex 3.52768 1.88559 12
    endloop
  endfacet
  facet normal 0 0 -1
    outer loop
      vertex 2.64576 1.41419 12
      vertex 3.52768 1.88559 12
      vertex 2.77164 1.14805 12
    endloop
  endfacet
  facet normal -0 0 -1
    outer loop
      vertex 3.52768 1.88559 12
      vertex 2.64576 1.41419 12
      vertex 3.32588 2.22228 12
    endloop
  endfacet
  facet normal 0 0 -1
    outer loop
      vertex 2.49441 1.66671 12
      vertex 3.32588 2.22228 12
      vertex 2.64576 1.41419 12
    endloop
  endfacet
  facet normal -0 0 -1
    outer loop
      vertex 3.32588 2.22228 12
      vertex 2.49441 1.66671 12
      vertex 3.09204 2.53757 12
    endloop
  endfacet
  facet normal 0 0 -1
    outer loop
      vertex 2.31903 1.90318 12
      vertex 3.09204 2.53757 12
      vertex 2.49441 1.66671 12
    endloop
  endfacet
  facet normal -0 0 -1
    outer loop
      vertex 3.09204 2.53757 12
      vertex 2.31903 1.90318 12
      vertex 2.82843 2.82843 12
    endloop
  endfacet
  facet normal 0 0 -1
    outer loop
      vertex 2.12132 2.12132 12
      vertex 2.82843 2.82843 12
      vertex 2.31903 1.90318 12
    endloop
  endfacet
  facet normal -0 0 -1
    outer loop
      vertex 2.82843 2.82843 12
      vertex 2.12132 2.12132 12
      vertex 2.53757 3.09204 12
    endloop
  endfacet
  facet normal 0 0 -1
    outer loop
      vertex 1.90318 2.31903 12
      vertex 2.53757 3.09204 12
      vertex 2.12132 2.12132 12
    endloop
  endfacet
  facet normal -0 0 -1
    outer loop
      vertex 2.53757 3.09204 12
      vertex 1.90318 2.31903 12
      vertex 2.22228 3.32588 12
    endloop
  endfacet
  facet normal 0 0 -1
    outer loop
      vertex 1.66671 2.49441 12
      vertex 2.22228 3.32588 12
      vertex 1.90318 2.31903 12
    endloop
  endfacet
  facet normal -0 0 -1
    outer loop
      vertex 2.22228 3.32588 12
      vertex 1.66671 2.49441 12
      vertex 1.88559 3.52768 12
    endloop
  endfacet
  facet normal 0 0 -1
    outer loop
      vertex 1.41419 2.64576 12
      vertex 1.88559 3.52768 12
      vertex 1.66671 2.49441 12
    endloop
  endfacet
  facet normal -0 0 -1
    outer loop
      vertex 1.88559 3.52768 12
      vertex 1.41419 2.64576 12
      vertex 1.53073 3.69552 12
    endloop
  endfacet
  facet normal 0 0 -1
    outer loop
      vertex 1.14805 2.77164 12
      vertex 1.53073 3.69552 12
      vertex 1.41419 2.64576 12
    endloop
  endfacet
  facet normal -0 0 -1
    outer loop
      vertex 1.53073 3.69552 12
      vertex 1.14805 2.77164 12
      vertex 1.16114 3.82776 12
    endloop
  endfacet
  facet normal 0 0 -1
    outer loop
      vertex 0.870853 2.87082 12
      vertex 1.16114 3.82776 12
      vertex 1.14805 2.77164 12
    endloop
  endfacet
  facet normal 0 0 -1
    outer loop
      vertex 0.870853 2.87082 12
      vertex 0.780361 3.92314 12
      vertex 1.16114 3.82776 12
    endloop
  endfacet
  facet normal 0 0 -1
    outer loop
      vertex 0.585271 2.94236 12
      vertex 0.780361 3.92314 12
      vertex 0.870853 2.87082 12
    endloop
  endfacet
  facet normal 0 0 -1
    outer loop
      vertex 0.585271 2.94236 12
      vertex 0.392068 3.98074 12
      vertex 0.780361 3.92314 12
    endloop
  endfacet
  facet normal 0 0 -1
    outer loop
      vertex 0.294051 2.98555 12
      vertex 0.392068 3.98074 12
      vertex 0.585271 2.94236 12
    endloop
  endfacet
  facet normal 0 0 -1
    outer loop
      vertex 0 3 12
      vertex 0.392068 3.98074 12
      vertex 0.294051 2.98555 12
    endloop
  endfacet
  facet normal 0 0 -1
    outer loop
      vertex 0 3 12
      vertex 0 4 12
      vertex 0.392068 3.98074 12
    endloop
  endfacet
  facet normal 0 0 -1
    outer loop
      vertex -0.294051 2.98555 12
      vertex 0 4 12
      vertex 0 3 12
    endloop
  endfacet
  facet normal 0 0 -1
    outer loop
      vertex -0.294051 2.98555 12
      vertex -0.392068 3.98074 12
      vertex 0 4 12
    endloop
  endfacet
  facet normal 0 0 -1
    outer loop
      vertex -0.585271 2.94236 12
      vertex -0.392068 3.98074 12
      vertex -0.294051 2.98555 12
    endloop
  endfacet
  facet normal 0 0 -1
    outer loop
      vertex -0.585271 2.94236 12
      vertex -0.780361 3.92314 12
      vertex -0.392068 3.98074 12
    endloop
  endfacet
  facet normal 0 0 -1
    outer loop
      vertex -0.870853 2.87082 12
      vertex -0.780361 3.92314 12
      vertex -0.585271 2.94236 12
    endloop
  endfacet
  facet normal 0 0 -1
    outer loop
      vertex -1.16114 3.82776 12
      vertex -0.870853 2.87082 12
      vertex -1.14805 2.77164 12
    endloop
  endfacet
  facet normal 0 0 -1
    outer loop
      vertex -0.870853 2.87082 12
      vertex -1.16114 3.82776 12
      vertex -0.780361 3.92314 12
    endloop
  endfacet
  facet normal 0 0 -1
    outer loop
      vertex -1.53073 3.69552 12
      vertex -1.14805 2.77164 12
      vertex -1.41419 2.64576 12
    endloop
  endfacet
  facet normal 0 0 -1
    outer loop
      vertex -1.14805 2.77164 12
      vertex -1.53073 3.69552 12
      vertex -1.16114 3.82776 12
    endloop
  endfacet
  facet normal 0 0 -1
    outer loop
      vertex -1.88559 3.52768 12
      vertex -1.41419 2.64576 12
      vertex -1.66671 2.49441 12
    endloop
  endfacet
  facet normal 0 0 -1
    outer loop
      vertex -1.41419 2.64576 12
      vertex -1.88559 3.52768 12
      vertex -1.53073 3.69552 12
    endloop
  endfacet
  facet normal 0 0 -1
    outer loop
      vertex -2.22228 3.32588 12
      vertex -1.66671 2.49441 12
      vertex -1.90318 2.31903 12
    endloop
  endfacet
  facet normal 0 0 -1
    outer loop
      vertex -2.53757 3.09204 12
      vertex -1.90318 2.31903 12
      vertex -2.12132 2.12132 12
    endloop
  endfacet
  facet normal 0 0 -1
    outer loop
      vertex -1.66671 2.49441 12
      vertex -2.22228 3.32588 12
      vertex -1.88559 3.52768 12
    endloop
  endfacet
  facet normal 0 0 -1
    outer loop
      vertex -2.82843 2.82843 12
      vertex -2.12132 2.12132 12
      vertex -2.31903 1.90318 12
    endloop
  endfacet
  facet normal 0 0 -1
    outer loop
      vertex -3.09204 2.53757 12
      vertex -2.31903 1.90318 12
      vertex -2.49441 1.66671 12
    endloop
  endfacet
  facet normal 0 0 -1
    outer loop
      vertex -1.90318 2.31903 12
      vertex -2.53757 3.09204 12
      vertex -2.22228 3.32588 12
    endloop
  endfacet
  facet normal 0 0 -1
    outer loop
      vertex -3.32588 2.22228 12
      vertex -2.49441 1.66671 12
      vertex -2.64576 1.41419 12
    endloop
  endfacet
  facet normal 0 0 -1
    outer loop
      vertex -3.52768 1.88559 12
      vertex -2.64576 1.41419 12
      vertex -2.77164 1.14805 12
    endloop
  endfacet
  facet normal 0 0 -1
    outer loop
      vertex -2.12132 2.12132 12
      vertex -2.82843 2.82843 12
      vertex -2.53757 3.09204 12
    endloop
  endfacet
  facet normal 0 0 -1
    outer loop
      vertex -3.69552 1.53073 12
      vertex -2.77164 1.14805 12
      vertex -2.87082 0.870853 12
    endloop
  endfacet
  facet normal 0 0 -1
    outer loop
      vertex -3.82776 1.16114 12
      vertex -2.87082 0.870853 12
      vertex -2.94236 0.585271 12
    endloop
  endfacet
  facet normal 0 0 -1
    outer loop
      vertex -3.92314 0.780361 12
      vertex -2.94236 0.585271 12
      vertex -2.98555 0.294051 12
    endloop
  endfacet
  facet normal 0 0 -1
    outer loop
      vertex -2.31903 1.90318 12
      vertex -3.09204 2.53757 12
      vertex -2.82843 2.82843 12
    endloop
  endfacet
  facet normal 0 0 -1
    outer loop
      vertex -3.98074 0.392068 12
      vertex -2.98555 0.294051 12
      vertex -3 0 12
    endloop
  endfacet
  facet normal 0 0 -1
    outer loop
      vertex -3.82776 -1.16114 12
      vertex -2.87082 -0.870853 12
      vertex -3.69552 -1.53073 12
    endloop
  endfacet
  facet normal -0 0 -1
    outer loop
      vertex -2.87082 -0.870853 12
      vertex -3.82776 -1.16114 12
      vertex -2.94236 -0.585271 12
    endloop
  endfacet
  facet normal 0 0 -1
    outer loop
      vertex -2.49441 1.66671 12
      vertex -3.32588 2.22228 12
      vertex -3.09204 2.53757 12
    endloop
  endfacet
  facet normal 0 0 -1
    outer loop
      vertex -3.92314 -0.780361 12
      vertex -2.94236 -0.585271 12
      vertex -3.82776 -1.16114 12
    endloop
  endfacet
  facet normal 0 0 -1
    outer loop
      vertex -2.64576 1.41419 12
      vertex -3.52768 1.88559 12
      vertex -3.32588 2.22228 12
    endloop
  endfacet
  facet normal -0 0 -1
    outer loop
      vertex -2.94236 -0.585271 12
      vertex -3.92314 -0.780361 12
      vertex -2.98555 -0.294051 12
    endloop
  endfacet
  facet normal 0 0 -1
    outer loop
      vertex -2.77164 1.14805 12
      vertex -3.69552 1.53073 12
      vertex -3.52768 1.88559 12
    endloop
  endfacet
  facet normal 0 0 -1
    outer loop
      vertex -3.98074 -0.392068 12
      vertex -2.98555 -0.294051 12
      vertex -3.92314 -0.780361 12
    endloop
  endfacet
  facet normal 0 0 -1
    outer loop
      vertex -2.87082 0.870853 12
      vertex -3.82776 1.16114 12
      vertex -3.69552 1.53073 12
    endloop
  endfacet
  facet normal -0 0 -1
    outer loop
      vertex -2.98555 -0.294051 12
      vertex -3.98074 -0.392068 12
      vertex -3 0 12
    endloop
  endfacet
  facet normal 0 0 -1
    outer loop
      vertex -2.94236 0.585271 12
      vertex -3.92314 0.780361 12
      vertex -3.82776 1.16114 12
    endloop
  endfacet
  facet normal 0 0 -1
    outer loop
      vertex -4 0 12
      vertex -3 0 12
      vertex -3.98074 -0.392068 12
    endloop
  endfacet
  facet normal 0 0 -1
    outer loop
      vertex -2.98555 0.294051 12
      vertex -3.98074 0.392068 12
      vertex -3.92314 0.780361 12
    endloop
  endfacet
  facet normal 0 0 -1
    outer loop
      vertex -3 0 12
      vertex -4 0 12
      vertex -3.98074 0.392068 12
    endloop
  endfacet
  facet normal 0.049065 0.998796 -0
    outer loop
      vertex 0 -4 5
      vertex -0.392068 -3.98074 12
      vertex 0 -4 12
    endloop
  endfacet
  facet normal 0.049065 0.998796 0
    outer loop
      vertex -0.392068 -3.98074 12
      vertex 0 -4 5
      vertex -0.392068 -3.98074 5
    endloop
  endfacet
  facet normal 0.998794 -0.0490919 1.13929e-19
    outer loop
      vertex -3.98323 0.341408 6.78363
      vertex -3.98074 0.392068 5
      vertex -3.98074 0.392068 6.79632
    endloop
  endfacet
  facet normal 0.998797 -0.0490352 1.61442e-06
    outer loop
      vertex -3.99157 0.17153 6.75843
      vertex -3.98074 0.392068 5
      vertex -3.98323 0.341408 6.78363
    endloop
  endfacet
  facet normal 0.998795 -0.0490867 0
    outer loop
      vertex -4 0 5
      vertex -3.99157 0.17153 6.75843
      vertex -4 0 6.75
    endloop
  endfacet
  facet normal 0.998796 -0.049065 -2.12304e-06
    outer loop
      vertex -3.99157 0.17153 6.75843
      vertex -4 0 5
      vertex -3.98074 0.392068 5
    endloop
  endfacet
  facet normal 0.998794 -0.0490919 0
    outer loop
      vertex -3.98074 0.392068 12
      vertex -3.98323 0.341408 10.2164
      vertex -3.98074 0.392068 10.2037
    endloop
  endfacet
  facet normal 0.998797 -0.0490352 -1.61444e-06
    outer loop
      vertex -3.98074 0.392068 12
      vertex -3.99157 0.17153 10.2416
      vertex -3.98323 0.341408 10.2164
    endloop
  endfacet
  facet normal 0.998796 -0.049065 2.12308e-06
    outer loop
      vertex -4 0 12
      vertex -3.99157 0.17153 10.2416
      vertex -3.98074 0.392068 12
    endloop
  endfacet
  facet normal 0.998795 -0.0490867 -9.11215e-21
    outer loop
      vertex -3.99157 0.17153 10.2416
      vertex -4 0 12
      vertex -4 0 10.25
    endloop
  endfacet
  facet normal 0.336887 0.941545 -0
    outer loop
      vertex -1.16114 -3.82776 5
      vertex -1.53073 -3.69552 12
      vertex -1.16114 -3.82776 12
    endloop
  endfacet
  facet normal 0.336887 0.941545 0
    outer loop
      vertex -1.53073 -3.69552 12
      vertex -1.16114 -3.82776 5
      vertex -1.53073 -3.69552 5
    endloop
  endfacet
  facet normal -0.740964 0.671545 -4.87264e-19
    outer loop
      vertex 2.82843 -2.82843 5
      vertex 3.09204 -2.53757 12
      vertex 3.09204 -2.53757 5
    endloop
  endfacet
  facet normal -0.740964 0.671545 -4.87264e-19
    outer loop
      vertex 3.09204 -2.53757 12
      vertex 2.82843 -2.82843 5
      vertex 2.82843 -2.82843 12
    endloop
  endfacet
  facet normal -0.740936 -0.671576 3.4911e-18
    outer loop
      vertex 3.63075 2.97968 1
      vertex 3.3212 3.3212 5
      vertex 3.3212 3.3212 1
    endloop
  endfacet
  facet normal -0.740936 -0.671576 3.4911e-18
    outer loop
      vertex 3.3212 3.3212 5
      vertex 3.63075 2.97968 1
      vertex 3.63075 2.97968 5
    endloop
  endfacet
  facet normal -0.989177 -0.146725 8.25748e-19
    outer loop
      vertex 4.67427 0.460376 1
      vertex 4.60664 0.916318 5
      vertex 4.60664 0.916318 1
    endloop
  endfacet
  facet normal -0.989177 -0.146725 8.25748e-19
    outer loop
      vertex 4.60664 0.916318 5
      vertex 4.67427 0.460376 1
      vertex 4.67427 0.460376 5
    endloop
  endfacet
  facet normal -0.998795 -0.0490746 4.13642e-19
    outer loop
      vertex 4.69689 0 1
      vertex 4.67427 0.460376 5
      vertex 4.67427 0.460376 1
    endloop
  endfacet
  facet normal -0.998795 -0.0490746 4.13642e-19
    outer loop
      vertex 4.67427 0.460376 5
      vertex 4.69689 0 1
      vertex 4.69689 0 5
    endloop
  endfacet
  facet normal -0.970029 -0.242989 -1.30769e-18
    outer loop
      vertex 4.60664 0.916318 1
      vertex 4.49464 1.36343 5
      vertex 4.49464 1.36343 1
    endloop
  endfacet
  facet normal -0.970029 -0.242989 -1.30769e-18
    outer loop
      vertex 4.49464 1.36343 5
      vertex 4.60664 0.916318 1
      vertex 4.60664 0.916318 5
    endloop
  endfacet
  facet normal -0.336882 0.941547 0
    outer loop
      vertex 1.79742 -4.33936 1
      vertex 1.36343 -4.49464 5
      vertex 1.79742 -4.33936 5
    endloop
  endfacet
  facet normal -0.336882 0.941547 0
    outer loop
      vertex 1.36343 -4.49464 5
      vertex 1.79742 -4.33936 1
      vertex 1.36343 -4.49464 1
    endloop
  endfacet
  facet normal -0.671576 -0.740936 0
    outer loop
      vertex 2.97968 3.63075 1
      vertex 3.3212 3.3212 5
      vertex 2.97968 3.63075 5
    endloop
  endfacet
  facet normal -0.671576 -0.740936 -0
    outer loop
      vertex 3.3212 3.3212 5
      vertex 2.97968 3.63075 1
      vertex 3.3212 3.3212 1
    endloop
  endfacet
  facet normal -0.0490746 -0.998795 0
    outer loop
      vertex 0 4.69689 1
      vertex 0.460376 4.67427 5
      vertex 0 4.69689 5
    endloop
  endfacet
  facet normal -0.0490746 -0.998795 -0
    outer loop
      vertex 0.460376 4.67427 5
      vertex 0 4.69689 1
      vertex 0.460376 4.67427 1
    endloop
  endfacet
  facet normal -0.941547 -0.336882 1.13781e-18
    outer loop
      vertex 4.49464 1.36343 1
      vertex 4.33936 1.79742 5
      vertex 4.33936 1.79742 1
    endloop
  endfacet
  facet normal -0.941547 -0.336882 1.13781e-18
    outer loop
      vertex 4.33936 1.79742 5
      vertex 4.49464 1.36343 1
      vertex 4.49464 1.36343 5
    endloop
  endfacet
  facet normal 0.803219 -0.595684 -2.14084e-18
    outer loop
      vertex -3.90532 2.60945 5
      vertex -3.63075 2.97968 1
      vertex -3.63075 2.97968 5
    endloop
  endfacet
  facet normal 0.803219 -0.595684 -2.14084e-18
    outer loop
      vertex -3.63075 2.97968 1
      vertex -3.90532 2.60945 5
      vertex -3.90532 2.60945 1
    endloop
  endfacet
  facet normal 0.0490746 -0.998795 0
    outer loop
      vertex -0.460376 4.67427 1
      vertex 0 4.69689 5
      vertex -0.460376 4.67427 5
    endloop
  endfacet
  facet normal 0.0490746 -0.998795 0
    outer loop
      vertex 0 4.69689 5
      vertex -0.460376 4.67427 1
      vertex 0 4.69689 1
    endloop
  endfacet
  facet normal -0.0490746 0.998795 0
    outer loop
      vertex 0.460376 -4.67427 1
      vertex 0 -4.69689 5
      vertex 0.460376 -4.67427 5
    endloop
  endfacet
  facet normal -0.0490746 0.998795 0
    outer loop
      vertex 0 -4.69689 5
      vertex 0.460376 -4.67427 1
      vertex 0 -4.69689 1
    endloop
  endfacet
  facet normal 0.941547 -0.336882 -1.13781e-18
    outer loop
      vertex -4.49464 1.36343 5
      vertex -4.33936 1.79742 1
      vertex -4.33936 1.79742 5
    endloop
  endfacet
  facet normal 0.941547 -0.336882 -1.13781e-18
    outer loop
      vertex -4.33936 1.79742 1
      vertex -4.49464 1.36343 5
      vertex -4.49464 1.36343 1
    endloop
  endfacet
  facet normal -0.970029 0.242989 1.30769e-18
    outer loop
      vertex 4.49464 -1.36343 1
      vertex 4.60664 -0.916318 5
      vertex 4.60664 -0.916318 1
    endloop
  endfacet
  facet normal -0.970029 0.242989 1.30769e-18
    outer loop
      vertex 4.60664 -0.916318 5
      vertex 4.49464 -1.36343 1
      vertex 4.49464 -1.36343 5
    endloop
  endfacet
  facet normal 0.970029 -0.242989 1.30769e-18
    outer loop
      vertex -4.60664 0.916318 5
      vertex -4.49464 1.36343 1
      vertex -4.49464 1.36343 5
    endloop
  endfacet
  facet normal 0.970029 -0.242989 1.30769e-18
    outer loop
      vertex -4.49464 1.36343 1
      vertex -4.60664 0.916318 5
      vertex -4.60664 0.916318 1
    endloop
  endfacet
  facet normal 0 0 1
    outer loop
      vertex 5.09749 0.0510237 -0.00999928
      vertex 4.61961 0.0306764 -0.00999928
      vertex 4.62111 0 -0.00999928
    endloop
  endfacet
  facet normal 0 0 1
    outer loop
      vertex 4.63311 0.323194 -0.00999928
      vertex 4.61731 0.327542 -0.00999928
      vertex 4.62144 0.311687 -0.00999928
    endloop
  endfacet
  facet normal 0 0 1
    outer loop
      vertex 4.62111 0 -0.00999928
      vertex 5.1 0 -0.00999928
      vertex 5.09749 0.0510237 -0.00999928
    endloop
  endfacet
  facet normal 0 0 1
    outer loop
      vertex 4.61961 0.0306764 -0.00999928
      vertex 5.09749 0.0510237 -0.00999928
      vertex 4.63311 0.323194 -0.00999928
    endloop
  endfacet
  facet normal 0 0 1
    outer loop
      vertex 4.61961 0.0306764 -0.00999928
      vertex 4.63311 0.323194 -0.00999928
      vertex 4.62144 0.311687 -0.00999928
    endloop
  endfacet
  facet normal 0 0 1
    outer loop
      vertex 5.1 0 -0.00999928
      vertex 4.62111 0 -0.00999928
      vertex 5.09729 -0.0551837 -0.00999928
    endloop
  endfacet
  facet normal -0 0 1
    outer loop
      vertex 4.61914 -0.0400783 -0.00999928
      vertex 5.09729 -0.0551837 -0.00999928
      vertex 4.62111 0 -0.00999928
    endloop
  endfacet
  facet normal 0 0 1
    outer loop
      vertex 5.09729 -0.0551837 -0.00999928
      vertex 4.61914 -0.0400783 -0.00999928
      vertex 4.61726 -0.328164 -0.00999928
    endloop
  endfacet
  facet normal -0.514113 0.857723 0
    outer loop
      vertex 2.60945 -3.90532 1
      vertex 2.2141 -4.14229 5
      vertex 2.60945 -3.90532 5
    endloop
  endfacet
  facet normal -0.514113 0.857723 0
    outer loop
      vertex 2.2141 -4.14229 5
      vertex 2.60945 -3.90532 1
      vertex 2.2141 -4.14229 1
    endloop
  endfacet
  facet normal -0.857723 -0.514113 -1.50115e-18
    outer loop
      vertex 4.14229 2.2141 1
      vertex 3.90532 2.60945 5
      vertex 3.90532 2.60945 1
    endloop
  endfacet
  facet normal -0.857723 -0.514113 -1.50115e-18
    outer loop
      vertex 3.90532 2.60945 5
      vertex 4.14229 2.2141 1
      vertex 4.14229 2.2141 5
    endloop
  endfacet
  facet normal 0.998795 0.0490746 4.13642e-19
    outer loop
      vertex -4.67427 -0.460376 5
      vertex -4.69689 0 1
      vertex -4.69689 0 5
    endloop
  endfacet
  facet normal 0.998795 0.0490746 4.13642e-19
    outer loop
      vertex -4.69689 0 1
      vertex -4.67427 -0.460376 5
      vertex -4.67427 -0.460376 1
    endloop
  endfacet
  facet normal -0.803219 -0.595684 2.14084e-18
    outer loop
      vertex 3.90532 2.60945 1
      vertex 3.63075 2.97968 5
      vertex 3.63075 2.97968 1
    endloop
  endfacet
  facet normal -0.803219 -0.595684 2.14084e-18
    outer loop
      vertex 3.63075 2.97968 5
      vertex 3.90532 2.60945 1
      vertex 3.90532 2.60945 5
    endloop
  endfacet
  facet normal 0.146725 0.989177 -0
    outer loop
      vertex -0.460376 -4.67427 1
      vertex -0.916318 -4.60664 5
      vertex -0.460376 -4.67427 5
    endloop
  endfacet
  facet normal 0.146725 0.989177 0
    outer loop
      vertex -0.916318 -4.60664 5
      vertex -0.460376 -4.67427 1
      vertex -0.916318 -4.60664 1
    endloop
  endfacet
  facet normal -0.903993 -0.427546 -2.64165e-18
    outer loop
      vertex 4.33936 1.79742 1
      vertex 4.14229 2.2141 5
      vertex 4.14229 2.2141 1
    endloop
  endfacet
  facet normal -0.903993 -0.427546 -2.64165e-18
    outer loop
      vertex 4.14229 2.2141 5
      vertex 4.33936 1.79742 1
      vertex 4.33936 1.79742 5
    endloop
  endfacet
  facet normal -0.941547 0.336882 -1.13781e-18
    outer loop
      vertex 4.33936 -1.79742 1
      vertex 4.49464 -1.36343 5
      vertex 4.49464 -1.36343 1
    endloop
  endfacet
  facet normal -0.941547 0.336882 -1.13781e-18
    outer loop
      vertex 4.49464 -1.36343 5
      vertex 4.33936 -1.79742 1
      vertex 4.33936 -1.79742 5
    endloop
  endfacet
  facet normal 0.427546 0.903993 -0
    outer loop
      vertex -1.79742 -4.33936 1
      vertex -2.2141 -4.14229 5
      vertex -1.79742 -4.33936 5
    endloop
  endfacet
  facet normal 0.427546 0.903993 0
    outer loop
      vertex -2.2141 -4.14229 5
      vertex -1.79742 -4.33936 1
      vertex -2.2141 -4.14229 1
    endloop
  endfacet
  facet normal -0.989177 0.146725 -8.25748e-19
    outer loop
      vertex 4.60664 -0.916318 1
      vertex 4.67427 -0.460376 5
      vertex 4.67427 -0.460376 1
    endloop
  endfacet
  facet normal -0.989177 0.146725 -8.25748e-19
    outer loop
      vertex 4.67427 -0.460376 5
      vertex 4.60664 -0.916318 1
      vertex 4.60664 -0.916318 5
    endloop
  endfacet
  facet normal 0.970029 0.242989 -1.30769e-18
    outer loop
      vertex -4.49464 -1.36343 5
      vertex -4.60664 -0.916318 1
      vertex -4.60664 -0.916318 5
    endloop
  endfacet
  facet normal 0.970029 0.242989 -1.30769e-18
    outer loop
      vertex -4.60664 -0.916318 1
      vertex -4.49464 -1.36343 5
      vertex -4.49464 -1.36343 1
    endloop
  endfacet
  facet normal 0.595684 0.803219 -0
    outer loop
      vertex -2.60945 -3.90532 1
      vertex -2.97968 -3.63075 5
      vertex -2.60945 -3.90532 5
    endloop
  endfacet
  facet normal 0.595684 0.803219 0
    outer loop
      vertex -2.97968 -3.63075 5
      vertex -2.60945 -3.90532 1
      vertex -2.97968 -3.63075 1
    endloop
  endfacet
  facet normal 0.514113 -0.857723 0
    outer loop
      vertex -2.60945 3.90532 1
      vertex -2.2141 4.14229 5
      vertex -2.60945 3.90532 5
    endloop
  endfacet
  facet normal 0.514113 -0.857723 0
    outer loop
      vertex -2.2141 4.14229 5
      vertex -2.60945 3.90532 1
      vertex -2.2141 4.14229 1
    endloop
  endfacet
  facet normal 0.146725 -0.989177 0
    outer loop
      vertex -0.916318 4.60664 1
      vertex -0.460376 4.67427 5
      vertex -0.916318 4.60664 5
    endloop
  endfacet
  facet normal 0.146725 -0.989177 0
    outer loop
      vertex -0.460376 4.67427 5
      vertex -0.916318 4.60664 1
      vertex -0.460376 4.67427 1
    endloop
  endfacet
  facet normal -0.427546 0.903993 0
    outer loop
      vertex 2.2141 -4.14229 1
      vertex 1.79742 -4.33936 5
      vertex 2.2141 -4.14229 5
    endloop
  endfacet
  facet normal -0.427546 0.903993 0
    outer loop
      vertex 1.79742 -4.33936 5
      vertex 2.2141 -4.14229 1
      vertex 1.79742 -4.33936 1
    endloop
  endfacet
  facet normal 0.671576 -0.740936 0
    outer loop
      vertex -3.3212 3.3212 1
      vertex -2.97968 3.63075 5
      vertex -3.3212 3.3212 5
    endloop
  endfacet
  facet normal 0.671576 -0.740936 0
    outer loop
      vertex -2.97968 3.63075 5
      vertex -3.3212 3.3212 1
      vertex -2.97968 3.63075 1
    endloop
  endfacet
  facet normal -0.857723 0.514113 1.50115e-18
    outer loop
      vertex 3.90532 -2.60945 1
      vertex 4.14229 -2.2141 5
      vertex 4.14229 -2.2141 1
    endloop
  endfacet
  facet normal -0.857723 0.514113 1.50115e-18
    outer loop
      vertex 4.14229 -2.2141 5
      vertex 3.90532 -2.60945 1
      vertex 3.90532 -2.60945 5
    endloop
  endfacet
  facet normal 0.595684 -0.803219 0
    outer loop
      vertex -2.97968 3.63075 1
      vertex -2.60945 3.90532 5
      vertex -2.97968 3.63075 5
    endloop
  endfacet
  facet normal 0.595684 -0.803219 0
    outer loop
      vertex -2.60945 3.90532 5
      vertex -2.97968 3.63075 1
      vertex -2.60945 3.90532 1
    endloop
  endfacet
  facet normal 0.514113 0.857723 -0
    outer loop
      vertex -2.2141 -4.14229 1
      vertex -2.60945 -3.90532 5
      vertex -2.2141 -4.14229 5
    endloop
  endfacet
  facet normal 0.514113 0.857723 0
    outer loop
      vertex -2.60945 -3.90532 5
      vertex -2.2141 -4.14229 1
      vertex -2.60945 -3.90532 1
    endloop
  endfacet
  facet normal 0.336882 0.941547 -0
    outer loop
      vertex -1.36343 -4.49464 1
      vertex -1.79742 -4.33936 5
      vertex -1.36343 -4.49464 5
    endloop
  endfacet
  facet normal 0.336882 0.941547 0
    outer loop
      vertex -1.79742 -4.33936 5
      vertex -1.36343 -4.49464 1
      vertex -1.79742 -4.33936 1
    endloop
  endfacet
  facet normal -0.336882 -0.941547 0
    outer loop
      vertex 1.36343 4.49464 1
      vertex 1.79742 4.33936 5
      vertex 1.36343 4.49464 5
    endloop
  endfacet
  facet normal -0.336882 -0.941547 -0
    outer loop
      vertex 1.79742 4.33936 5
      vertex 1.36343 4.49464 1
      vertex 1.79742 4.33936 1
    endloop
  endfacet
  facet normal 0.941547 0.336882 1.13781e-18
    outer loop
      vertex -4.33936 -1.79742 5
      vertex -4.49464 -1.36343 1
      vertex -4.49464 -1.36343 5
    endloop
  endfacet
  facet normal 0.941547 0.336882 1.13781e-18
    outer loop
      vertex -4.49464 -1.36343 1
      vertex -4.33936 -1.79742 5
      vertex -4.33936 -1.79742 1
    endloop
  endfacet
  facet normal -0.514113 -0.857723 0
    outer loop
      vertex 2.2141 4.14229 1
      vertex 2.60945 3.90532 5
      vertex 2.2141 4.14229 5
    endloop
  endfacet
  facet normal -0.514113 -0.857723 -0
    outer loop
      vertex 2.60945 3.90532 5
      vertex 2.2141 4.14229 1
      vertex 2.60945 3.90532 1
    endloop
  endfacet
  facet normal -0.595684 -0.803219 0
    outer loop
      vertex 2.60945 3.90532 1
      vertex 2.97968 3.63075 5
      vertex 2.60945 3.90532 5
    endloop
  endfacet
  facet normal -0.595684 -0.803219 -0
    outer loop
      vertex 2.97968 3.63075 5
      vertex 2.60945 3.90532 1
      vertex 2.97968 3.63075 1
    endloop
  endfacet
  facet normal -0.146725 0.989177 0
    outer loop
      vertex 0.916318 -4.60664 1
      vertex 0.460376 -4.67427 5
      vertex 0.916318 -4.60664 5
    endloop
  endfacet
  facet normal -0.146725 0.989177 0
    outer loop
      vertex 0.460376 -4.67427 5
      vertex 0.916318 -4.60664 1
      vertex 0.460376 -4.67427 1
    endloop
  endfacet
  facet normal -0.740936 0.671576 -3.4911e-18
    outer loop
      vertex 3.3212 -3.3212 1
      vertex 3.63075 -2.97968 5
      vertex 3.63075 -2.97968 1
    endloop
  endfacet
  facet normal -0.740936 0.671576 -3.4911e-18
    outer loop
      vertex 3.63075 -2.97968 5
      vertex 3.3212 -3.3212 1
      vertex 3.3212 -3.3212 5
    endloop
  endfacet
  facet normal -0.803219 0.595684 -2.14084e-18
    outer loop
      vertex 3.63075 -2.97968 1
      vertex 3.90532 -2.60945 5
      vertex 3.90532 -2.60945 1
    endloop
  endfacet
  facet normal -0.803219 0.595684 -2.14084e-18
    outer loop
      vertex 3.90532 -2.60945 5
      vertex 3.63075 -2.97968 1
      vertex 3.63075 -2.97968 5
    endloop
  endfacet
  facet normal -0.242989 -0.970029 0
    outer loop
      vertex 0.916318 4.60664 1
      vertex 1.36343 4.49464 5
      vertex 0.916318 4.60664 5
    endloop
  endfacet
  facet normal -0.242989 -0.970029 -0
    outer loop
      vertex 1.36343 4.49464 5
      vertex 0.916318 4.60664 1
      vertex 1.36343 4.49464 1
    endloop
  endfacet
  facet normal -0.242989 0.970029 0
    outer loop
      vertex 1.36343 -4.49464 1
      vertex 0.916318 -4.60664 5
      vertex 1.36343 -4.49464 5
    endloop
  endfacet
  facet normal -0.242989 0.970029 0
    outer loop
      vertex 0.916318 -4.60664 5
      vertex 1.36343 -4.49464 1
      vertex 0.916318 -4.60664 1
    endloop
  endfacet
  facet normal -0.903993 0.427546 2.64165e-18
    outer loop
      vertex 4.14229 -2.2141 1
      vertex 4.33936 -1.79742 5
      vertex 4.33936 -1.79742 1
    endloop
  endfacet
  facet normal -0.903993 0.427546 2.64165e-18
    outer loop
      vertex 4.33936 -1.79742 5
      vertex 4.14229 -2.2141 1
      vertex 4.14229 -2.2141 5
    endloop
  endfacet
  facet normal 0.242989 -0.970029 0
    outer loop
      vertex -1.36343 4.49464 1
      vertex -0.916318 4.60664 5
      vertex -1.36343 4.49464 5
    endloop
  endfacet
  facet normal 0.242989 -0.970029 0
    outer loop
      vertex -0.916318 4.60664 5
      vertex -1.36343 4.49464 1
      vertex -0.916318 4.60664 1
    endloop
  endfacet
  facet normal 0.857723 -0.514113 1.50115e-18
    outer loop
      vertex -4.14229 2.2141 5
      vertex -3.90532 2.60945 1
      vertex -3.90532 2.60945 5
    endloop
  endfacet
  facet normal 0.857723 -0.514113 1.50115e-18
    outer loop
      vertex -3.90532 2.60945 1
      vertex -4.14229 2.2141 5
      vertex -4.14229 2.2141 1
    endloop
  endfacet
  facet normal 0.427546 -0.903993 0
    outer loop
      vertex -2.2141 4.14229 1
      vertex -1.79742 4.33936 5
      vertex -2.2141 4.14229 5
    endloop
  endfacet
  facet normal 0.427546 -0.903993 0
    outer loop
      vertex -1.79742 4.33936 5
      vertex -2.2141 4.14229 1
      vertex -1.79742 4.33936 1
    endloop
  endfacet
  facet normal 0.989177 -0.146725 -8.25748e-19
    outer loop
      vertex -4.67427 0.460376 5
      vertex -4.60664 0.916318 1
      vertex -4.60664 0.916318 5
    endloop
  endfacet
  facet normal 0.989177 -0.146725 -8.25748e-19
    outer loop
      vertex -4.60664 0.916318 1
      vertex -4.67427 0.460376 5
      vertex -4.67427 0.460376 1
    endloop
  endfacet
  facet normal -0.427546 -0.903993 0
    outer loop
      vertex 1.79742 4.33936 1
      vertex 2.2141 4.14229 5
      vertex 1.79742 4.33936 5
    endloop
  endfacet
  facet normal -0.427546 -0.903993 -0
    outer loop
      vertex 2.2141 4.14229 5
      vertex 1.79742 4.33936 1
      vertex 2.2141 4.14229 1
    endloop
  endfacet
  facet normal 0.242989 0.970029 -0
    outer loop
      vertex -0.916318 -4.60664 1
      vertex -1.36343 -4.49464 5
      vertex -0.916318 -4.60664 5
    endloop
  endfacet
  facet normal 0.242989 0.970029 0
    outer loop
      vertex -1.36343 -4.49464 5
      vertex -0.916318 -4.60664 1
      vertex -1.36343 -4.49464 1
    endloop
  endfacet
  facet normal 0.740936 -0.671576 -3.4911e-18
    outer loop
      vertex -3.63075 2.97968 5
      vertex -3.3212 3.3212 1
      vertex -3.3212 3.3212 5
    endloop
  endfacet
  facet normal 0.740936 -0.671576 -3.4911e-18
    outer loop
      vertex -3.3212 3.3212 1
      vertex -3.63075 2.97968 5
      vertex -3.63075 2.97968 1
    endloop
  endfacet
  facet normal 0.903993 0.427546 -2.64165e-18
    outer loop
      vertex -4.14229 -2.2141 5
      vertex -4.33936 -1.79742 1
      vertex -4.33936 -1.79742 5
    endloop
  endfacet
  facet normal 0.903993 0.427546 -2.64165e-18
    outer loop
      vertex -4.33936 -1.79742 1
      vertex -4.14229 -2.2141 5
      vertex -4.14229 -2.2141 1
    endloop
  endfacet
  facet normal -0.146725 -0.989177 0
    outer loop
      vertex 0.460376 4.67427 1
      vertex 0.916318 4.60664 5
      vertex 0.460376 4.67427 5
    endloop
  endfacet
  facet normal -0.146725 -0.989177 -0
    outer loop
      vertex 0.916318 4.60664 5
      vertex 0.460376 4.67427 1
      vertex 0.916318 4.60664 1
    endloop
  endfacet
  facet normal 0.740936 0.671576 3.4911e-18
    outer loop
      vertex -3.3212 -3.3212 5
      vertex -3.63075 -2.97968 1
      vertex -3.63075 -2.97968 5
    endloop
  endfacet
  facet normal 0.740936 0.671576 3.4911e-18
    outer loop
      vertex -3.63075 -2.97968 1
      vertex -3.3212 -3.3212 5
      vertex -3.3212 -3.3212 1
    endloop
  endfacet
  facet normal 0.857723 0.514113 -1.50115e-18
    outer loop
      vertex -3.90532 -2.60945 5
      vertex -4.14229 -2.2141 1
      vertex -4.14229 -2.2141 5
    endloop
  endfacet
  facet normal 0.857723 0.514113 -1.50115e-18
    outer loop
      vertex -4.14229 -2.2141 1
      vertex -3.90532 -2.60945 5
      vertex -3.90532 -2.60945 1
    endloop
  endfacet
  facet normal 0.336882 -0.941547 0
    outer loop
      vertex -1.79742 4.33936 1
      vertex -1.36343 4.49464 5
      vertex -1.79742 4.33936 5
    endloop
  endfacet
  facet normal 0.336882 -0.941547 0
    outer loop
      vertex -1.36343 4.49464 5
      vertex -1.79742 4.33936 1
      vertex -1.36343 4.49464 1
    endloop
  endfacet
  facet normal -0.595684 0.803219 0
    outer loop
      vertex 2.97968 -3.63075 1
      vertex 2.60945 -3.90532 5
      vertex 2.97968 -3.63075 5
    endloop
  endfacet
  facet normal -0.595684 0.803219 0
    outer loop
      vertex 2.60945 -3.90532 5
      vertex 2.97968 -3.63075 1
      vertex 2.60945 -3.90532 1
    endloop
  endfacet
  facet normal -0.998795 0.0490746 -4.13642e-19
    outer loop
      vertex 4.67427 -0.460376 1
      vertex 4.69689 0 5
      vertex 4.69689 0 1
    endloop
  endfacet
  facet normal -0.998795 0.0490746 -4.13642e-19
    outer loop
      vertex 4.69689 0 5
      vertex 4.67427 -0.460376 1
      vertex 4.67427 -0.460376 5
    endloop
  endfacet
  facet normal 0.803219 0.595684 2.14084e-18
    outer loop
      vertex -3.63075 -2.97968 5
      vertex -3.90532 -2.60945 1
      vertex -3.90532 -2.60945 5
    endloop
  endfacet
  facet normal 0.803219 0.595684 2.14084e-18
    outer loop
      vertex -3.90532 -2.60945 1
      vertex -3.63075 -2.97968 5
      vertex -3.63075 -2.97968 1
    endloop
  endfacet
  facet normal 0.903993 -0.427546 2.64165e-18
    outer loop
      vertex -4.33936 1.79742 5
      vertex -4.14229 2.2141 1
      vertex -4.14229 2.2141 5
    endloop
  endfacet
  facet normal 0.903993 -0.427546 2.64165e-18
    outer loop
      vertex -4.14229 2.2141 1
      vertex -4.33936 1.79742 5
      vertex -4.33936 1.79742 1
    endloop
  endfacet
  facet normal 0.989177 0.146725 8.25748e-19
    outer loop
      vertex -4.60664 -0.916318 5
      vertex -4.67427 -0.460376 1
      vertex -4.67427 -0.460376 5
    endloop
  endfacet
  facet normal 0.989177 0.146725 8.25748e-19
    outer loop
      vertex -4.67427 -0.460376 1
      vertex -4.60664 -0.916318 5
      vertex -4.60664 -0.916318 1
    endloop
  endfacet
  facet normal 0.671576 0.740936 -0
    outer loop
      vertex -2.97968 -3.63075 1
      vertex -3.3212 -3.3212 5
      vertex -2.97968 -3.63075 5
    endloop
  endfacet
  facet normal 0.671576 0.740936 0
    outer loop
      vertex -3.3212 -3.3212 5
      vertex -2.97968 -3.63075 1
      vertex -3.3212 -3.3212 1
    endloop
  endfacet
  facet normal 0.0490746 0.998795 -0
    outer loop
      vertex 0 -4.69689 1
      vertex -0.460376 -4.67427 5
      vertex 0 -4.69689 5
    endloop
  endfacet
  facet normal 0.0490746 0.998795 0
    outer loop
      vertex -0.460376 -4.67427 5
      vertex 0 -4.69689 1
      vertex -0.460376 -4.67427 1
    endloop
  endfacet
  facet normal 0.998795 -0.0490746 -4.13642e-19
    outer loop
      vertex -4.69689 0 5
      vertex -4.67427 0.460376 1
      vertex -4.67427 0.460376 5
    endloop
  endfacet
  facet normal 0.998795 -0.0490746 -4.13642e-19
    outer loop
      vertex -4.67427 0.460376 1
      vertex -4.69689 0 5
      vertex -4.69689 0 1
    endloop
  endfacet
  facet normal -0.671576 0.740936 0
    outer loop
      vertex 3.3212 -3.3212 1
      vertex 2.97968 -3.63075 5
      vertex 3.3212 -3.3212 5
    endloop
  endfacet
  facet normal -0.671576 0.740936 0
    outer loop
      vertex 2.97968 -3.63075 5
      vertex 3.3212 -3.3212 1
      vertex 2.97968 -3.63075 1
    endloop
  endfacet
  facet normal -0.710265 -0.0329669 0.703162
    outer loop
      vertex 10.1099 0 25
      vertex 10.1094 0.0107724 25
      vertex 10.1 0 24.99
    endloop
  endfacet
  facet normal -0.712073 -0.0350162 0.701232
    outer loop
      vertex 10.0514 0.989973 24.99
      vertex 10.1094 0.0107724 25
      vertex 10.0612 0.990944 25
    endloop
  endfacet
  facet normal -0.709197 -0.0348161 0.70415
    outer loop
      vertex 10.1094 0.0107724 25
      vertex 10.0514 0.989973 24.99
      vertex 10.1 0 24.99
    endloop
  endfacet
  facet normal 0.609801 -0.365501 0.703244
    outer loop
      vertex -8.41162 5.60751 25
      vertex -8.9074 4.76111 24.99
      vertex -8.39784 5.61126 24.99
    endloop
  endfacet
  facet normal 0.609781 -0.365489 0.703267
    outer loop
      vertex -8.9074 4.76111 24.99
      vertex -8.41162 5.60751 25
      vertex -8.91614 4.76577 25
    endloop
  endfacet
  facet normal 0.104312 -0.703382 0.703116
    outer loop
      vertex -1.97041 9.90593 24.99
      vertex -1.00161 10.0596 25
      vertex -1.97234 9.91564 25
    endloop
  endfacet
  facet normal 0.104722 -0.705804 0.700624
    outer loop
      vertex -1.00161 10.0596 25
      vertex -1.97041 9.90593 24.99
      vertex -0.989973 10.0514 24.99
    endloop
  endfacet
  facet normal -0.571301 0.423528 0.703021
    outer loop
      vertex 7.81506 -6.41365 25
      vertex 7.82148 -6.40499 25
      vertex 7.80741 -6.40737 24.99
    endloop
  endfacet
  facet normal 0.303888 0.642714 0.703257
    outer loop
      vertex -3.86889 -9.34033 25
      vertex -3.8651 -9.33118 24.99
      vertex -3.87864 -9.33572 25
    endloop
  endfacet
  facet normal -0.239508 -0.669379 0.703255
    outer loop
      vertex 2.9449 9.67094 25
      vertex 3.8651 9.33118 24.99
      vertex 3.86889 9.34033 25
    endloop
  endfacet
  facet normal -0.239596 -0.669609 0.703006
    outer loop
      vertex 3.8651 9.33118 24.99
      vertex 2.9449 9.67094 25
      vertex 2.93188 9.6651 24.99
    endloop
  endfacet
  facet normal 0.669609 0.239596 0.703006
    outer loop
      vertex -9.67094 -2.9449 25
      vertex -9.33118 -3.8651 24.99
      vertex -9.6651 -2.93188 24.99
    endloop
  endfacet
  facet normal 0.669379 0.239508 0.703255
    outer loop
      vertex -9.33118 -3.8651 24.99
      vertex -9.67094 -2.9449 25
      vertex -9.34033 -3.86889 25
    endloop
  endfacet
  facet normal -0.571179 0.423614 0.703068
    outer loop
      vertex 8.39784 -5.61126 24.99
      vertex 7.82148 -6.40499 25
      vertex 8.40607 -5.61676 25
    endloop
  endfacet
  facet normal -0.571276 0.423683 0.702948
    outer loop
      vertex 7.82148 -6.40499 25
      vertex 8.39784 -5.61126 24.99
      vertex 7.80741 -6.40737 24.99
    endloop
  endfacet
  facet normal -0.17281 0.689923 0.702953
    outer loop
      vertex 2.93475 -9.67457 25
      vertex 2.93188 -9.6651 24.99
      vertex 2.92429 -9.67719 25
    endloop
  endfacet
  facet normal -0.705804 0.104722 0.700624
    outer loop
      vertex 9.90593 -1.97041 24.99
      vertex 10.0596 -1.00161 25
      vertex 10.0514 -0.989973 24.99
    endloop
  endfacet
  facet normal -0.703382 0.104312 0.703116
    outer loop
      vertex 10.0596 -1.00161 25
      vertex 9.90593 -1.97041 24.99
      vertex 9.91564 -1.97234 25
    endloop
  endfacet
  facet normal -0.705054 0.105765 0.701222
    outer loop
      vertex 10.0596 -1.00161 25
      vertex 10.0612 -0.990944 25
      vertex 10.0514 -0.989973 24.99
    endloop
  endfacet
  facet normal -0.526943 0.47748 0.703096
    outer loop
      vertex 7.14878 -7.14878 25
      vertex 7.15602 -7.14079 25
      vertex 7.14178 -7.14178 24.99
    endloop
  endfacet
  facet normal 0.303945 -0.64264 0.7033
    outer loop
      vertex -3.87864 9.33572 25
      vertex -4.76111 8.9074 24.99
      vertex -3.8651 9.33118 24.99
    endloop
  endfacet
  facet normal 0.303944 -0.642637 0.703303
    outer loop
      vertex -4.76111 8.9074 24.99
      vertex -3.87864 9.33572 25
      vertex -4.76577 8.91614 25
    endloop
  endfacet
  facet normal -0.0329669 0.710265 0.703162
    outer loop
      vertex 0.0107724 -10.1094 25
      vertex 0 -10.1 24.99
      vertex 0 -10.1099 25
    endloop
  endfacet
  facet normal 0.689923 0.17281 0.702953
    outer loop
      vertex -9.67457 -2.93475 25
      vertex -9.6651 -2.93188 24.99
      vertex -9.67719 -2.92429 25
    endloop
  endfacet
  facet normal 0.609778 -0.365867 0.703074
    outer loop
      vertex -8.39784 5.61126 24.99
      vertex -8.40607 5.61676 25
      vertex -8.41162 5.60751 25
    endloop
  endfacet
  facet normal -0.0329669 -0.710265 0.703162
    outer loop
      vertex 0.0107724 10.1094 25
      vertex 0 10.1099 25
      vertex 0 10.1 24.99
    endloop
  endfacet
  facet normal -0.239508 0.669379 0.703255
    outer loop
      vertex 3.8651 -9.33118 24.99
      vertex 2.9449 -9.67094 25
      vertex 3.86889 -9.34033 25
    endloop
  endfacet
  facet normal -0.239596 0.669609 0.703006
    outer loop
      vertex 2.9449 -9.67094 25
      vertex 3.8651 -9.33118 24.99
      vertex 2.93188 -9.6651 24.99
    endloop
  endfacet
  facet normal 0.526919 -0.477571 0.703053
    outer loop
      vertex -7.15602 7.14079 25
      vertex -7.80741 6.40737 24.99
      vertex -7.14178 7.14178 24.99
    endloop
  endfacet
  facet normal 0.526936 -0.477586 0.70303
    outer loop
      vertex -7.80741 6.40737 24.99
      vertex -7.15602 7.14079 25
      vertex -7.81506 6.41365 25
    endloop
  endfacet
  facet normal -0.303888 0.642714 0.703257
    outer loop
      vertex 3.86889 -9.34033 25
      vertex 3.87864 -9.33572 25
      vertex 3.8651 -9.33118 24.99
    endloop
  endfacet
  facet normal -0.239509 0.669702 0.702947
    outer loop
      vertex 2.93475 -9.67457 25
      vertex 2.9449 -9.67094 25
      vertex 2.93188 -9.6651 24.99
    endloop
  endfacet
  facet normal -0.689769 0.172777 0.703112
    outer loop
      vertex 9.90593 -1.97041 24.99
      vertex 9.67719 -2.92429 25
      vertex 9.91564 -1.97234 25
    endloop
  endfacet
  facet normal -0.689923 0.172813 0.702952
    outer loop
      vertex 9.67719 -2.92429 25
      vertex 9.90593 -1.97041 24.99
      vertex 9.6651 -2.93188 24.99
    endloop
  endfacet
  facet normal -0.709197 0.0348161 0.70415
    outer loop
      vertex 10.0514 -0.989973 24.99
      vertex 10.1094 -0.0107724 25
      vertex 10.1 0 24.99
    endloop
  endfacet
  facet normal -0.712073 0.0350162 0.701232
    outer loop
      vertex 10.1094 -0.0107724 25
      vertex 10.0514 -0.989973 24.99
      vertex 10.0612 -0.990944 25
    endloop
  endfacet
  facet normal -0.710265 0.0329669 0.703162
    outer loop
      vertex 10.1094 -0.0107724 25
      vertex 10.1099 0 25
      vertex 10.1 0 24.99
    endloop
  endfacet
  facet normal 0.689923 0.172813 0.702952
    outer loop
      vertex -9.90593 -1.97041 24.99
      vertex -9.67719 -2.92429 25
      vertex -9.6651 -2.93188 24.99
    endloop
  endfacet
  facet normal 0.689769 0.172777 0.703112
    outer loop
      vertex -9.67719 -2.92429 25
      vertex -9.90593 -1.97041 24.99
      vertex -9.91564 -1.97234 25
    endloop
  endfacet
  facet normal 0.303945 0.64264 0.7033
    outer loop
      vertex -4.76111 -8.9074 24.99
      vertex -3.87864 -9.33572 25
      vertex -3.8651 -9.33118 24.99
    endloop
  endfacet
  facet normal 0.303944 0.642637 0.703303
    outer loop
      vertex -3.87864 -9.33572 25
      vertex -4.76111 -8.9074 24.99
      vertex -4.76577 -8.91614 25
    endloop
  endfacet
  facet normal -0.609778 0.365867 0.703074
    outer loop
      vertex 8.40607 -5.61676 25
      vertex 8.41162 -5.60751 25
      vertex 8.39784 -5.61126 24.99
    endloop
  endfacet
  facet normal -0.0348161 -0.709197 0.70415
    outer loop
      vertex 0.989973 10.0514 24.99
      vertex 0.0107724 10.1094 25
      vertex 0 10.1 24.99
    endloop
  endfacet
  facet normal -0.0350162 -0.712073 0.701232
    outer loop
      vertex 0.0107724 10.1094 25
      vertex 0.989973 10.0514 24.99
      vertex 0.990944 10.0612 25
    endloop
  endfacet
  facet normal 0.423614 -0.571179 0.703068
    outer loop
      vertex -6.40499 7.82148 25
      vertex -5.61126 8.39784 24.99
      vertex -5.61676 8.40607 25
    endloop
  endfacet
  facet normal 0.423683 -0.571276 0.702948
    outer loop
      vertex -5.61126 8.39784 24.99
      vertex -6.40499 7.82148 25
      vertex -6.40737 7.80741 24.99
    endloop
  endfacet
  facet normal 0.642714 0.303888 0.703257
    outer loop
      vertex -9.33572 -3.87864 25
      vertex -9.33118 -3.8651 24.99
      vertex -9.34033 -3.86889 25
    endloop
  endfacet
  facet normal 0.17281 0.689923 0.702953
    outer loop
      vertex -2.92429 -9.67719 25
      vertex -2.93188 -9.6651 24.99
      vertex -2.93475 -9.67457 25
    endloop
  endfacet
  facet normal 0.64264 0.303945 0.7033
    outer loop
      vertex -9.33572 -3.87864 25
      vertex -8.9074 -4.76111 24.99
      vertex -9.33118 -3.8651 24.99
    endloop
  endfacet
  facet normal 0.642637 0.303944 0.703303
    outer loop
      vertex -8.9074 -4.76111 24.99
      vertex -9.33572 -3.87864 25
      vertex -8.91614 -4.76577 25
    endloop
  endfacet
  facet normal -0.642714 0.303888 0.703257
    outer loop
      vertex 9.33572 -3.87864 25
      vertex 9.34033 -3.86889 25
      vertex 9.33118 -3.8651 24.99
    endloop
  endfacet
  facet normal 0.703382 -0.104312 0.703116
    outer loop
      vertex -10.0596 1.00161 25
      vertex -9.90593 1.97041 24.99
      vertex -9.91564 1.97234 25
    endloop
  endfacet
  facet normal 0.705804 -0.104722 0.700624
    outer loop
      vertex -9.90593 1.97041 24.99
      vertex -10.0596 1.00161 25
      vertex -10.0514 0.989973 24.99
    endloop
  endfacet
  facet normal -0.105765 0.705054 0.701222
    outer loop
      vertex 0.990944 -10.0612 25
      vertex 1.00161 -10.0596 25
      vertex 0.989973 -10.0514 24.99
    endloop
  endfacet
  facet normal -0.526936 0.477586 0.70303
    outer loop
      vertex 7.80741 -6.40737 24.99
      vertex 7.15602 -7.14079 25
      vertex 7.81506 -6.41365 25
    endloop
  endfacet
  facet normal -0.526919 0.477571 0.703053
    outer loop
      vertex 7.15602 -7.14079 25
      vertex 7.80741 -6.40737 24.99
      vertex 7.14178 -7.14178 24.99
    endloop
  endfacet
  facet normal 0.669702 0.239509 0.702947
    outer loop
      vertex -9.67094 -2.9449 25
      vertex -9.6651 -2.93188 24.99
      vertex -9.67457 -2.93475 25
    endloop
  endfacet
  facet normal -0.423683 0.571276 0.702948
    outer loop
      vertex 5.61126 -8.39784 24.99
      vertex 6.40499 -7.82148 25
      vertex 6.40737 -7.80741 24.99
    endloop
  endfacet
  facet normal -0.423614 0.571179 0.703068
    outer loop
      vertex 6.40499 -7.82148 25
      vertex 5.61126 -8.39784 24.99
      vertex 5.61676 -8.40607 25
    endloop
  endfacet
  facet normal 0.423528 0.571301 0.703021
    outer loop
      vertex -6.40499 -7.82148 25
      vertex -6.40737 -7.80741 24.99
      vertex -6.41365 -7.81506 25
    endloop
  endfacet
  facet normal 0.105765 0.705054 0.701222
    outer loop
      vertex -0.990944 -10.0612 25
      vertex -0.989973 -10.0514 24.99
      vertex -1.00161 -10.0596 25
    endloop
  endfacet
  facet normal 0.0329669 0.710265 0.703162
    outer loop
      vertex 0 -10.1099 25
      vertex 0 -10.1 24.99
      vertex -0.0107724 -10.1094 25
    endloop
  endfacet
  facet normal 0.105765 -0.705054 0.701222
    outer loop
      vertex -0.989973 10.0514 24.99
      vertex -0.990944 10.0612 25
      vertex -1.00161 10.0596 25
    endloop
  endfacet
  facet normal -0.365501 0.609801 0.703244
    outer loop
      vertex 4.76111 -8.9074 24.99
      vertex 5.60751 -8.41162 25
      vertex 5.61126 -8.39784 24.99
    endloop
  endfacet
  facet normal -0.365489 0.609781 0.703267
    outer loop
      vertex 5.60751 -8.41162 25
      vertex 4.76111 -8.9074 24.99
      vertex 4.76577 -8.91614 25
    endloop
  endfacet
  facet normal -0.689923 0.17281 0.702953
    outer loop
      vertex 9.67457 -2.93475 25
      vertex 9.67719 -2.92429 25
      vertex 9.6651 -2.93188 24.99
    endloop
  endfacet
  facet normal -0.669609 0.239596 0.703006
    outer loop
      vertex 9.33118 -3.8651 24.99
      vertex 9.67094 -2.9449 25
      vertex 9.6651 -2.93188 24.99
    endloop
  endfacet
  facet normal -0.669379 0.239508 0.703255
    outer loop
      vertex 9.67094 -2.9449 25
      vertex 9.33118 -3.8651 24.99
      vertex 9.34033 -3.86889 25
    endloop
  endfacet
  facet normal -0.239509 -0.669702 0.702947
    outer loop
      vertex 2.9449 9.67094 25
      vertex 2.93475 9.67457 25
      vertex 2.93188 9.6651 24.99
    endloop
  endfacet
  facet normal 0.712073 -0.0350162 0.701232
    outer loop
      vertex -10.1094 0.0107724 25
      vertex -10.0514 0.989973 24.99
      vertex -10.0612 0.990944 25
    endloop
  endfacet
  facet normal 0.709197 -0.0348161 0.70415
    outer loop
      vertex -10.0514 0.989973 24.99
      vertex -10.1094 0.0107724 25
      vertex -10.1 0 24.99
    endloop
  endfacet
  facet normal -0.669702 0.239509 0.702947
    outer loop
      vertex 9.67094 -2.9449 25
      vertex 9.67457 -2.93475 25
      vertex 9.6651 -2.93188 24.99
    endloop
  endfacet
  facet normal -0.64264 0.303945 0.7033
    outer loop
      vertex 8.9074 -4.76111 24.99
      vertex 9.33572 -3.87864 25
      vertex 9.33118 -3.8651 24.99
    endloop
  endfacet
  facet normal -0.642637 0.303944 0.703303
    outer loop
      vertex 9.33572 -3.87864 25
      vertex 8.9074 -4.76111 24.99
      vertex 8.91614 -4.76577 25
    endloop
  endfacet
  facet normal 0.172777 -0.689769 0.703112
    outer loop
      vertex -2.92429 9.67719 25
      vertex -1.97041 9.90593 24.99
      vertex -1.97234 9.91564 25
    endloop
  endfacet
  facet normal 0.172813 -0.689923 0.702952
    outer loop
      vertex -1.97041 9.90593 24.99
      vertex -2.92429 9.67719 25
      vertex -2.93188 9.6651 24.99
    endloop
  endfacet
  facet normal 0.571276 0.423683 0.702948
    outer loop
      vertex -8.39784 -5.61126 24.99
      vertex -7.82148 -6.40499 25
      vertex -7.80741 -6.40737 24.99
    endloop
  endfacet
  facet normal 0.571179 0.423614 0.703068
    outer loop
      vertex -7.82148 -6.40499 25
      vertex -8.39784 -5.61126 24.99
      vertex -8.40607 -5.61676 25
    endloop
  endfacet
  facet normal -0.47748 0.526943 0.703096
    outer loop
      vertex 7.14878 -7.14878 25
      vertex 7.14178 -7.14178 24.99
      vertex 7.14079 -7.15602 25
    endloop
  endfacet
  facet normal 0.365489 -0.609781 0.703267
    outer loop
      vertex -5.60751 8.41162 25
      vertex -4.76111 8.9074 24.99
      vertex -4.76577 8.91614 25
    endloop
  endfacet
  facet normal 0.365501 -0.609801 0.703244
    outer loop
      vertex -4.76111 8.9074 24.99
      vertex -5.60751 8.41162 25
      vertex -5.61126 8.39784 24.99
    endloop
  endfacet
  facet normal 0.0350162 -0.712073 0.701232
    outer loop
      vertex -0.989973 10.0514 24.99
      vertex -0.0107724 10.1094 25
      vertex -0.990944 10.0612 25
    endloop
  endfacet
  facet normal 0.0348161 -0.709197 0.70415
    outer loop
      vertex -0.0107724 10.1094 25
      vertex -0.989973 10.0514 24.99
      vertex 0 10.1 24.99
    endloop
  endfacet
  facet normal 0.709197 0.0348161 0.70415
    outer loop
      vertex -10.1094 -0.0107724 25
      vertex -10.0514 -0.989973 24.99
      vertex -10.1 0 24.99
    endloop
  endfacet
  facet normal 0.712073 0.0350162 0.701232
    outer loop
      vertex -10.0514 -0.989973 24.99
      vertex -10.1094 -0.0107724 25
      vertex -10.0612 -0.990944 25
    endloop
  endfacet
  facet normal -0.423528 -0.571301 0.703021
    outer loop
      vertex 6.40737 7.80741 24.99
      vertex 6.41365 7.81506 25
      vertex 6.40499 7.82148 25
    endloop
  endfacet
  facet normal 0.571276 -0.423683 0.702948
    outer loop
      vertex -7.82148 6.40499 25
      vertex -8.39784 5.61126 24.99
      vertex -7.80741 6.40737 24.99
    endloop
  endfacet
  facet normal 0.571179 -0.423614 0.703068
    outer loop
      vertex -8.39784 5.61126 24.99
      vertex -7.82148 6.40499 25
      vertex -8.40607 5.61676 25
    endloop
  endfacet
  facet normal -0.642714 -0.303888 0.703257
    outer loop
      vertex 9.34033 3.86889 25
      vertex 9.33572 3.87864 25
      vertex 9.33118 3.8651 24.99
    endloop
  endfacet
  facet normal -0.47748 -0.526943 0.703096
    outer loop
      vertex 7.14178 7.14178 24.99
      vertex 7.14878 7.14878 25
      vertex 7.14079 7.15602 25
    endloop
  endfacet
  facet normal -0.104722 -0.705804 0.700624
    outer loop
      vertex 1.97041 9.90593 24.99
      vertex 1.00161 10.0596 25
      vertex 0.989973 10.0514 24.99
    endloop
  endfacet
  facet normal -0.104312 -0.703382 0.703116
    outer loop
      vertex 1.00161 10.0596 25
      vertex 1.97041 9.90593 24.99
      vertex 1.97234 9.91564 25
    endloop
  endfacet
  facet normal 0.571301 0.423528 0.703021
    outer loop
      vertex -7.81506 -6.41365 25
      vertex -7.80741 -6.40737 24.99
      vertex -7.82148 -6.40499 25
    endloop
  endfacet
  facet normal 0.710265 -0.0329669 0.703162
    outer loop
      vertex -10.1 0 24.99
      vertex -10.1094 0.0107724 25
      vertex -10.1099 0 25
    endloop
  endfacet
  facet normal 0.710265 0.0329669 0.703162
    outer loop
      vertex -10.1094 -0.0107724 25
      vertex -10.1 0 24.99
      vertex -10.1099 0 25
    endloop
  endfacet
  facet normal 0.642637 -0.303944 0.703303
    outer loop
      vertex -9.33572 3.87864 25
      vertex -8.9074 4.76111 24.99
      vertex -8.91614 4.76577 25
    endloop
  endfacet
  facet normal 0.64264 -0.303945 0.7033
    outer loop
      vertex -8.9074 4.76111 24.99
      vertex -9.33572 3.87864 25
      vertex -9.33118 3.8651 24.99
    endloop
  endfacet
  facet normal -0.609781 0.365489 0.703267
    outer loop
      vertex 8.9074 -4.76111 24.99
      vertex 8.41162 -5.60751 25
      vertex 8.91614 -4.76577 25
    endloop
  endfacet
  facet normal -0.609801 0.365501 0.703244
    outer loop
      vertex 8.41162 -5.60751 25
      vertex 8.9074 -4.76111 24.99
      vertex 8.39784 -5.61126 24.99
    endloop
  endfacet
  facet normal -0.526943 -0.47748 0.703096
    outer loop
      vertex 7.15602 7.14079 25
      vertex 7.14878 7.14878 25
      vertex 7.14178 7.14178 24.99
    endloop
  endfacet
  facet normal 0.0329669 -0.710265 0.703162
    outer loop
      vertex 0 10.1 24.99
      vertex 0 10.1099 25
      vertex -0.0107724 10.1094 25
    endloop
  endfacet
  facet normal -0.105765 -0.705054 0.701222
    outer loop
      vertex 1.00161 10.0596 25
      vertex 0.990944 10.0612 25
      vertex 0.989973 10.0514 24.99
    endloop
  endfacet
  facet normal -0.423528 0.571301 0.703021
    outer loop
      vertex 6.41365 -7.81506 25
      vertex 6.40737 -7.80741 24.99
      vertex 6.40499 -7.82148 25
    endloop
  endfacet
  facet normal 0.689923 -0.17281 0.702953
    outer loop
      vertex -9.6651 2.93188 24.99
      vertex -9.67457 2.93475 25
      vertex -9.67719 2.92429 25
    endloop
  endfacet
  facet normal -0.365867 -0.609778 0.703074
    outer loop
      vertex 5.61126 8.39784 24.99
      vertex 5.61676 8.40607 25
      vertex 5.60751 8.41162 25
    endloop
  endfacet
  facet normal 0.172777 0.689769 0.703112
    outer loop
      vertex -1.97041 -9.90593 24.99
      vertex -2.92429 -9.67719 25
      vertex -1.97234 -9.91564 25
    endloop
  endfacet
  facet normal 0.172813 0.689923 0.702952
    outer loop
      vertex -2.92429 -9.67719 25
      vertex -1.97041 -9.90593 24.99
      vertex -2.93188 -9.6651 24.99
    endloop
  endfacet
  facet normal 0.47748 -0.526943 0.703096
    outer loop
      vertex -7.14178 7.14178 24.99
      vertex -7.14079 7.15602 25
      vertex -7.14878 7.14878 25
    endloop
  endfacet
  facet normal -0.172813 0.689923 0.702952
    outer loop
      vertex 1.97041 -9.90593 24.99
      vertex 2.92429 -9.67719 25
      vertex 2.93188 -9.6651 24.99
    endloop
  endfacet
  facet normal -0.172777 0.689769 0.703112
    outer loop
      vertex 2.92429 -9.67719 25
      vertex 1.97041 -9.90593 24.99
      vertex 1.97234 -9.91564 25
    endloop
  endfacet
  facet normal -0.365867 0.609778 0.703074
    outer loop
      vertex 5.61676 -8.40607 25
      vertex 5.61126 -8.39784 24.99
      vertex 5.60751 -8.41162 25
    endloop
  endfacet
  facet normal 0.705054 0.105765 0.701222
    outer loop
      vertex -10.0596 -1.00161 25
      vertex -10.0514 -0.989973 24.99
      vertex -10.0612 -0.990944 25
    endloop
  endfacet
  facet normal -0.477571 0.526919 0.703053
    outer loop
      vertex 6.40737 -7.80741 24.99
      vertex 7.14079 -7.15602 25
      vertex 7.14178 -7.14178 24.99
    endloop
  endfacet
  facet normal -0.477586 0.526936 0.70303
    outer loop
      vertex 7.14079 -7.15602 25
      vertex 6.40737 -7.80741 24.99
      vertex 6.41365 -7.81506 25
    endloop
  endfacet
  facet normal -0.0350162 0.712073 0.701232
    outer loop
      vertex 0.989973 -10.0514 24.99
      vertex 0.0107724 -10.1094 25
      vertex 0.990944 -10.0612 25
    endloop
  endfacet
  facet normal -0.0348161 0.709197 0.70415
    outer loop
      vertex 0.0107724 -10.1094 25
      vertex 0.989973 -10.0514 24.99
      vertex 0 -10.1 24.99
    endloop
  endfacet
  facet normal 0.0348161 0.709197 0.70415
    outer loop
      vertex -0.989973 -10.0514 24.99
      vertex -0.0107724 -10.1094 25
      vertex 0 -10.1 24.99
    endloop
  endfacet
  facet normal 0.0350162 0.712073 0.701232
    outer loop
      vertex -0.0107724 -10.1094 25
      vertex -0.989973 -10.0514 24.99
      vertex -0.990944 -10.0612 25
    endloop
  endfacet
  facet normal 0.365867 0.609778 0.703074
    outer loop
      vertex -5.60751 -8.41162 25
      vertex -5.61126 -8.39784 24.99
      vertex -5.61676 -8.40607 25
    endloop
  endfacet
  facet normal -0.477586 -0.526936 0.70303
    outer loop
      vertex 6.40737 7.80741 24.99
      vertex 7.14079 7.15602 25
      vertex 6.41365 7.81506 25
    endloop
  endfacet
  facet normal -0.477571 -0.526919 0.703053
    outer loop
      vertex 7.14079 7.15602 25
      vertex 6.40737 7.80741 24.99
      vertex 7.14178 7.14178 24.99
    endloop
  endfacet
  facet normal 0.609801 0.365501 0.703244
    outer loop
      vertex -8.9074 -4.76111 24.99
      vertex -8.41162 -5.60751 25
      vertex -8.39784 -5.61126 24.99
    endloop
  endfacet
  facet normal 0.609781 0.365489 0.703267
    outer loop
      vertex -8.41162 -5.60751 25
      vertex -8.9074 -4.76111 24.99
      vertex -8.91614 -4.76577 25
    endloop
  endfacet
  facet normal 0.669702 -0.239509 0.702947
    outer loop
      vertex -9.6651 2.93188 24.99
      vertex -9.67094 2.9449 25
      vertex -9.67457 2.93475 25
    endloop
  endfacet
  facet normal 0.239596 -0.669609 0.703006
    outer loop
      vertex -2.9449 9.67094 25
      vertex -3.8651 9.33118 24.99
      vertex -2.93188 9.6651 24.99
    endloop
  endfacet
  facet normal 0.239508 -0.669379 0.703255
    outer loop
      vertex -3.8651 9.33118 24.99
      vertex -2.9449 9.67094 25
      vertex -3.86889 9.34033 25
    endloop
  endfacet
  facet normal -0.104312 0.703382 0.703116
    outer loop
      vertex 1.97041 -9.90593 24.99
      vertex 1.00161 -10.0596 25
      vertex 1.97234 -9.91564 25
    endloop
  endfacet
  facet normal -0.104722 0.705804 0.700624
    outer loop
      vertex 1.00161 -10.0596 25
      vertex 1.97041 -9.90593 24.99
      vertex 0.989973 -10.0514 24.99
    endloop
  endfacet
  facet normal 0.423614 0.571179 0.703068
    outer loop
      vertex -5.61126 -8.39784 24.99
      vertex -6.40499 -7.82148 25
      vertex -5.61676 -8.40607 25
    endloop
  endfacet
  facet normal 0.423683 0.571276 0.702948
    outer loop
      vertex -6.40499 -7.82148 25
      vertex -5.61126 -8.39784 24.99
      vertex -6.40737 -7.80741 24.99
    endloop
  endfacet
  facet normal -0.526936 -0.477586 0.70303
    outer loop
      vertex 7.15602 7.14079 25
      vertex 7.80741 6.40737 24.99
      vertex 7.81506 6.41365 25
    endloop
  endfacet
  facet normal -0.526919 -0.477571 0.703053
    outer loop
      vertex 7.80741 6.40737 24.99
      vertex 7.15602 7.14079 25
      vertex 7.14178 7.14178 24.99
    endloop
  endfacet
  facet normal 0.239596 0.669609 0.703006
    outer loop
      vertex -3.8651 -9.33118 24.99
      vertex -2.9449 -9.67094 25
      vertex -2.93188 -9.6651 24.99
    endloop
  endfacet
  facet normal 0.239508 0.669379 0.703255
    outer loop
      vertex -2.9449 -9.67094 25
      vertex -3.8651 -9.33118 24.99
      vertex -3.86889 -9.34033 25
    endloop
  endfacet
  facet normal -0.571301 -0.423528 0.703021
    outer loop
      vertex 7.82148 6.40499 25
      vertex 7.81506 6.41365 25
      vertex 7.80741 6.40737 24.99
    endloop
  endfacet
  facet normal -0.303944 0.642637 0.703303
    outer loop
      vertex 4.76111 -8.9074 24.99
      vertex 3.87864 -9.33572 25
      vertex 4.76577 -8.91614 25
    endloop
  endfacet
  facet normal -0.303945 0.64264 0.7033
    outer loop
      vertex 3.87864 -9.33572 25
      vertex 4.76111 -8.9074 24.99
      vertex 3.8651 -9.33118 24.99
    endloop
  endfacet
  facet normal 0.571301 -0.423528 0.703021
    outer loop
      vertex -7.80741 6.40737 24.99
      vertex -7.81506 6.41365 25
      vertex -7.82148 6.40499 25
    endloop
  endfacet
  facet normal 0.526943 -0.47748 0.703096
    outer loop
      vertex -7.14178 7.14178 24.99
      vertex -7.14878 7.14878 25
      vertex -7.15602 7.14079 25
    endloop
  endfacet
  facet normal 0.303888 -0.642714 0.703257
    outer loop
      vertex -3.8651 9.33118 24.99
      vertex -3.86889 9.34033 25
      vertex -3.87864 9.33572 25
    endloop
  endfacet
  facet normal 0.239509 0.669702 0.702947
    outer loop
      vertex -2.93475 -9.67457 25
      vertex -2.93188 -9.6651 24.99
      vertex -2.9449 -9.67094 25
    endloop
  endfacet
  facet normal -0.172777 -0.689769 0.703112
    outer loop
      vertex 1.97041 9.90593 24.99
      vertex 2.92429 9.67719 25
      vertex 1.97234 9.91564 25
    endloop
  endfacet
  facet normal -0.172813 -0.689923 0.702952
    outer loop
      vertex 2.92429 9.67719 25
      vertex 1.97041 9.90593 24.99
      vertex 2.93188 9.6651 24.99
    endloop
  endfacet
  facet normal -0.642637 -0.303944 0.703303
    outer loop
      vertex 8.9074 4.76111 24.99
      vertex 9.33572 3.87864 25
      vertex 8.91614 4.76577 25
    endloop
  endfacet
  facet normal -0.64264 -0.303945 0.7033
    outer loop
      vertex 9.33572 3.87864 25
      vertex 8.9074 4.76111 24.99
      vertex 9.33118 3.8651 24.99
    endloop
  endfacet
  facet normal -0.17281 -0.689923 0.702953
    outer loop
      vertex 2.93188 9.6651 24.99
      vertex 2.93475 9.67457 25
      vertex 2.92429 9.67719 25
    endloop
  endfacet
  facet normal -0.669702 -0.239509 0.702947
    outer loop
      vertex 9.67457 2.93475 25
      vertex 9.67094 2.9449 25
      vertex 9.6651 2.93188 24.99
    endloop
  endfacet
  facet normal -0.609781 -0.365489 0.703267
    outer loop
      vertex 8.41162 5.60751 25
      vertex 8.9074 4.76111 24.99
      vertex 8.91614 4.76577 25
    endloop
  endfacet
  facet normal -0.609801 -0.365501 0.703244
    outer loop
      vertex 8.9074 4.76111 24.99
      vertex 8.41162 5.60751 25
      vertex 8.39784 5.61126 24.99
    endloop
  endfacet
  facet normal 0.239509 -0.669702 0.702947
    outer loop
      vertex -2.93188 9.6651 24.99
      vertex -2.93475 9.67457 25
      vertex -2.9449 9.67094 25
    endloop
  endfacet
  facet normal -0.303888 -0.642714 0.703257
    outer loop
      vertex 3.87864 9.33572 25
      vertex 3.86889 9.34033 25
      vertex 3.8651 9.33118 24.99
    endloop
  endfacet
  facet normal 0.705054 -0.105765 0.701222
    outer loop
      vertex -10.0514 0.989973 24.99
      vertex -10.0596 1.00161 25
      vertex -10.0612 0.990944 25
    endloop
  endfacet
  facet normal -0.365489 -0.609781 0.703267
    outer loop
      vertex 4.76111 8.9074 24.99
      vertex 5.60751 8.41162 25
      vertex 4.76577 8.91614 25
    endloop
  endfacet
  facet normal -0.365501 -0.609801 0.703244
    outer loop
      vertex 5.60751 8.41162 25
      vertex 4.76111 8.9074 24.99
      vertex 5.61126 8.39784 24.99
    endloop
  endfacet
  facet normal 0.104722 0.705804 0.700624
    outer loop
      vertex -1.97041 -9.90593 24.99
      vertex -1.00161 -10.0596 25
      vertex -0.989973 -10.0514 24.99
    endloop
  endfacet
  facet normal 0.104312 0.703382 0.703116
    outer loop
      vertex -1.00161 -10.0596 25
      vertex -1.97041 -9.90593 24.99
      vertex -1.97234 -9.91564 25
    endloop
  endfacet
  facet normal -0.689923 -0.17281 0.702953
    outer loop
      vertex 9.67719 2.92429 25
      vertex 9.67457 2.93475 25
      vertex 9.6651 2.93188 24.99
    endloop
  endfacet
  facet normal 0.47748 0.526943 0.703096
    outer loop
      vertex -7.14079 -7.15602 25
      vertex -7.14178 -7.14178 24.99
      vertex -7.14878 -7.14878 25
    endloop
  endfacet
  facet normal 0.477586 -0.526936 0.70303
    outer loop
      vertex -7.14079 7.15602 25
      vertex -6.40737 7.80741 24.99
      vertex -6.41365 7.81506 25
    endloop
  endfacet
  facet normal 0.477571 -0.526919 0.703053
    outer loop
      vertex -6.40737 7.80741 24.99
      vertex -7.14079 7.15602 25
      vertex -7.14178 7.14178 24.99
    endloop
  endfacet
  facet normal 0.669379 -0.239508 0.703255
    outer loop
      vertex -9.67094 2.9449 25
      vertex -9.33118 3.8651 24.99
      vertex -9.34033 3.86889 25
    endloop
  endfacet
  facet normal 0.669609 -0.239596 0.703006
    outer loop
      vertex -9.33118 3.8651 24.99
      vertex -9.67094 2.9449 25
      vertex -9.6651 2.93188 24.99
    endloop
  endfacet
  facet normal 0.423528 -0.571301 0.703021
    outer loop
      vertex -6.40737 7.80741 24.99
      vertex -6.40499 7.82148 25
      vertex -6.41365 7.81506 25
    endloop
  endfacet
  facet normal 0.609778 0.365867 0.703074
    outer loop
      vertex -8.40607 -5.61676 25
      vertex -8.39784 -5.61126 24.99
      vertex -8.41162 -5.60751 25
    endloop
  endfacet
  facet normal 0.705804 0.104722 0.700624
    outer loop
      vertex -10.0596 -1.00161 25
      vertex -9.90593 -1.97041 24.99
      vertex -10.0514 -0.989973 24.99
    endloop
  endfacet
  facet normal 0.703382 0.104312 0.703116
    outer loop
      vertex -9.90593 -1.97041 24.99
      vertex -10.0596 -1.00161 25
      vertex -9.91564 -1.97234 25
    endloop
  endfacet
  facet normal -0.609778 -0.365867 0.703074
    outer loop
      vertex 8.41162 5.60751 25
      vertex 8.40607 5.61676 25
      vertex 8.39784 5.61126 24.99
    endloop
  endfacet
  facet normal 0.365489 0.609781 0.703267
    outer loop
      vertex -4.76111 -8.9074 24.99
      vertex -5.60751 -8.41162 25
      vertex -4.76577 -8.91614 25
    endloop
  endfacet
  facet normal 0.365501 0.609801 0.703244
    outer loop
      vertex -5.60751 -8.41162 25
      vertex -4.76111 -8.9074 24.99
      vertex -5.61126 -8.39784 24.99
    endloop
  endfacet
  facet normal 0.642714 -0.303888 0.703257
    outer loop
      vertex -9.33118 3.8651 24.99
      vertex -9.33572 3.87864 25
      vertex -9.34033 3.86889 25
    endloop
  endfacet
  facet normal 0.365867 -0.609778 0.703074
    outer loop
      vertex -5.61126 8.39784 24.99
      vertex -5.60751 8.41162 25
      vertex -5.61676 8.40607 25
    endloop
  endfacet
  facet normal 0.17281 -0.689923 0.702953
    outer loop
      vertex -2.93188 9.6651 24.99
      vertex -2.92429 9.67719 25
      vertex -2.93475 9.67457 25
    endloop
  endfacet
  facet normal 0.526919 0.477571 0.703053
    outer loop
      vertex -7.80741 -6.40737 24.99
      vertex -7.15602 -7.14079 25
      vertex -7.14178 -7.14178 24.99
    endloop
  endfacet
  facet normal 0.526936 0.477586 0.70303
    outer loop
      vertex -7.15602 -7.14079 25
      vertex -7.80741 -6.40737 24.99
      vertex -7.81506 -6.41365 25
    endloop
  endfacet
  facet normal -0.423614 -0.571179 0.703068
    outer loop
      vertex 5.61126 8.39784 24.99
      vertex 6.40499 7.82148 25
      vertex 5.61676 8.40607 25
    endloop
  endfacet
  facet normal -0.423683 -0.571276 0.702948
    outer loop
      vertex 6.40499 7.82148 25
      vertex 5.61126 8.39784 24.99
      vertex 6.40737 7.80741 24.99
    endloop
  endfacet
  facet normal 0.526943 0.47748 0.703096
    outer loop
      vertex -7.14878 -7.14878 25
      vertex -7.14178 -7.14178 24.99
      vertex -7.15602 -7.14079 25
    endloop
  endfacet
  facet normal 0.689923 -0.172813 0.702952
    outer loop
      vertex -9.67719 2.92429 25
      vertex -9.90593 1.97041 24.99
      vertex -9.6651 2.93188 24.99
    endloop
  endfacet
  facet normal 0.689769 -0.172777 0.703112
    outer loop
      vertex -9.90593 1.97041 24.99
      vertex -9.67719 2.92429 25
      vertex -9.91564 1.97234 25
    endloop
  endfacet
  facet normal -0.303944 -0.642637 0.703303
    outer loop
      vertex 3.87864 9.33572 25
      vertex 4.76111 8.9074 24.99
      vertex 4.76577 8.91614 25
    endloop
  endfacet
  facet normal -0.303945 -0.64264 0.7033
    outer loop
      vertex 4.76111 8.9074 24.99
      vertex 3.87864 9.33572 25
      vertex 3.8651 9.33118 24.99
    endloop
  endfacet
  facet normal -0.571179 -0.423614 0.703068
    outer loop
      vertex 7.82148 6.40499 25
      vertex 8.39784 5.61126 24.99
      vertex 8.40607 5.61676 25
    endloop
  endfacet
  facet normal -0.571276 -0.423683 0.702948
    outer loop
      vertex 8.39784 5.61126 24.99
      vertex 7.82148 6.40499 25
      vertex 7.80741 6.40737 24.99
    endloop
  endfacet
  facet normal 0.477586 0.526936 0.70303
    outer loop
      vertex -6.40737 -7.80741 24.99
      vertex -7.14079 -7.15602 25
      vertex -6.41365 -7.81506 25
    endloop
  endfacet
  facet normal 0.477571 0.526919 0.703053
    outer loop
      vertex -7.14079 -7.15602 25
      vertex -6.40737 -7.80741 24.99
      vertex -7.14178 -7.14178 24.99
    endloop
  endfacet
  facet normal -0.705054 -0.105765 0.701222
    outer loop
      vertex 10.0612 0.990944 25
      vertex 10.0596 1.00161 25
      vertex 10.0514 0.989973 24.99
    endloop
  endfacet
  facet normal 0 0 1
    outer loop
      vertex 9.69689 0 24.99
      vertex 10.1 0 24.99
      vertex 10.0514 0.989973 24.99
    endloop
  endfacet
  facet normal 0 0 1
    outer loop
      vertex 9.6502 0.950461 24.99
      vertex 10.0514 0.989973 24.99
      vertex 9.90593 1.97041 24.99
    endloop
  endfacet
  facet normal 0 0 1
    outer loop
      vertex 10.1 0 24.99
      vertex 9.69689 0 24.99
      vertex 10.0514 -0.989973 24.99
    endloop
  endfacet
  facet normal -0 0 1
    outer loop
      vertex 9.6502 -0.950461 24.99
      vertex 10.0514 -0.989973 24.99
      vertex 9.69689 0 24.99
    endloop
  endfacet
  facet normal 0 0 1
    outer loop
      vertex 9.51057 1.89177 24.99
      vertex 9.90593 1.97041 24.99
      vertex 9.6651 2.93188 24.99
    endloop
  endfacet
  facet normal 0 0 1
    outer loop
      vertex 10.0514 0.989973 24.99
      vertex 9.6502 0.950461 24.99
      vertex 9.69689 0 24.99
    endloop
  endfacet
  facet normal 0 0 1
    outer loop
      vertex 9.90593 1.97041 24.99
      vertex 9.51057 1.89177 24.99
      vertex 9.6502 0.950461 24.99
    endloop
  endfacet
  facet normal 0 0 1
    outer loop
      vertex 9.27935 2.81486 24.99
      vertex 9.6651 2.93188 24.99
      vertex 9.33118 3.8651 24.99
    endloop
  endfacet
  facet normal 0 0 1
    outer loop
      vertex 9.6651 2.93188 24.99
      vertex 9.27935 2.81486 24.99
      vertex 9.51057 1.89177 24.99
    endloop
  endfacet
  facet normal 0 0 1
    outer loop
      vertex 9.33118 3.8651 24.99
      vertex 8.95876 3.71084 24.99
      vertex 9.27935 2.81486 24.99
    endloop
  endfacet
  facet normal 0 0 1
    outer loop
      vertex 8.9074 4.76111 24.99
      vertex 8.95876 3.71084 24.99
      vertex 9.33118 3.8651 24.99
    endloop
  endfacet
  facet normal 0 0 1
    outer loop
      vertex 8.9074 4.76111 24.99
      vertex 8.55189 4.57108 24.99
      vertex 8.95876 3.71084 24.99
    endloop
  endfacet
  facet normal 0 0 1
    outer loop
      vertex 8.39784 5.61126 24.99
      vertex 8.55189 4.57108 24.99
      vertex 8.9074 4.76111 24.99
    endloop
  endfacet
  facet normal 0 0 1
    outer loop
      vertex 8.39784 5.61126 24.99
      vertex 8.06267 5.3873 24.99
      vertex 8.55189 4.57108 24.99
    endloop
  endfacet
  facet normal 0 0 1
    outer loop
      vertex 7.80741 6.40737 24.99
      vertex 8.06267 5.3873 24.99
      vertex 8.39784 5.61126 24.99
    endloop
  endfacet
  facet normal 0 0 1
    outer loop
      vertex 7.80741 6.40737 24.99
      vertex 7.4958 6.15164 24.99
      vertex 8.06267 5.3873 24.99
    endloop
  endfacet
  facet normal 0 0 1
    outer loop
      vertex 7.14178 7.14178 24.99
      vertex 7.4958 6.15164 24.99
      vertex 7.80741 6.40737 24.99
    endloop
  endfacet
  facet normal 0 0 1
    outer loop
      vertex 7.14178 7.14178 24.99
      vertex 6.85674 6.85674 24.99
      vertex 7.4958 6.15164 24.99
    endloop
  endfacet
  facet normal 0 0 1
    outer loop
      vertex 6.40737 7.80741 24.99
      vertex 6.85674 6.85674 24.99
      vertex 7.14178 7.14178 24.99
    endloop
  endfacet
  facet normal 0 0 1
    outer loop
      vertex 6.40737 7.80741 24.99
      vertex 6.15164 7.4958 24.99
      vertex 6.85674 6.85674 24.99
    endloop
  endfacet
  facet normal 0 0 1
    outer loop
      vertex 5.61126 8.39784 24.99
      vertex 6.15164 7.4958 24.99
      vertex 6.40737 7.80741 24.99
    endloop
  endfacet
  facet normal 0 0 1
    outer loop
      vertex 5.61126 8.39784 24.99
      vertex 5.3873 8.06267 24.99
      vertex 6.15164 7.4958 24.99
    endloop
  endfacet
  facet normal 0 0 1
    outer loop
      vertex 4.76111 8.9074 24.99
      vertex 5.3873 8.06267 24.99
      vertex 5.61126 8.39784 24.99
    endloop
  endfacet
  facet normal 0 0 1
    outer loop
      vertex 4.76111 8.9074 24.99
      vertex 4.57108 8.55189 24.99
      vertex 5.3873 8.06267 24.99
    endloop
  endfacet
  facet normal 0 0 1
    outer loop
      vertex 3.8651 9.33118 24.99
      vertex 4.57108 8.55189 24.99
      vertex 4.76111 8.9074 24.99
    endloop
  endfacet
  facet normal 0 0 1
    outer loop
      vertex 3.8651 9.33118 24.99
      vertex 3.71084 8.95876 24.99
      vertex 4.57108 8.55189 24.99
    endloop
  endfacet
  facet normal 0 0 1
    outer loop
      vertex 2.93188 9.6651 24.99
      vertex 3.71084 8.95876 24.99
      vertex 3.8651 9.33118 24.99
    endloop
  endfacet
  facet normal 0 0 1
    outer loop
      vertex 2.93188 9.6651 24.99
      vertex 2.81486 9.27935 24.99
      vertex 3.71084 8.95876 24.99
    endloop
  endfacet
  facet normal 0 0 1
    outer loop
      vertex 1.97041 9.90593 24.99
      vertex 2.81486 9.27935 24.99
      vertex 2.93188 9.6651 24.99
    endloop
  endfacet
  facet normal 0 0 1
    outer loop
      vertex 1.97041 9.90593 24.99
      vertex 1.89177 9.51057 24.99
      vertex 2.81486 9.27935 24.99
    endloop
  endfacet
  facet normal 0 0 1
    outer loop
      vertex 0.989973 10.0514 24.99
      vertex 1.89177 9.51057 24.99
      vertex 1.97041 9.90593 24.99
    endloop
  endfacet
  facet normal 0 0 1
    outer loop
      vertex 0.989973 10.0514 24.99
      vertex 0.950461 9.6502 24.99
      vertex 1.89177 9.51057 24.99
    endloop
  endfacet
  facet normal 0 0 1
    outer loop
      vertex 0 10.1 24.99
      vertex 0.950461 9.6502 24.99
      vertex 0.989973 10.0514 24.99
    endloop
  endfacet
  facet normal 0 0 1
    outer loop
      vertex 0 10.1 24.99
      vertex 0 9.69689 24.99
      vertex 0.950461 9.6502 24.99
    endloop
  endfacet
  facet normal 0 0 1
    outer loop
      vertex 0 10.1 24.99
      vertex -0.950461 9.6502 24.99
      vertex 0 9.69689 24.99
    endloop
  endfacet
  facet normal -0 0 1
    outer loop
      vertex -0.989973 10.0514 24.99
      vertex -0.950461 9.6502 24.99
      vertex 0 10.1 24.99
    endloop
  endfacet
  facet normal 0 0 1
    outer loop
      vertex -0.989973 10.0514 24.99
      vertex -1.89177 9.51057 24.99
      vertex -0.950461 9.6502 24.99
    endloop
  endfacet
  facet normal -0 0 1
    outer loop
      vertex -1.97041 9.90593 24.99
      vertex -1.89177 9.51057 24.99
      vertex -0.989973 10.0514 24.99
    endloop
  endfacet
  facet normal 0 0 1
    outer loop
      vertex -1.97041 9.90593 24.99
      vertex -2.81486 9.27935 24.99
      vertex -1.89177 9.51057 24.99
    endloop
  endfacet
  facet normal -0 0 1
    outer loop
      vertex -2.93188 9.6651 24.99
      vertex -2.81486 9.27935 24.99
      vertex -1.97041 9.90593 24.99
    endloop
  endfacet
  facet normal 0 0 1
    outer loop
      vertex -2.93188 9.6651 24.99
      vertex -3.71084 8.95876 24.99
      vertex -2.81486 9.27935 24.99
    endloop
  endfacet
  facet normal -0 0 1
    outer loop
      vertex -3.8651 9.33118 24.99
      vertex -3.71084 8.95876 24.99
      vertex -2.93188 9.6651 24.99
    endloop
  endfacet
  facet normal 0 0 1
    outer loop
      vertex -3.8651 9.33118 24.99
      vertex -4.57108 8.55189 24.99
      vertex -3.71084 8.95876 24.99
    endloop
  endfacet
  facet normal -0 0 1
    outer loop
      vertex -4.76111 8.9074 24.99
      vertex -4.57108 8.55189 24.99
      vertex -3.8651 9.33118 24.99
    endloop
  endfacet
  facet normal 0 0 1
    outer loop
      vertex -4.76111 8.9074 24.99
      vertex -5.3873 8.06267 24.99
      vertex -4.57108 8.55189 24.99
    endloop
  endfacet
  facet normal -0 0 1
    outer loop
      vertex -5.61126 8.39784 24.99
      vertex -5.3873 8.06267 24.99
      vertex -4.76111 8.9074 24.99
    endloop
  endfacet
  facet normal 0 0 1
    outer loop
      vertex -5.61126 8.39784 24.99
      vertex -6.15164 7.4958 24.99
      vertex -5.3873 8.06267 24.99
    endloop
  endfacet
  facet normal -0 0 1
    outer loop
      vertex -6.40737 7.80741 24.99
      vertex -6.15164 7.4958 24.99
      vertex -5.61126 8.39784 24.99
    endloop
  endfacet
  facet normal 0 0 1
    outer loop
      vertex -6.40737 7.80741 24.99
      vertex -6.85674 6.85674 24.99
      vertex -6.15164 7.4958 24.99
    endloop
  endfacet
  facet normal -0 0 1
    outer loop
      vertex -7.14178 7.14178 24.99
      vertex -6.85674 6.85674 24.99
      vertex -6.40737 7.80741 24.99
    endloop
  endfacet
  facet normal 0 0 1
    outer loop
      vertex -7.14178 7.14178 24.99
      vertex -7.4958 6.15164 24.99
      vertex -6.85674 6.85674 24.99
    endloop
  endfacet
  facet normal -0 0 1
    outer loop
      vertex -7.80741 6.40737 24.99
      vertex -7.4958 6.15164 24.99
      vertex -7.14178 7.14178 24.99
    endloop
  endfacet
  facet normal 0 0 1
    outer loop
      vertex -7.80741 6.40737 24.99
      vertex -8.06267 5.3873 24.99
      vertex -7.4958 6.15164 24.99
    endloop
  endfacet
  facet normal -0 0 1
    outer loop
      vertex -8.39784 5.61126 24.99
      vertex -8.06267 5.3873 24.99
      vertex -7.80741 6.40737 24.99
    endloop
  endfacet
  facet normal 0 0 1
    outer loop
      vertex -8.39784 5.61126 24.99
      vertex -8.55189 4.57108 24.99
      vertex -8.06267 5.3873 24.99
    endloop
  endfacet
  facet normal -0 0 1
    outer loop
      vertex -8.9074 4.76111 24.99
      vertex -8.55189 4.57108 24.99
      vertex -8.39784 5.61126 24.99
    endloop
  endfacet
  facet normal 0 0 1
    outer loop
      vertex -8.9074 4.76111 24.99
      vertex -8.95876 3.71084 24.99
      vertex -8.55189 4.57108 24.99
    endloop
  endfacet
  facet normal -0 0 1
    outer loop
      vertex -9.33118 3.8651 24.99
      vertex -8.95876 3.71084 24.99
      vertex -8.9074 4.76111 24.99
    endloop
  endfacet
  facet normal 0 0 1
    outer loop
      vertex -8.95876 3.71084 24.99
      vertex -9.33118 3.8651 24.99
      vertex -9.27935 2.81486 24.99
    endloop
  endfacet
  facet normal -0 0 1
    outer loop
      vertex -9.6651 2.93188 24.99
      vertex -9.27935 2.81486 24.99
      vertex -9.33118 3.8651 24.99
    endloop
  endfacet
  facet normal 0 0 1
    outer loop
      vertex -9.27935 2.81486 24.99
      vertex -9.6651 2.93188 24.99
      vertex -9.51057 1.89177 24.99
    endloop
  endfacet
  facet normal -0 0 1
    outer loop
      vertex -9.90593 1.97041 24.99
      vertex -9.51057 1.89177 24.99
      vertex -9.6651 2.93188 24.99
    endloop
  endfacet
  facet normal 0 0 1
    outer loop
      vertex -9.51057 1.89177 24.99
      vertex -9.90593 1.97041 24.99
      vertex -9.6502 0.950461 24.99
    endloop
  endfacet
  facet normal -0 0 1
    outer loop
      vertex -10.0514 0.989973 24.99
      vertex -9.6502 0.950461 24.99
      vertex -9.90593 1.97041 24.99
    endloop
  endfacet
  facet normal 0 0 1
    outer loop
      vertex 10.0514 -0.989973 24.99
      vertex 9.6502 -0.950461 24.99
      vertex 9.90593 -1.97041 24.99
    endloop
  endfacet
  facet normal -0 0 1
    outer loop
      vertex 9.51057 -1.89177 24.99
      vertex 9.90593 -1.97041 24.99
      vertex 9.6502 -0.950461 24.99
    endloop
  endfacet
  facet normal 0 0 1
    outer loop
      vertex 9.90593 -1.97041 24.99
      vertex 9.51057 -1.89177 24.99
      vertex 9.6651 -2.93188 24.99
    endloop
  endfacet
  facet normal -0 0 1
    outer loop
      vertex 9.27935 -2.81486 24.99
      vertex 9.6651 -2.93188 24.99
      vertex 9.51057 -1.89177 24.99
    endloop
  endfacet
  facet normal 0 0 1
    outer loop
      vertex 9.6651 -2.93188 24.99
      vertex 9.27935 -2.81486 24.99
      vertex 9.33118 -3.8651 24.99
    endloop
  endfacet
  facet normal -0 0 1
    outer loop
      vertex 8.95876 -3.71084 24.99
      vertex 9.33118 -3.8651 24.99
      vertex 9.27935 -2.81486 24.99
    endloop
  endfacet
  facet normal 0 0 1
    outer loop
      vertex 8.95876 -3.71084 24.99
      vertex 8.9074 -4.76111 24.99
      vertex 9.33118 -3.8651 24.99
    endloop
  endfacet
  facet normal -0 0 1
    outer loop
      vertex 8.55189 -4.57108 24.99
      vertex 8.9074 -4.76111 24.99
      vertex 8.95876 -3.71084 24.99
    endloop
  endfacet
  facet normal 0 0 1
    outer loop
      vertex 8.55189 -4.57108 24.99
      vertex 8.39784 -5.61126 24.99
      vertex 8.9074 -4.76111 24.99
    endloop
  endfacet
  facet normal -0 0 1
    outer loop
      vertex 8.06267 -5.3873 24.99
      vertex 8.39784 -5.61126 24.99
      vertex 8.55189 -4.57108 24.99
    endloop
  endfacet
  facet normal 0 0 1
    outer loop
      vertex 8.06267 -5.3873 24.99
      vertex 7.80741 -6.40737 24.99
      vertex 8.39784 -5.61126 24.99
    endloop
  endfacet
  facet normal -0 0 1
    outer loop
      vertex 7.4958 -6.15164 24.99
      vertex 7.80741 -6.40737 24.99
      vertex 8.06267 -5.3873 24.99
    endloop
  endfacet
  facet normal 0 0 1
    outer loop
      vertex 7.4958 -6.15164 24.99
      vertex 7.14178 -7.14178 24.99
      vertex 7.80741 -6.40737 24.99
    endloop
  endfacet
  facet normal -0 0 1
    outer loop
      vertex 6.85674 -6.85674 24.99
      vertex 7.14178 -7.14178 24.99
      vertex 7.4958 -6.15164 24.99
    endloop
  endfacet
  facet normal 0 0 1
    outer loop
      vertex 6.85674 -6.85674 24.99
      vertex 6.40737 -7.80741 24.99
      vertex 7.14178 -7.14178 24.99
    endloop
  endfacet
  facet normal -0 0 1
    outer loop
      vertex 6.15164 -7.4958 24.99
      vertex 6.40737 -7.80741 24.99
      vertex 6.85674 -6.85674 24.99
    endloop
  endfacet
  facet normal 0 0 1
    outer loop
      vertex 6.15164 -7.4958 24.99
      vertex 5.61126 -8.39784 24.99
      vertex 6.40737 -7.80741 24.99
    endloop
  endfacet
  facet normal -0 0 1
    outer loop
      vertex 5.3873 -8.06267 24.99
      vertex 5.61126 -8.39784 24.99
      vertex 6.15164 -7.4958 24.99
    endloop
  endfacet
  facet normal 0 0 1
    outer loop
      vertex 5.3873 -8.06267 24.99
      vertex 4.76111 -8.9074 24.99
      vertex 5.61126 -8.39784 24.99
    endloop
  endfacet
  facet normal -0 0 1
    outer loop
      vertex 4.57108 -8.55189 24.99
      vertex 4.76111 -8.9074 24.99
      vertex 5.3873 -8.06267 24.99
    endloop
  endfacet
  facet normal 0 0 1
    outer loop
      vertex 4.57108 -8.55189 24.99
      vertex 3.8651 -9.33118 24.99
      vertex 4.76111 -8.9074 24.99
    endloop
  endfacet
  facet normal -0 0 1
    outer loop
      vertex 3.71084 -8.95876 24.99
      vertex 3.8651 -9.33118 24.99
      vertex 4.57108 -8.55189 24.99
    endloop
  endfacet
  facet normal 0 0 1
    outer loop
      vertex 3.71084 -8.95876 24.99
      vertex 2.93188 -9.6651 24.99
      vertex 3.8651 -9.33118 24.99
    endloop
  endfacet
  facet normal -0 0 1
    outer loop
      vertex 2.81486 -9.27935 24.99
      vertex 2.93188 -9.6651 24.99
      vertex 3.71084 -8.95876 24.99
    endloop
  endfacet
  facet normal 0 0 1
    outer loop
      vertex 2.81486 -9.27935 24.99
      vertex 1.97041 -9.90593 24.99
      vertex 2.93188 -9.6651 24.99
    endloop
  endfacet
  facet normal -0 0 1
    outer loop
      vertex 1.89177 -9.51057 24.99
      vertex 1.97041 -9.90593 24.99
      vertex 2.81486 -9.27935 24.99
    endloop
  endfacet
  facet normal 0 0 1
    outer loop
      vertex 1.89177 -9.51057 24.99
      vertex 0.989973 -10.0514 24.99
      vertex 1.97041 -9.90593 24.99
    endloop
  endfacet
  facet normal -0 0 1
    outer loop
      vertex 0.950461 -9.6502 24.99
      vertex 0.989973 -10.0514 24.99
      vertex 1.89177 -9.51057 24.99
    endloop
  endfacet
  facet normal -0 0 1
    outer loop
      vertex 0 -9.69689 24.99
      vertex 0.989973 -10.0514 24.99
      vertex 0.950461 -9.6502 24.99
    endloop
  endfacet
  facet normal 0 0 1
    outer loop
      vertex 0 -9.69689 24.99
      vertex 0 -10.1 24.99
      vertex 0.989973 -10.0514 24.99
    endloop
  endfacet
  facet normal 0 0 1
    outer loop
      vertex -0.950461 -9.6502 24.99
      vertex 0 -10.1 24.99
      vertex 0 -9.69689 24.99
    endloop
  endfacet
  facet normal 0 0 1
    outer loop
      vertex -0.950461 -9.6502 24.99
      vertex -0.989973 -10.0514 24.99
      vertex 0 -10.1 24.99
    endloop
  endfacet
  facet normal 0 0 1
    outer loop
      vertex -1.89177 -9.51057 24.99
      vertex -0.989973 -10.0514 24.99
      vertex -0.950461 -9.6502 24.99
    endloop
  endfacet
  facet normal 0 0 1
    outer loop
      vertex -1.89177 -9.51057 24.99
      vertex -1.97041 -9.90593 24.99
      vertex -0.989973 -10.0514 24.99
    endloop
  endfacet
  facet normal 0 0 1
    outer loop
      vertex -2.81486 -9.27935 24.99
      vertex -1.97041 -9.90593 24.99
      vertex -1.89177 -9.51057 24.99
    endloop
  endfacet
  facet normal 0 0 1
    outer loop
      vertex -2.81486 -9.27935 24.99
      vertex -2.93188 -9.6651 24.99
      vertex -1.97041 -9.90593 24.99
    endloop
  endfacet
  facet normal 0 0 1
    outer loop
      vertex -3.71084 -8.95876 24.99
      vertex -2.93188 -9.6651 24.99
      vertex -2.81486 -9.27935 24.99
    endloop
  endfacet
  facet normal 0 0 1
    outer loop
      vertex -3.71084 -8.95876 24.99
      vertex -3.8651 -9.33118 24.99
      vertex -2.93188 -9.6651 24.99
    endloop
  endfacet
  facet normal 0 0 1
    outer loop
      vertex -4.57108 -8.55189 24.99
      vertex -3.8651 -9.33118 24.99
      vertex -3.71084 -8.95876 24.99
    endloop
  endfacet
  facet normal 0 0 1
    outer loop
      vertex -4.57108 -8.55189 24.99
      vertex -4.76111 -8.9074 24.99
      vertex -3.8651 -9.33118 24.99
    endloop
  endfacet
  facet normal 0 0 1
    outer loop
      vertex -5.3873 -8.06267 24.99
      vertex -4.76111 -8.9074 24.99
      vertex -4.57108 -8.55189 24.99
    endloop
  endfacet
  facet normal 0 0 1
    outer loop
      vertex -5.3873 -8.06267 24.99
      vertex -5.61126 -8.39784 24.99
      vertex -4.76111 -8.9074 24.99
    endloop
  endfacet
  facet normal 0 0 1
    outer loop
      vertex -6.15164 -7.4958 24.99
      vertex -5.61126 -8.39784 24.99
      vertex -5.3873 -8.06267 24.99
    endloop
  endfacet
  facet normal 0 0 1
    outer loop
      vertex -6.15164 -7.4958 24.99
      vertex -6.40737 -7.80741 24.99
      vertex -5.61126 -8.39784 24.99
    endloop
  endfacet
  facet normal 0 0 1
    outer loop
      vertex -6.85674 -6.85674 24.99
      vertex -6.40737 -7.80741 24.99
      vertex -6.15164 -7.4958 24.99
    endloop
  endfacet
  facet normal 0 0 1
    outer loop
      vertex -6.85674 -6.85674 24.99
      vertex -7.14178 -7.14178 24.99
      vertex -6.40737 -7.80741 24.99
    endloop
  endfacet
  facet normal 0 0 1
    outer loop
      vertex -7.4958 -6.15164 24.99
      vertex -7.14178 -7.14178 24.99
      vertex -6.85674 -6.85674 24.99
    endloop
  endfacet
  facet normal 0 0 1
    outer loop
      vertex -7.4958 -6.15164 24.99
      vertex -7.80741 -6.40737 24.99
      vertex -7.14178 -7.14178 24.99
    endloop
  endfacet
  facet normal 0 0 1
    outer loop
      vertex -8.06267 -5.3873 24.99
      vertex -7.80741 -6.40737 24.99
      vertex -7.4958 -6.15164 24.99
    endloop
  endfacet
  facet normal 0 0 1
    outer loop
      vertex -8.06267 -5.3873 24.99
      vertex -8.39784 -5.61126 24.99
      vertex -7.80741 -6.40737 24.99
    endloop
  endfacet
  facet normal 0 0 1
    outer loop
      vertex -8.55189 -4.57108 24.99
      vertex -8.39784 -5.61126 24.99
      vertex -8.06267 -5.3873 24.99
    endloop
  endfacet
  facet normal 0 0 1
    outer loop
      vertex -8.55189 -4.57108 24.99
      vertex -8.9074 -4.76111 24.99
      vertex -8.39784 -5.61126 24.99
    endloop
  endfacet
  facet normal 0 0 1
    outer loop
      vertex -8.95876 -3.71084 24.99
      vertex -8.9074 -4.76111 24.99
      vertex -8.55189 -4.57108 24.99
    endloop
  endfacet
  facet normal 0 0 1
    outer loop
      vertex -9.33118 -3.8651 24.99
      vertex -8.95876 -3.71084 24.99
      vertex -9.27935 -2.81486 24.99
    endloop
  endfacet
  facet normal 0 0 1
    outer loop
      vertex -8.95876 -3.71084 24.99
      vertex -9.33118 -3.8651 24.99
      vertex -8.9074 -4.76111 24.99
    endloop
  endfacet
  facet normal 0 0 1
    outer loop
      vertex -9.6651 -2.93188 24.99
      vertex -9.27935 -2.81486 24.99
      vertex -9.51057 -1.89177 24.99
    endloop
  endfacet
  facet normal 0 0 1
    outer loop
      vertex -9.90593 -1.97041 24.99
      vertex -9.51057 -1.89177 24.99
      vertex -9.6502 -0.950461 24.99
    endloop
  endfacet
  facet normal 0 0 1
    outer loop
      vertex -9.27935 -2.81486 24.99
      vertex -9.6651 -2.93188 24.99
      vertex -9.33118 -3.8651 24.99
    endloop
  endfacet
  facet normal 0 0 1
    outer loop
      vertex -10.0514 -0.989973 24.99
      vertex -9.6502 -0.950461 24.99
      vertex -9.69689 0 24.99
    endloop
  endfacet
  facet normal 0 0 1
    outer loop
      vertex -9.6502 0.950461 24.99
      vertex -10.0514 0.989973 24.99
      vertex -9.69689 0 24.99
    endloop
  endfacet
  facet normal 0 0 1
    outer loop
      vertex -9.51057 -1.89177 24.99
      vertex -9.90593 -1.97041 24.99
      vertex -9.6651 -2.93188 24.99
    endloop
  endfacet
  facet normal 0 0 1
    outer loop
      vertex -10.1 0 24.99
      vertex -9.69689 0 24.99
      vertex -10.0514 0.989973 24.99
    endloop
  endfacet
  facet normal 0 0 1
    outer loop
      vertex -9.6502 -0.950461 24.99
      vertex -10.0514 -0.989973 24.99
      vertex -9.90593 -1.97041 24.99
    endloop
  endfacet
  facet normal 0 0 1
    outer loop
      vertex -9.69689 0 24.99
      vertex -10.1 0 24.99
      vertex -10.0514 -0.989973 24.99
    endloop
  endfacet
  facet normal -0.669379 -0.239508 0.703255
    outer loop
      vertex 9.33118 3.8651 24.99
      vertex 9.67094 2.9449 25
      vertex 9.34033 3.86889 25
    endloop
  endfacet
  facet normal -0.669609 -0.239596 0.703006
    outer loop
      vertex 9.67094 2.9449 25
      vertex 9.33118 3.8651 24.99
      vertex 9.6651 2.93188 24.99
    endloop
  endfacet
  facet normal -0.689769 -0.172777 0.703112
    outer loop
      vertex 9.67719 2.92429 25
      vertex 9.90593 1.97041 24.99
      vertex 9.91564 1.97234 25
    endloop
  endfacet
  facet normal -0.689923 -0.172813 0.702952
    outer loop
      vertex 9.90593 1.97041 24.99
      vertex 9.67719 2.92429 25
      vertex 9.6651 2.93188 24.99
    endloop
  endfacet
  facet normal -0.703382 -0.104312 0.703116
    outer loop
      vertex 9.90593 1.97041 24.99
      vertex 10.0596 1.00161 25
      vertex 9.91564 1.97234 25
    endloop
  endfacet
  facet normal -0.705804 -0.104722 0.700624
    outer loop
      vertex 10.0596 1.00161 25
      vertex 9.90593 1.97041 24.99
      vertex 10.0514 0.989973 24.99
    endloop
  endfacet
  facet normal -0.571115 0.423567 0.703149
    outer loop
      vertex 3.95354 -3.23693 0
      vertex 4.71536 -3.8698 1
      vertex 5.07196 -3.38898 1
    endloop
  endfacet
  facet normal -0.57113 0.423548 0.703149
    outer loop
      vertex 4.71536 -3.8698 1
      vertex 3.95354 -3.23693 0
      vertex 3.95001 -3.24169 0
    endloop
  endfacet
  facet normal -0.423565 0.571115 0.70315
    outer loop
      vertex 3.38898 -5.07196 1
      vertex 3.23693 -3.95354 0
      vertex 2.83891 -4.24873 0
    endloop
  endfacet
  facet normal -0.642773 0.304003 0.703154
    outer loop
      vertex 4.50906 -2.40343 0
      vertex 5.37972 -2.87552 1
      vertex 5.63566 -2.33437 1
    endloop
  endfacet
  facet normal -0.64302 0.303515 0.703138
    outer loop
      vertex 5.37972 -2.87552 1
      vertex 4.50906 -2.40343 0
      vertex 4.50653 -2.40879 0
    endloop
  endfacet
  facet normal -0.710185 -0.0347929 0.703154
    outer loop
      vertex 6.1 0 1
      vertex 5.10961 0.00591942 0
      vertex 5.1099 0 0
    endloop
  endfacet
  facet normal -0.710183 -0.0348853 0.703152
    outer loop
      vertex 5.10961 0.00591942 0
      vertex 6.1 0 1
      vertex 6.07063 0.597904 1
    endloop
  endfacet
  facet normal -0.709773 -0.0357831 0.703521
    outer loop
      vertex 5.10123 0 -0.00875835
      vertex 5.10121 0.000745097 -0.00874063
      vertex 5.1 0 -0.00999928
    endloop
  endfacet
  facet normal -0.709795 -0.0348838 0.703544
    outer loop
      vertex 5.09749 0.0510237 -0.00999928
      vertex 5.08914 0.422592 0
      vertex 5.08608 0.484855 0
    endloop
  endfacet
  facet normal -0.709813 -0.0348837 0.703526
    outer loop
      vertex 5.08914 0.422592 0
      vertex 5.09749 0.0510237 -0.00999928
      vertex 5.09888 0.0917855 -0.00657572
    endloop
  endfacet
  facet normal -0.709712 -0.0348957 0.703627
    outer loop
      vertex 5.09749 0.0510237 -0.00999928
      vertex 5.10121 0.000745097 -0.00874063
      vertex 5.09888 0.0917855 -0.00657572
    endloop
  endfacet
  facet normal -0.710051 -0.0349294 0.703283
    outer loop
      vertex 5.10121 0.000745097 -0.00874063
      vertex 5.09749 0.0510237 -0.00999928
      vertex 5.1 0 -0.00999928
    endloop
  endfacet
  facet normal -0.710168 -0.0350601 0.703159
    outer loop
      vertex 5.08608 0.484855 0
      vertex 6.07063 0.597904 1
      vertex 5.08529 0.500857 0
    endloop
  endfacet
  facet normal -0.71018 -0.0349028 0.703154
    outer loop
      vertex 5.08914 0.422592 0
      vertex 6.07063 0.597904 1
      vertex 5.08608 0.484855 0
    endloop
  endfacet
  facet normal -0.710182 -0.0348893 0.703153
    outer loop
      vertex 6.07063 0.597904 1
      vertex 5.08914 0.422592 0
      vertex 5.10961 0.00591942 0
    endloop
  endfacet
  facet normal -0.0348853 0.710183 0.703152
    outer loop
      vertex 0.00591942 -5.10961 0
      vertex 0 -6.1 1
      vertex 0.597904 -6.07063 1
    endloop
  endfacet
  facet normal -0.0347929 0.710185 0.703154
    outer loop
      vertex 0 -6.1 1
      vertex 0.00591942 -5.10961 0
      vertex 0 -5.1099 0
    endloop
  endfacet
  facet normal -0.703333 0.104384 0.703155
    outer loop
      vertex 5.98279 -1.19005 1
      vertex 5.01258 -0.991029 0
      vertex 5.01171 -0.996891 0
    endloop
  endfacet
  facet normal -0.703341 0.104335 0.703154
    outer loop
      vertex 5.01258 -0.991029 0
      vertex 5.98279 -1.19005 1
      vertex 6.07063 -0.597904 1
    endloop
  endfacet
  facet normal 0.423565 0.571115 0.70315
    outer loop
      vertex -2.83891 -4.24873 0
      vertex -3.23693 -3.95354 0
      vertex -3.38898 -5.07196 1
    endloop
  endfacet
  facet normal -0.304009 0.642772 0.703152
    outer loop
      vertex 2.33437 -5.63566 1
      vertex 2.40343 -4.50906 0
      vertex 1.95547 -4.72093 0
    endloop
  endfacet
  facet normal -0.0348965 0.71018 0.703155
    outer loop
      vertex 0.597904 -6.07063 1
      vertex 0.500857 -5.08529 0
      vertex 0.00591942 -5.10961 0
    endloop
  endfacet
  facet normal 0.423567 -0.571115 0.703149
    outer loop
      vertex -3.8698 4.71536 1
      vertex -3.23693 3.95354 0
      vertex -3.38898 5.07196 1
    endloop
  endfacet
  facet normal 0.423548 -0.57113 0.703149
    outer loop
      vertex -3.23693 3.95354 0
      vertex -3.8698 4.71536 1
      vertex -3.24169 3.95001 0
    endloop
  endfacet
  facet normal -0.239552 -0.669469 0.703154
    outer loop
      vertex 1.77074 5.83734 1
      vertex 1.48891 4.88787 0
      vertex 2.33437 5.63566 1
    endloop
  endfacet
  facet normal -0.239911 -0.669352 0.703144
    outer loop
      vertex 1.48891 4.88787 0
      vertex 1.77074 5.83734 1
      vertex 1.48333 4.88987 0
    endloop
  endfacet
  facet normal -0.669469 -0.239552 0.703154
    outer loop
      vertex 4.88787 1.48891 0
      vertex 5.83734 1.77074 1
      vertex 5.63566 2.33437 1
    endloop
  endfacet
  facet normal -0.669352 -0.239911 0.703144
    outer loop
      vertex 5.83734 1.77074 1
      vertex 4.88787 1.48891 0
      vertex 4.88987 1.48333 0
    endloop
  endfacet
  facet normal 0.642772 0.304009 0.703152
    outer loop
      vertex -4.50906 -2.40343 0
      vertex -4.72093 -1.95547 0
      vertex -5.63566 -2.33437 1
    endloop
  endfacet
  facet normal 0.477519 -0.526837 0.703149
    outer loop
      vertex -3.60885 3.61722 0
      vertex -3.24169 3.95001 0
      vertex -3.8698 4.71536 1
    endloop
  endfacet
  facet normal -0.68973 -0.172762 0.703154
    outer loop
      vertex 5.01027 1.00264 0
      vertex 5.98279 1.19005 1
      vertex 5.83734 1.77074 1
    endloop
  endfacet
  facet normal -0.68973 -0.172762 0.703154
    outer loop
      vertex 5.98279 1.19005 1
      vertex 5.01027 1.00264 0
      vertex 5.01171 0.996891 0
    endloop
  endfacet
  facet normal -0.642772 0.304009 0.703152
    outer loop
      vertex 5.63566 -2.33437 1
      vertex 4.72093 -1.95547 0
      vertex 4.50906 -2.40343 0
    endloop
  endfacet
  facet normal -0.104384 0.703333 0.703155
    outer loop
      vertex 0.991029 -5.01258 0
      vertex 1.19005 -5.98279 1
      vertex 0.996891 -5.01171 0
    endloop
  endfacet
  facet normal -0.104335 0.703341 0.703154
    outer loop
      vertex 1.19005 -5.98279 1
      vertex 0.991029 -5.01258 0
      vertex 0.597904 -6.07063 1
    endloop
  endfacet
  facet normal -0.703341 0.104331 0.703155
    outer loop
      vertex 6.07063 -0.597904 1
      vertex 5.08529 -0.500857 0
      vertex 5.01258 -0.991029 0
    endloop
  endfacet
  facet normal 0.703341 0.104335 0.703154
    outer loop
      vertex -5.98279 -1.19005 1
      vertex -5.01258 -0.991029 0
      vertex -6.07063 -0.597904 1
    endloop
  endfacet
  facet normal 0.703333 0.104384 0.703155
    outer loop
      vertex -5.01258 -0.991029 0
      vertex -5.98279 -1.19005 1
      vertex -5.01171 -0.996891 0
    endloop
  endfacet
  facet normal -0.239545 -0.669474 0.703152
    outer loop
      vertex 1.95547 4.72093 0
      vertex 2.33437 5.63566 1
      vertex 1.48891 4.88787 0
    endloop
  endfacet
  facet normal 0.71018 -0.0348965 0.703155
    outer loop
      vertex -5.10961 0.00591942 0
      vertex -5.08529 0.500857 0
      vertex -6.07063 0.597904 1
    endloop
  endfacet
  facet normal 0.57113 0.423548 0.703149
    outer loop
      vertex -3.95354 -3.23693 0
      vertex -4.71536 -3.8698 1
      vertex -3.95001 -3.24169 0
    endloop
  endfacet
  facet normal 0.571115 0.423567 0.703149
    outer loop
      vertex -4.71536 -3.8698 1
      vertex -3.95354 -3.23693 0
      vertex -5.07196 -3.38898 1
    endloop
  endfacet
  facet normal 0.239545 -0.669474 0.703152
    outer loop
      vertex -1.95547 4.72093 0
      vertex -1.48891 4.88787 0
      vertex -2.33437 5.63566 1
    endloop
  endfacet
  facet normal 0.703341 0.104331 0.703155
    outer loop
      vertex -5.01258 -0.991029 0
      vertex -5.08529 -0.500857 0
      vertex -6.07063 -0.597904 1
    endloop
  endfacet
  facet normal 0.172759 0.689732 0.703153
    outer loop
      vertex -1.00264 -5.01027 0
      vertex -1.48333 -4.88987 0
      vertex -1.77074 -5.83734 1
    endloop
  endfacet
  facet normal -0.526845 0.477504 0.703154
    outer loop
      vertex 3.61722 -3.60885 0
      vertex 4.31335 -4.31335 1
      vertex 4.71536 -3.8698 1
    endloop
  endfacet
  facet normal -0.526774 0.477577 0.703156
    outer loop
      vertex 4.31335 -4.31335 1
      vertex 3.61722 -3.60885 0
      vertex 3.61324 -3.61324 0
    endloop
  endfacet
  facet normal -0.71018 0.0348965 0.703155
    outer loop
      vertex 6.07063 -0.597904 1
      vertex 5.10961 -0.00591942 0
      vertex 5.08529 -0.500857 0
    endloop
  endfacet
  facet normal -0.709287 0.0348322 0.704058
    outer loop
      vertex 5.10118 -0.000724957 -0.00877465
      vertex 5.1 0 -0.00999928
      vertex 5.09729 -0.0551837 -0.00999928
    endloop
  endfacet
  facet normal 0.0348853 -0.710183 0.703152
    outer loop
      vertex -0.00591942 5.10961 0
      vertex 0 6.1 1
      vertex -0.597904 6.07063 1
    endloop
  endfacet
  facet normal 0.0347929 -0.710185 0.703154
    outer loop
      vertex 0 6.1 1
      vertex -0.00591942 5.10961 0
      vertex 0 5.1099 0
    endloop
  endfacet
  facet normal -0.710185 0.0347929 0.703154
    outer loop
      vertex 5.10961 -0.00591942 0
      vertex 6.1 0 1
      vertex 5.1099 0 0
    endloop
  endfacet
  facet normal -0.710183 0.0348853 0.703152
    outer loop
      vertex 6.1 0 1
      vertex 5.10961 -0.00591942 0
      vertex 6.07063 -0.597904 1
    endloop
  endfacet
  facet normal -0.709838 0.0331377 0.703585
    outer loop
      vertex 5.10118 -0.000724957 -0.00877465
      vertex 5.10123 0 -0.00875835
      vertex 5.1 0 -0.00999928
    endloop
  endfacet
  facet normal 0.365539 0.609887 0.703149
    outer loop
      vertex -2.41387 -4.50348 0
      vertex -2.83891 -4.24873 0
      vertex -3.38898 -5.07196 1
    endloop
  endfacet
  facet normal -0.68973 0.172762 0.703154
    outer loop
      vertex 5.01027 -1.00264 0
      vertex 5.98279 -1.19005 1
      vertex 5.01171 -0.996891 0
    endloop
  endfacet
  facet normal -0.68973 0.172762 0.703154
    outer loop
      vertex 5.98279 -1.19005 1
      vertex 5.01027 -1.00264 0
      vertex 5.83734 -1.77074 1
    endloop
  endfacet
  facet normal -0.526837 0.477519 0.703149
    outer loop
      vertex 4.71536 -3.8698 1
      vertex 3.95001 -3.24169 0
      vertex 3.61722 -3.60885 0
    endloop
  endfacet
  facet normal 0.303515 0.64302 0.703138
    outer loop
      vertex -2.87552 -5.37972 1
      vertex -2.40343 -4.50906 0
      vertex -2.40879 -4.50653 0
    endloop
  endfacet
  facet normal 0.304003 0.642773 0.703154
    outer loop
      vertex -2.40343 -4.50906 0
      vertex -2.87552 -5.37972 1
      vertex -2.33437 -5.63566 1
    endloop
  endfacet
  facet normal -0.172762 0.68973 0.703154
    outer loop
      vertex 1.00264 -5.01027 0
      vertex 1.19005 -5.98279 1
      vertex 1.77074 -5.83734 1
    endloop
  endfacet
  facet normal -0.172762 0.68973 0.703154
    outer loop
      vertex 1.19005 -5.98279 1
      vertex 1.00264 -5.01027 0
      vertex 0.996891 -5.01171 0
    endloop
  endfacet
  facet normal 0.104335 0.703341 0.703154
    outer loop
      vertex -0.991029 -5.01258 0
      vertex -1.19005 -5.98279 1
      vertex -0.597904 -6.07063 1
    endloop
  endfacet
  facet normal 0.104384 0.703333 0.703155
    outer loop
      vertex -1.19005 -5.98279 1
      vertex -0.991029 -5.01258 0
      vertex -0.996891 -5.01171 0
    endloop
  endfacet
  facet normal -0.365539 -0.609887 0.703149
    outer loop
      vertex 2.83891 4.24873 0
      vertex 3.38898 5.07196 1
      vertex 2.41387 4.50348 0
    endloop
  endfacet
  facet normal 0.304003 -0.642773 0.703154
    outer loop
      vertex -2.87552 5.37972 1
      vertex -2.40343 4.50906 0
      vertex -2.33437 5.63566 1
    endloop
  endfacet
  facet normal 0.303515 -0.64302 0.703138
    outer loop
      vertex -2.40343 4.50906 0
      vertex -2.87552 5.37972 1
      vertex -2.40879 4.50653 0
    endloop
  endfacet
  facet normal 0.477504 -0.526845 0.703154
    outer loop
      vertex -4.31335 4.31335 1
      vertex -3.60885 3.61722 0
      vertex -3.8698 4.71536 1
    endloop
  endfacet
  facet normal 0.477577 -0.526774 0.703156
    outer loop
      vertex -3.60885 3.61722 0
      vertex -4.31335 4.31335 1
      vertex -3.61324 3.61324 0
    endloop
  endfacet
  facet normal -0.172759 0.689732 0.703153
    outer loop
      vertex 1.77074 -5.83734 1
      vertex 1.48333 -4.88987 0
      vertex 1.00264 -5.01027 0
    endloop
  endfacet
  facet normal 0.423548 0.57113 0.703149
    outer loop
      vertex -3.8698 -4.71536 1
      vertex -3.23693 -3.95354 0
      vertex -3.24169 -3.95001 0
    endloop
  endfacet
  facet normal 0.423567 0.571115 0.703149
    outer loop
      vertex -3.23693 -3.95354 0
      vertex -3.8698 -4.71536 1
      vertex -3.38898 -5.07196 1
    endloop
  endfacet
  facet normal 0.669352 0.239911 0.703144
    outer loop
      vertex -5.83734 -1.77074 1
      vertex -4.88787 -1.48891 0
      vertex -4.88987 -1.48333 0
    endloop
  endfacet
  facet normal 0.669469 0.239552 0.703154
    outer loop
      vertex -4.88787 -1.48891 0
      vertex -5.83734 -1.77074 1
      vertex -5.63566 -2.33437 1
    endloop
  endfacet
  facet normal -0.609887 0.365539 0.703149
    outer loop
      vertex 5.07196 -3.38898 1
      vertex 4.50348 -2.41387 0
      vertex 4.24873 -2.83891 0
    endloop
  endfacet
  facet normal -0.571115 -0.423565 0.70315
    outer loop
      vertex 4.24873 2.83891 0
      vertex 5.07196 3.38898 1
      vertex 3.95354 3.23693 0
    endloop
  endfacet
  facet normal 0.609617 0.36601 0.703139
    outer loop
      vertex -5.37972 -2.87552 1
      vertex -4.50348 -2.41387 0
      vertex -4.50653 -2.40879 0
    endloop
  endfacet
  facet normal 0.609876 0.36555 0.703154
    outer loop
      vertex -4.50348 -2.41387 0
      vertex -5.37972 -2.87552 1
      vertex -5.07196 -3.38898 1
    endloop
  endfacet
  facet normal 0.609887 0.365539 0.703149
    outer loop
      vertex -4.24873 -2.83891 0
      vertex -4.50348 -2.41387 0
      vertex -5.07196 -3.38898 1
    endloop
  endfacet
  facet normal 0.526774 -0.477577 0.703156
    outer loop
      vertex -4.31335 4.31335 1
      vertex -3.61722 3.60885 0
      vertex -3.61324 3.61324 0
    endloop
  endfacet
  facet normal 0.526845 -0.477504 0.703154
    outer loop
      vertex -3.61722 3.60885 0
      vertex -4.31335 4.31335 1
      vertex -4.71536 3.8698 1
    endloop
  endfacet
  facet normal 0.104331 0.703341 0.703155
    outer loop
      vertex -0.597904 -6.07063 1
      vertex -0.500857 -5.08529 0
      vertex -0.991029 -5.01258 0
    endloop
  endfacet
  facet normal -0.571115 0.423565 0.70315
    outer loop
      vertex 5.07196 -3.38898 1
      vertex 4.24873 -2.83891 0
      vertex 3.95354 -3.23693 0
    endloop
  endfacet
  facet normal 0.703333 -0.104384 0.703155
    outer loop
      vertex -5.98279 1.19005 1
      vertex -5.01258 0.991029 0
      vertex -5.01171 0.996891 0
    endloop
  endfacet
  facet normal 0.703341 -0.104335 0.703154
    outer loop
      vertex -5.01258 0.991029 0
      vertex -5.98279 1.19005 1
      vertex -6.07063 0.597904 1
    endloop
  endfacet
  facet normal -0.423565 -0.571115 0.70315
    outer loop
      vertex 3.23693 3.95354 0
      vertex 3.38898 5.07196 1
      vertex 2.83891 4.24873 0
    endloop
  endfacet
  facet normal -0.104335 -0.703341 0.703154
    outer loop
      vertex 0.991029 5.01258 0
      vertex 1.19005 5.98279 1
      vertex 0.597904 6.07063 1
    endloop
  endfacet
  facet normal -0.104384 -0.703333 0.703155
    outer loop
      vertex 1.19005 5.98279 1
      vertex 0.991029 5.01258 0
      vertex 0.996891 5.01171 0
    endloop
  endfacet
  facet normal 0.0348965 0.71018 0.703155
    outer loop
      vertex -0.00591942 -5.10961 0
      vertex -0.500857 -5.08529 0
      vertex -0.597904 -6.07063 1
    endloop
  endfacet
  facet normal 0.68973 0.172762 0.703154
    outer loop
      vertex -5.98279 -1.19005 1
      vertex -5.01027 -1.00264 0
      vertex -5.01171 -0.996891 0
    endloop
  endfacet
  facet normal 0.68973 0.172762 0.703154
    outer loop
      vertex -5.01027 -1.00264 0
      vertex -5.98279 -1.19005 1
      vertex -5.83734 -1.77074 1
    endloop
  endfacet
  facet normal 0.36601 -0.609617 0.703139
    outer loop
      vertex -2.87552 5.37972 1
      vertex -2.41387 4.50348 0
      vertex -2.40879 4.50653 0
    endloop
  endfacet
  facet normal 0.36555 -0.609876 0.703154
    outer loop
      vertex -2.41387 4.50348 0
      vertex -2.87552 5.37972 1
      vertex -3.38898 5.07196 1
    endloop
  endfacet
  facet normal 0.71018 0.0348965 0.703155
    outer loop
      vertex -5.08529 -0.500857 0
      vertex -5.10961 -0.00591942 0
      vertex -6.07063 -0.597904 1
    endloop
  endfacet
  facet normal 0.669469 -0.239552 0.703154
    outer loop
      vertex -5.83734 1.77074 1
      vertex -4.88787 1.48891 0
      vertex -5.63566 2.33437 1
    endloop
  endfacet
  facet normal 0.669352 -0.239911 0.703144
    outer loop
      vertex -4.88787 1.48891 0
      vertex -5.83734 1.77074 1
      vertex -4.88987 1.48333 0
    endloop
  endfacet
  facet normal 0.239911 0.669352 0.703144
    outer loop
      vertex -1.48891 -4.88787 0
      vertex -1.77074 -5.83734 1
      vertex -1.48333 -4.88987 0
    endloop
  endfacet
  facet normal 0.239552 0.669469 0.703154
    outer loop
      vertex -1.77074 -5.83734 1
      vertex -1.48891 -4.88787 0
      vertex -2.33437 -5.63566 1
    endloop
  endfacet
  facet normal 0.172762 -0.68973 0.703154
    outer loop
      vertex -1.19005 5.98279 1
      vertex -1.00264 5.01027 0
      vertex -0.996891 5.01171 0
    endloop
  endfacet
  facet normal 0.172762 -0.68973 0.703154
    outer loop
      vertex -1.00264 5.01027 0
      vertex -1.19005 5.98279 1
      vertex -1.77074 5.83734 1
    endloop
  endfacet
  facet normal 0.526774 0.477577 0.703156
    outer loop
      vertex -3.61722 -3.60885 0
      vertex -4.31335 -4.31335 1
      vertex -3.61324 -3.61324 0
    endloop
  endfacet
  facet normal 0.526845 0.477504 0.703154
    outer loop
      vertex -4.31335 -4.31335 1
      vertex -3.61722 -3.60885 0
      vertex -4.71536 -3.8698 1
    endloop
  endfacet
  facet normal 0.0347929 0.710185 0.703154
    outer loop
      vertex -0.00591942 -5.10961 0
      vertex 0 -6.1 1
      vertex 0 -5.1099 0
    endloop
  endfacet
  facet normal 0.0348853 0.710183 0.703152
    outer loop
      vertex 0 -6.1 1
      vertex -0.00591942 -5.10961 0
      vertex -0.597904 -6.07063 1
    endloop
  endfacet
  facet normal 0.239911 -0.669352 0.703144
    outer loop
      vertex -1.77074 5.83734 1
      vertex -1.48891 4.88787 0
      vertex -1.48333 4.88987 0
    endloop
  endfacet
  facet normal 0.239552 -0.669469 0.703154
    outer loop
      vertex -1.48891 4.88787 0
      vertex -1.77074 5.83734 1
      vertex -2.33437 5.63566 1
    endloop
  endfacet
  facet normal 0.64302 0.303515 0.703138
    outer loop
      vertex -4.50906 -2.40343 0
      vertex -5.37972 -2.87552 1
      vertex -4.50653 -2.40879 0
    endloop
  endfacet
  facet normal 0.642773 0.304003 0.703154
    outer loop
      vertex -5.37972 -2.87552 1
      vertex -4.50906 -2.40343 0
      vertex -5.63566 -2.33437 1
    endloop
  endfacet
  facet normal 0.526837 -0.477519 0.703149
    outer loop
      vertex -3.95001 3.24169 0
      vertex -3.61722 3.60885 0
      vertex -4.71536 3.8698 1
    endloop
  endfacet
  facet normal -0.477519 0.526837 0.703149
    outer loop
      vertex 3.8698 -4.71536 1
      vertex 3.60885 -3.61722 0
      vertex 3.24169 -3.95001 0
    endloop
  endfacet
  facet normal -0.669352 0.239911 0.703144
    outer loop
      vertex 4.88787 -1.48891 0
      vertex 5.83734 -1.77074 1
      vertex 4.88987 -1.48333 0
    endloop
  endfacet
  facet normal -0.669469 0.239552 0.703154
    outer loop
      vertex 5.83734 -1.77074 1
      vertex 4.88787 -1.48891 0
      vertex 5.63566 -2.33437 1
    endloop
  endfacet
  facet normal 0.68973 -0.172762 0.703154
    outer loop
      vertex -5.98279 1.19005 1
      vertex -5.01027 1.00264 0
      vertex -5.83734 1.77074 1
    endloop
  endfacet
  facet normal 0.68973 -0.172762 0.703154
    outer loop
      vertex -5.01027 1.00264 0
      vertex -5.98279 1.19005 1
      vertex -5.01171 0.996891 0
    endloop
  endfacet
  facet normal 0.0348965 -0.71018 0.703155
    outer loop
      vertex -0.500857 5.08529 0
      vertex -0.00591942 5.10961 0
      vertex -0.597904 6.07063 1
    endloop
  endfacet
  facet normal -0.303515 0.64302 0.703138
    outer loop
      vertex 2.40343 -4.50906 0
      vertex 2.87552 -5.37972 1
      vertex 2.40879 -4.50653 0
    endloop
  endfacet
  facet normal -0.304003 0.642773 0.703154
    outer loop
      vertex 2.87552 -5.37972 1
      vertex 2.40343 -4.50906 0
      vertex 2.33437 -5.63566 1
    endloop
  endfacet
  facet normal -0.36555 0.609876 0.703154
    outer loop
      vertex 2.41387 -4.50348 0
      vertex 2.87552 -5.37972 1
      vertex 3.38898 -5.07196 1
    endloop
  endfacet
  facet normal -0.36601 0.609617 0.703139
    outer loop
      vertex 2.87552 -5.37972 1
      vertex 2.41387 -4.50348 0
      vertex 2.40879 -4.50653 0
    endloop
  endfacet
  facet normal -0.477577 0.526774 0.703156
    outer loop
      vertex 3.60885 -3.61722 0
      vertex 4.31335 -4.31335 1
      vertex 3.61324 -3.61324 0
    endloop
  endfacet
  facet normal -0.477504 0.526845 0.703154
    outer loop
      vertex 4.31335 -4.31335 1
      vertex 3.60885 -3.61722 0
      vertex 3.8698 -4.71536 1
    endloop
  endfacet
  facet normal -0.423548 0.57113 0.703149
    outer loop
      vertex 3.23693 -3.95354 0
      vertex 3.8698 -4.71536 1
      vertex 3.24169 -3.95001 0
    endloop
  endfacet
  facet normal -0.423567 0.571115 0.703149
    outer loop
      vertex 3.8698 -4.71536 1
      vertex 3.23693 -3.95354 0
      vertex 3.38898 -5.07196 1
    endloop
  endfacet
  facet normal 0.477577 0.526774 0.703156
    outer loop
      vertex -4.31335 -4.31335 1
      vertex -3.60885 -3.61722 0
      vertex -3.61324 -3.61324 0
    endloop
  endfacet
  facet normal 0.477504 0.526845 0.703154
    outer loop
      vertex -3.60885 -3.61722 0
      vertex -4.31335 -4.31335 1
      vertex -3.8698 -4.71536 1
    endloop
  endfacet
  facet normal 0.104331 -0.703341 0.703155
    outer loop
      vertex -0.500857 5.08529 0
      vertex -0.597904 6.07063 1
      vertex -0.991029 5.01258 0
    endloop
  endfacet
  facet normal -0.365539 0.609887 0.703149
    outer loop
      vertex 3.38898 -5.07196 1
      vertex 2.83891 -4.24873 0
      vertex 2.41387 -4.50348 0
    endloop
  endfacet
  facet normal 0.477519 0.526837 0.703149
    outer loop
      vertex -3.24169 -3.95001 0
      vertex -3.60885 -3.61722 0
      vertex -3.8698 -4.71536 1
    endloop
  endfacet
  facet normal -0.689732 0.172759 0.703153
    outer loop
      vertex 5.83734 -1.77074 1
      vertex 5.01027 -1.00264 0
      vertex 4.88987 -1.48333 0
    endloop
  endfacet
  facet normal -0.669474 0.239545 0.703152
    outer loop
      vertex 5.63566 -2.33437 1
      vertex 4.88787 -1.48891 0
      vertex 4.72093 -1.95547 0
    endloop
  endfacet
  facet normal 0.526837 0.477519 0.703149
    outer loop
      vertex -3.61722 -3.60885 0
      vertex -3.95001 -3.24169 0
      vertex -4.71536 -3.8698 1
    endloop
  endfacet
  facet normal 0.571115 -0.423565 0.70315
    outer loop
      vertex -4.24873 2.83891 0
      vertex -3.95354 3.23693 0
      vertex -5.07196 3.38898 1
    endloop
  endfacet
  facet normal -0.609617 0.36601 0.703139
    outer loop
      vertex 4.50348 -2.41387 0
      vertex 5.37972 -2.87552 1
      vertex 4.50653 -2.40879 0
    endloop
  endfacet
  facet normal -0.609876 0.36555 0.703154
    outer loop
      vertex 5.37972 -2.87552 1
      vertex 4.50348 -2.41387 0
      vertex 5.07196 -3.38898 1
    endloop
  endfacet
  facet normal 0.239545 0.669474 0.703152
    outer loop
      vertex -1.48891 -4.88787 0
      vertex -1.95547 -4.72093 0
      vertex -2.33437 -5.63566 1
    endloop
  endfacet
  facet normal 0.172762 0.68973 0.703154
    outer loop
      vertex -1.00264 -5.01027 0
      vertex -1.19005 -5.98279 1
      vertex -0.996891 -5.01171 0
    endloop
  endfacet
  facet normal 0.172762 0.68973 0.703154
    outer loop
      vertex -1.19005 -5.98279 1
      vertex -1.00264 -5.01027 0
      vertex -1.77074 -5.83734 1
    endloop
  endfacet
  facet normal -0.104331 0.703341 0.703155
    outer loop
      vertex 0.597904 -6.07063 1
      vertex 0.991029 -5.01258 0
      vertex 0.500857 -5.08529 0
    endloop
  endfacet
  facet normal 0.669474 0.239545 0.703152
    outer loop
      vertex -4.72093 -1.95547 0
      vertex -4.88787 -1.48891 0
      vertex -5.63566 -2.33437 1
    endloop
  endfacet
  facet normal -0.239552 0.669469 0.703154
    outer loop
      vertex 1.48891 -4.88787 0
      vertex 1.77074 -5.83734 1
      vertex 2.33437 -5.63566 1
    endloop
  endfacet
  facet normal -0.239911 0.669352 0.703144
    outer loop
      vertex 1.77074 -5.83734 1
      vertex 1.48891 -4.88787 0
      vertex 1.48333 -4.88987 0
    endloop
  endfacet
  facet normal 0.172759 -0.689732 0.703153
    outer loop
      vertex -1.48333 4.88987 0
      vertex -1.00264 5.01027 0
      vertex -1.77074 5.83734 1
    endloop
  endfacet
  facet normal 0.689732 -0.172759 0.703153
    outer loop
      vertex -5.01027 1.00264 0
      vertex -4.88987 1.48333 0
      vertex -5.83734 1.77074 1
    endloop
  endfacet
  facet normal -0.239545 0.669474 0.703152
    outer loop
      vertex 2.33437 -5.63566 1
      vertex 1.95547 -4.72093 0
      vertex 1.48891 -4.88787 0
    endloop
  endfacet
  facet normal -0.609887 -0.365539 0.703149
    outer loop
      vertex 4.50348 2.41387 0
      vertex 5.07196 3.38898 1
      vertex 4.24873 2.83891 0
    endloop
  endfacet
  facet normal -0.172759 -0.689732 0.703153
    outer loop
      vertex 1.48333 4.88987 0
      vertex 1.77074 5.83734 1
      vertex 1.00264 5.01027 0
    endloop
  endfacet
  facet normal 0.57113 -0.423548 0.703149
    outer loop
      vertex -4.71536 3.8698 1
      vertex -3.95354 3.23693 0
      vertex -3.95001 3.24169 0
    endloop
  endfacet
  facet normal 0.571115 -0.423567 0.703149
    outer loop
      vertex -3.95354 3.23693 0
      vertex -4.71536 3.8698 1
      vertex -5.07196 3.38898 1
    endloop
  endfacet
  facet normal -0.423567 -0.571115 0.703149
    outer loop
      vertex 3.23693 3.95354 0
      vertex 3.8698 4.71536 1
      vertex 3.38898 5.07196 1
    endloop
  endfacet
  facet normal -0.423548 -0.57113 0.703149
    outer loop
      vertex 3.8698 4.71536 1
      vertex 3.23693 3.95354 0
      vertex 3.24169 3.95001 0
    endloop
  endfacet
  facet normal -0.172762 -0.68973 0.703154
    outer loop
      vertex 1.19005 5.98279 1
      vertex 1.00264 5.01027 0
      vertex 1.77074 5.83734 1
    endloop
  endfacet
  facet normal -0.172762 -0.68973 0.703154
    outer loop
      vertex 1.00264 5.01027 0
      vertex 1.19005 5.98279 1
      vertex 0.996891 5.01171 0
    endloop
  endfacet
  facet normal 0.104384 -0.703333 0.703155
    outer loop
      vertex -0.991029 5.01258 0
      vertex -1.19005 5.98279 1
      vertex -0.996891 5.01171 0
    endloop
  endfacet
  facet normal 0.104335 -0.703341 0.703154
    outer loop
      vertex -1.19005 5.98279 1
      vertex -0.991029 5.01258 0
      vertex -0.597904 6.07063 1
    endloop
  endfacet
  facet normal -0.642773 -0.304003 0.703154
    outer loop
      vertex 5.37972 2.87552 1
      vertex 4.50906 2.40343 0
      vertex 5.63566 2.33437 1
    endloop
  endfacet
  facet normal -0.64302 -0.303515 0.703138
    outer loop
      vertex 4.50906 2.40343 0
      vertex 5.37972 2.87552 1
      vertex 4.50653 2.40879 0
    endloop
  endfacet
  facet normal 0.423565 -0.571115 0.70315
    outer loop
      vertex -3.23693 3.95354 0
      vertex -2.83891 4.24873 0
      vertex -3.38898 5.07196 1
    endloop
  endfacet
  facet normal 0.710183 -0.0348853 0.703152
    outer loop
      vertex -6.1 0 1
      vertex -5.10961 0.00591942 0
      vertex -6.07063 0.597904 1
    endloop
  endfacet
  facet normal 0.710185 -0.0347929 0.703154
    outer loop
      vertex -5.10961 0.00591942 0
      vertex -6.1 0 1
      vertex -5.1099 0 0
    endloop
  endfacet
  facet normal 0.36601 0.609617 0.703139
    outer loop
      vertex -2.41387 -4.50348 0
      vertex -2.87552 -5.37972 1
      vertex -2.40879 -4.50653 0
    endloop
  endfacet
  facet normal 0.36555 0.609876 0.703154
    outer loop
      vertex -2.87552 -5.37972 1
      vertex -2.41387 -4.50348 0
      vertex -3.38898 -5.07196 1
    endloop
  endfacet
  facet normal 0.365539 -0.609887 0.703149
    outer loop
      vertex -2.83891 4.24873 0
      vertex -2.41387 4.50348 0
      vertex -3.38898 5.07196 1
    endloop
  endfacet
  facet normal -0.477519 -0.526837 0.703149
    outer loop
      vertex 3.60885 3.61722 0
      vertex 3.8698 4.71536 1
      vertex 3.24169 3.95001 0
    endloop
  endfacet
  facet normal -0.104331 -0.703341 0.703155
    outer loop
      vertex 0.991029 5.01258 0
      vertex 0.597904 6.07063 1
      vertex 0.500857 5.08529 0
    endloop
  endfacet
  facet normal 0.703341 -0.104331 0.703155
    outer loop
      vertex -5.08529 0.500857 0
      vertex -5.01258 0.991029 0
      vertex -6.07063 0.597904 1
    endloop
  endfacet
  facet normal 0.304009 0.642772 0.703152
    outer loop
      vertex -2.33437 -5.63566 1
      vertex -1.95547 -4.72093 0
      vertex -2.40343 -4.50906 0
    endloop
  endfacet
  facet normal 0.689732 0.172759 0.703153
    outer loop
      vertex -4.88987 -1.48333 0
      vertex -5.01027 -1.00264 0
      vertex -5.83734 -1.77074 1
    endloop
  endfacet
  facet normal 0.609876 -0.36555 0.703154
    outer loop
      vertex -5.37972 2.87552 1
      vertex -4.50348 2.41387 0
      vertex -5.07196 3.38898 1
    endloop
  endfacet
  facet normal 0.609617 -0.36601 0.703139
    outer loop
      vertex -4.50348 2.41387 0
      vertex -5.37972 2.87552 1
      vertex -4.50653 2.40879 0
    endloop
  endfacet
  facet normal 0.304009 -0.642772 0.703152
    outer loop
      vertex -1.95547 4.72093 0
      vertex -2.33437 5.63566 1
      vertex -2.40343 4.50906 0
    endloop
  endfacet
  facet normal 0.669474 -0.239545 0.703152
    outer loop
      vertex -4.88787 1.48891 0
      vertex -4.72093 1.95547 0
      vertex -5.63566 2.33437 1
    endloop
  endfacet
  facet normal 0.710185 0.0347929 0.703154
    outer loop
      vertex -6.1 0 1
      vertex -5.10961 -0.00591942 0
      vertex -5.1099 0 0
    endloop
  endfacet
  facet normal 0.710183 0.0348853 0.703152
    outer loop
      vertex -5.10961 -0.00591942 0
      vertex -6.1 0 1
      vertex -6.07063 -0.597904 1
    endloop
  endfacet
  facet normal 0.64302 -0.303515 0.703138
    outer loop
      vertex -5.37972 2.87552 1
      vertex -4.50906 2.40343 0
      vertex -4.50653 2.40879 0
    endloop
  endfacet
  facet normal 0.642773 -0.304003 0.703154
    outer loop
      vertex -4.50906 2.40343 0
      vertex -5.37972 2.87552 1
      vertex -5.63566 2.33437 1
    endloop
  endfacet
  facet normal 0.609887 -0.365539 0.703149
    outer loop
      vertex -4.50348 2.41387 0
      vertex -4.24873 2.83891 0
      vertex -5.07196 3.38898 1
    endloop
  endfacet
  facet normal -0.477504 -0.526845 0.703154
    outer loop
      vertex 3.60885 3.61722 0
      vertex 4.31335 4.31335 1
      vertex 3.8698 4.71536 1
    endloop
  endfacet
  facet normal -0.477577 -0.526774 0.703156
    outer loop
      vertex 4.31335 4.31335 1
      vertex 3.60885 3.61722 0
      vertex 3.61324 3.61324 0
    endloop
  endfacet
  facet normal -0.304009 -0.642772 0.703152
    outer loop
      vertex 2.40343 4.50906 0
      vertex 2.33437 5.63566 1
      vertex 1.95547 4.72093 0
    endloop
  endfacet
  facet normal -0.609876 -0.36555 0.703154
    outer loop
      vertex 4.50348 2.41387 0
      vertex 5.37972 2.87552 1
      vertex 5.07196 3.38898 1
    endloop
  endfacet
  facet normal -0.609617 -0.36601 0.703139
    outer loop
      vertex 5.37972 2.87552 1
      vertex 4.50348 2.41387 0
      vertex 4.50653 2.40879 0
    endloop
  endfacet
  facet normal -0.526845 -0.477504 0.703154
    outer loop
      vertex 4.31335 4.31335 1
      vertex 3.61722 3.60885 0
      vertex 4.71536 3.8698 1
    endloop
  endfacet
  facet normal -0.526774 -0.477577 0.703156
    outer loop
      vertex 3.61722 3.60885 0
      vertex 4.31335 4.31335 1
      vertex 3.61324 3.61324 0
    endloop
  endfacet
  facet normal 0 0 -1
    outer loop
      vertex 4.69689 0 1
      vertex 6.1 0 1
      vertex 6.07063 -0.597904 1
    endloop
  endfacet
  facet normal 0 0 -1
    outer loop
      vertex 4.67427 -0.460376 1
      vertex 6.07063 -0.597904 1
      vertex 5.98279 -1.19005 1
    endloop
  endfacet
  facet normal 0 0 -1
    outer loop
      vertex 6.1 0 1
      vertex 4.69689 0 1
      vertex 6.07063 0.597904 1
    endloop
  endfacet
  facet normal 0 0 -1
    outer loop
      vertex 4.60664 -0.916318 1
      vertex 5.98279 -1.19005 1
      vertex 5.83734 -1.77074 1
    endloop
  endfacet
  facet normal 0 0 -1
    outer loop
      vertex 4.67427 0.460376 1
      vertex 6.07063 0.597904 1
      vertex 4.69689 0 1
    endloop
  endfacet
  facet normal 0 0 -1
    outer loop
      vertex 4.49464 -1.36343 1
      vertex 5.83734 -1.77074 1
      vertex 5.63566 -2.33437 1
    endloop
  endfacet
  facet normal -0 0 -1
    outer loop
      vertex 6.07063 0.597904 1
      vertex 4.67427 0.460376 1
      vertex 5.98279 1.19005 1
    endloop
  endfacet
  facet normal 0 0 -1
    outer loop
      vertex 4.33936 -1.79742 1
      vertex 5.63566 -2.33437 1
      vertex 5.37972 -2.87552 1
    endloop
  endfacet
  facet normal 0 0 -1
    outer loop
      vertex 4.60664 0.916318 1
      vertex 5.98279 1.19005 1
      vertex 4.67427 0.460376 1
    endloop
  endfacet
  facet normal 0 0 -1
    outer loop
      vertex 4.14229 -2.2141 1
      vertex 5.37972 -2.87552 1
      vertex 5.07196 -3.38898 1
    endloop
  endfacet
  facet normal -0 0 -1
    outer loop
      vertex 5.98279 1.19005 1
      vertex 4.60664 0.916318 1
      vertex 5.83734 1.77074 1
    endloop
  endfacet
  facet normal 0 0 -1
    outer loop
      vertex 3.90532 -2.60945 1
      vertex 5.07196 -3.38898 1
      vertex 4.71536 -3.8698 1
    endloop
  endfacet
  facet normal 0 0 -1
    outer loop
      vertex 4.49464 1.36343 1
      vertex 5.83734 1.77074 1
      vertex 4.60664 0.916318 1
    endloop
  endfacet
  facet normal -0 0 -1
    outer loop
      vertex 5.83734 1.77074 1
      vertex 4.49464 1.36343 1
      vertex 5.63566 2.33437 1
    endloop
  endfacet
  facet normal 0 0 -1
    outer loop
      vertex 6.07063 -0.597904 1
      vertex 4.67427 -0.460376 1
      vertex 4.69689 0 1
    endloop
  endfacet
  facet normal 0 0 -1
    outer loop
      vertex 5.98279 -1.19005 1
      vertex 4.60664 -0.916318 1
      vertex 4.67427 -0.460376 1
    endloop
  endfacet
  facet normal 0 0 -1
    outer loop
      vertex 5.83734 -1.77074 1
      vertex 4.49464 -1.36343 1
      vertex 4.60664 -0.916318 1
    endloop
  endfacet
  facet normal 0 0 -1
    outer loop
      vertex 5.63566 -2.33437 1
      vertex 4.33936 -1.79742 1
      vertex 4.49464 -1.36343 1
    endloop
  endfacet
  facet normal 0 0 -1
    outer loop
      vertex 3.63075 -2.97968 1
      vertex 4.71536 -3.8698 1
      vertex 4.31335 -4.31335 1
    endloop
  endfacet
  facet normal 0 0 -1
    outer loop
      vertex 5.37972 -2.87552 1
      vertex 4.14229 -2.2141 1
      vertex 4.33936 -1.79742 1
    endloop
  endfacet
  facet normal 0 0 -1
    outer loop
      vertex 5.07196 -3.38898 1
      vertex 3.90532 -2.60945 1
      vertex 4.14229 -2.2141 1
    endloop
  endfacet
  facet normal 0 0 -1
    outer loop
      vertex 3.3212 -3.3212 1
      vertex 4.31335 -4.31335 1
      vertex 3.8698 -4.71536 1
    endloop
  endfacet
  facet normal 0 0 -1
    outer loop
      vertex 4.71536 -3.8698 1
      vertex 3.63075 -2.97968 1
      vertex 3.90532 -2.60945 1
    endloop
  endfacet
  facet normal 0 0 -1
    outer loop
      vertex 2.97968 -3.63075 1
      vertex 3.8698 -4.71536 1
      vertex 3.38898 -5.07196 1
    endloop
  endfacet
  facet normal 0 0 -1
    outer loop
      vertex 4.31335 -4.31335 1
      vertex 3.3212 -3.3212 1
      vertex 3.63075 -2.97968 1
    endloop
  endfacet
  facet normal 0 0 -1
    outer loop
      vertex 3.8698 -4.71536 1
      vertex 2.97968 -3.63075 1
      vertex 3.3212 -3.3212 1
    endloop
  endfacet
  facet normal 0 0 -1
    outer loop
      vertex 2.60945 -3.90532 1
      vertex 3.38898 -5.07196 1
      vertex 2.87552 -5.37972 1
    endloop
  endfacet
  facet normal 0 0 -1
    outer loop
      vertex 3.38898 -5.07196 1
      vertex 2.60945 -3.90532 1
      vertex 2.97968 -3.63075 1
    endloop
  endfacet
  facet normal 0 0 -1
    outer loop
      vertex 2.2141 -4.14229 1
      vertex 2.87552 -5.37972 1
      vertex 2.33437 -5.63566 1
    endloop
  endfacet
  facet normal 0 0 -1
    outer loop
      vertex 2.87552 -5.37972 1
      vertex 2.2141 -4.14229 1
      vertex 2.60945 -3.90532 1
    endloop
  endfacet
  facet normal 0 0 -1
    outer loop
      vertex 2.33437 -5.63566 1
      vertex 1.79742 -4.33936 1
      vertex 2.2141 -4.14229 1
    endloop
  endfacet
  facet normal 0 0 -1
    outer loop
      vertex 1.77074 -5.83734 1
      vertex 1.79742 -4.33936 1
      vertex 2.33437 -5.63566 1
    endloop
  endfacet
  facet normal 0 0 -1
    outer loop
      vertex 1.77074 -5.83734 1
      vertex 1.36343 -4.49464 1
      vertex 1.79742 -4.33936 1
    endloop
  endfacet
  facet normal 0 0 -1
    outer loop
      vertex 1.19005 -5.98279 1
      vertex 1.36343 -4.49464 1
      vertex 1.77074 -5.83734 1
    endloop
  endfacet
  facet normal 0 0 -1
    outer loop
      vertex 1.19005 -5.98279 1
      vertex 0.916318 -4.60664 1
      vertex 1.36343 -4.49464 1
    endloop
  endfacet
  facet normal 0 0 -1
    outer loop
      vertex 0.597904 -6.07063 1
      vertex 0.916318 -4.60664 1
      vertex 1.19005 -5.98279 1
    endloop
  endfacet
  facet normal 0 0 -1
    outer loop
      vertex 0.597904 -6.07063 1
      vertex 0.460376 -4.67427 1
      vertex 0.916318 -4.60664 1
    endloop
  endfacet
  facet normal 0 0 -1
    outer loop
      vertex 0 -6.1 1
      vertex 0.460376 -4.67427 1
      vertex 0.597904 -6.07063 1
    endloop
  endfacet
  facet normal 0 0 -1
    outer loop
      vertex 0 -6.1 1
      vertex 0 -4.69689 1
      vertex 0.460376 -4.67427 1
    endloop
  endfacet
  facet normal 0 0 -1
    outer loop
      vertex 0 -6.1 1
      vertex -0.460376 -4.67427 1
      vertex 0 -4.69689 1
    endloop
  endfacet
  facet normal 0 0 -1
    outer loop
      vertex -0.597904 -6.07063 1
      vertex -0.460376 -4.67427 1
      vertex 0 -6.1 1
    endloop
  endfacet
  facet normal 0 0 -1
    outer loop
      vertex -0.597904 -6.07063 1
      vertex -0.916318 -4.60664 1
      vertex -0.460376 -4.67427 1
    endloop
  endfacet
  facet normal 0 0 -1
    outer loop
      vertex -1.19005 -5.98279 1
      vertex -0.916318 -4.60664 1
      vertex -0.597904 -6.07063 1
    endloop
  endfacet
  facet normal 0 0 -1
    outer loop
      vertex -1.19005 -5.98279 1
      vertex -1.36343 -4.49464 1
      vertex -0.916318 -4.60664 1
    endloop
  endfacet
  facet normal 0 0 -1
    outer loop
      vertex -1.77074 -5.83734 1
      vertex -1.36343 -4.49464 1
      vertex -1.19005 -5.98279 1
    endloop
  endfacet
  facet normal 0 0 -1
    outer loop
      vertex -1.77074 -5.83734 1
      vertex -1.79742 -4.33936 1
      vertex -1.36343 -4.49464 1
    endloop
  endfacet
  facet normal 0 0 -1
    outer loop
      vertex -2.33437 -5.63566 1
      vertex -1.79742 -4.33936 1
      vertex -1.77074 -5.83734 1
    endloop
  endfacet
  facet normal -0 0 -1
    outer loop
      vertex -1.79742 -4.33936 1
      vertex -2.33437 -5.63566 1
      vertex -2.2141 -4.14229 1
    endloop
  endfacet
  facet normal 0 0 -1
    outer loop
      vertex -2.87552 -5.37972 1
      vertex -2.2141 -4.14229 1
      vertex -2.33437 -5.63566 1
    endloop
  endfacet
  facet normal -0 0 -1
    outer loop
      vertex -2.2141 -4.14229 1
      vertex -2.87552 -5.37972 1
      vertex -2.60945 -3.90532 1
    endloop
  endfacet
  facet normal 0 0 -1
    outer loop
      vertex -3.38898 -5.07196 1
      vertex -2.60945 -3.90532 1
      vertex -2.87552 -5.37972 1
    endloop
  endfacet
  facet normal -0 0 -1
    outer loop
      vertex -2.60945 -3.90532 1
      vertex -3.38898 -5.07196 1
      vertex -2.97968 -3.63075 1
    endloop
  endfacet
  facet normal 0 0 -1
    outer loop
      vertex -3.8698 -4.71536 1
      vertex -2.97968 -3.63075 1
      vertex -3.38898 -5.07196 1
    endloop
  endfacet
  facet normal -0 0 -1
    outer loop
      vertex -2.97968 -3.63075 1
      vertex -3.8698 -4.71536 1
      vertex -3.3212 -3.3212 1
    endloop
  endfacet
  facet normal 0 0 -1
    outer loop
      vertex -4.31335 -4.31335 1
      vertex -3.3212 -3.3212 1
      vertex -3.8698 -4.71536 1
    endloop
  endfacet
  facet normal -0 0 -1
    outer loop
      vertex -3.3212 -3.3212 1
      vertex -4.31335 -4.31335 1
      vertex -3.63075 -2.97968 1
    endloop
  endfacet
  facet normal 0 0 -1
    outer loop
      vertex -4.71536 -3.8698 1
      vertex -3.63075 -2.97968 1
      vertex -4.31335 -4.31335 1
    endloop
  endfacet
  facet normal -0 0 -1
    outer loop
      vertex -3.63075 -2.97968 1
      vertex -4.71536 -3.8698 1
      vertex -3.90532 -2.60945 1
    endloop
  endfacet
  facet normal 0 0 -1
    outer loop
      vertex -5.07196 -3.38898 1
      vertex -3.90532 -2.60945 1
      vertex -4.71536 -3.8698 1
    endloop
  endfacet
  facet normal -0 0 -1
    outer loop
      vertex -3.90532 -2.60945 1
      vertex -5.07196 -3.38898 1
      vertex -4.14229 -2.2141 1
    endloop
  endfacet
  facet normal 0 0 -1
    outer loop
      vertex -5.37972 -2.87552 1
      vertex -4.14229 -2.2141 1
      vertex -5.07196 -3.38898 1
    endloop
  endfacet
  facet normal -0 0 -1
    outer loop
      vertex -4.14229 -2.2141 1
      vertex -5.37972 -2.87552 1
      vertex -4.33936 -1.79742 1
    endloop
  endfacet
  facet normal -0 0 -1
    outer loop
      vertex -4.33936 -1.79742 1
      vertex -5.63566 -2.33437 1
      vertex -4.49464 -1.36343 1
    endloop
  endfacet
  facet normal 0 0 -1
    outer loop
      vertex -5.63566 -2.33437 1
      vertex -4.33936 -1.79742 1
      vertex -5.37972 -2.87552 1
    endloop
  endfacet
  facet normal 0 0 -1
    outer loop
      vertex 4.33936 1.79742 1
      vertex 5.63566 2.33437 1
      vertex 4.49464 1.36343 1
    endloop
  endfacet
  facet normal -0 0 -1
    outer loop
      vertex 5.63566 2.33437 1
      vertex 4.33936 1.79742 1
      vertex 5.37972 2.87552 1
    endloop
  endfacet
  facet normal 0 0 -1
    outer loop
      vertex 4.14229 2.2141 1
      vertex 5.37972 2.87552 1
      vertex 4.33936 1.79742 1
    endloop
  endfacet
  facet normal -0 0 -1
    outer loop
      vertex 5.37972 2.87552 1
      vertex 4.14229 2.2141 1
      vertex 5.07196 3.38898 1
    endloop
  endfacet
  facet normal 0 0 -1
    outer loop
      vertex 3.90532 2.60945 1
      vertex 5.07196 3.38898 1
      vertex 4.14229 2.2141 1
    endloop
  endfacet
  facet normal -0 0 -1
    outer loop
      vertex 5.07196 3.38898 1
      vertex 3.90532 2.60945 1
      vertex 4.71536 3.8698 1
    endloop
  endfacet
  facet normal 0 0 -1
    outer loop
      vertex 3.63075 2.97968 1
      vertex 4.71536 3.8698 1
      vertex 3.90532 2.60945 1
    endloop
  endfacet
  facet normal -0 0 -1
    outer loop
      vertex 4.71536 3.8698 1
      vertex 3.63075 2.97968 1
      vertex 4.31335 4.31335 1
    endloop
  endfacet
  facet normal 0 0 -1
    outer loop
      vertex 3.3212 3.3212 1
      vertex 4.31335 4.31335 1
      vertex 3.63075 2.97968 1
    endloop
  endfacet
  facet normal -0 0 -1
    outer loop
      vertex 4.31335 4.31335 1
      vertex 3.3212 3.3212 1
      vertex 3.8698 4.71536 1
    endloop
  endfacet
  facet normal 0 0 -1
    outer loop
      vertex 2.97968 3.63075 1
      vertex 3.8698 4.71536 1
      vertex 3.3212 3.3212 1
    endloop
  endfacet
  facet normal -0 0 -1
    outer loop
      vertex 3.8698 4.71536 1
      vertex 2.97968 3.63075 1
      vertex 3.38898 5.07196 1
    endloop
  endfacet
  facet normal 0 0 -1
    outer loop
      vertex 2.60945 3.90532 1
      vertex 3.38898 5.07196 1
      vertex 2.97968 3.63075 1
    endloop
  endfacet
  facet normal -0 0 -1
    outer loop
      vertex 3.38898 5.07196 1
      vertex 2.60945 3.90532 1
      vertex 2.87552 5.37972 1
    endloop
  endfacet
  facet normal 0 0 -1
    outer loop
      vertex 2.2141 4.14229 1
      vertex 2.87552 5.37972 1
      vertex 2.60945 3.90532 1
    endloop
  endfacet
  facet normal -0 0 -1
    outer loop
      vertex 2.87552 5.37972 1
      vertex 2.2141 4.14229 1
      vertex 2.33437 5.63566 1
    endloop
  endfacet
  facet normal 0 0 -1
    outer loop
      vertex 1.79742 4.33936 1
      vertex 2.33437 5.63566 1
      vertex 2.2141 4.14229 1
    endloop
  endfacet
  facet normal 0 0 -1
    outer loop
      vertex 1.79742 4.33936 1
      vertex 1.77074 5.83734 1
      vertex 2.33437 5.63566 1
    endloop
  endfacet
  facet normal 0 0 -1
    outer loop
      vertex 1.36343 4.49464 1
      vertex 1.77074 5.83734 1
      vertex 1.79742 4.33936 1
    endloop
  endfacet
  facet normal 0 0 -1
    outer loop
      vertex 1.36343 4.49464 1
      vertex 1.19005 5.98279 1
      vertex 1.77074 5.83734 1
    endloop
  endfacet
  facet normal 0 0 -1
    outer loop
      vertex 0.916318 4.60664 1
      vertex 1.19005 5.98279 1
      vertex 1.36343 4.49464 1
    endloop
  endfacet
  facet normal 0 0 -1
    outer loop
      vertex 0.916318 4.60664 1
      vertex 0.597904 6.07063 1
      vertex 1.19005 5.98279 1
    endloop
  endfacet
  facet normal 0 0 -1
    outer loop
      vertex 0.460376 4.67427 1
      vertex 0.597904 6.07063 1
      vertex 0.916318 4.60664 1
    endloop
  endfacet
  facet normal 0 0 -1
    outer loop
      vertex 0 4.69689 1
      vertex 0.597904 6.07063 1
      vertex 0.460376 4.67427 1
    endloop
  endfacet
  facet normal 0 0 -1
    outer loop
      vertex 0 4.69689 1
      vertex 0 6.1 1
      vertex 0.597904 6.07063 1
    endloop
  endfacet
  facet normal 0 0 -1
    outer loop
      vertex -0.460376 4.67427 1
      vertex 0 6.1 1
      vertex 0 4.69689 1
    endloop
  endfacet
  facet normal 0 0 -1
    outer loop
      vertex -0.460376 4.67427 1
      vertex -0.597904 6.07063 1
      vertex 0 6.1 1
    endloop
  endfacet
  facet normal 0 0 -1
    outer loop
      vertex -0.916318 4.60664 1
      vertex -0.597904 6.07063 1
      vertex -0.460376 4.67427 1
    endloop
  endfacet
  facet normal 0 0 -1
    outer loop
      vertex -0.916318 4.60664 1
      vertex -1.19005 5.98279 1
      vertex -0.597904 6.07063 1
    endloop
  endfacet
  facet normal 0 0 -1
    outer loop
      vertex -1.36343 4.49464 1
      vertex -1.19005 5.98279 1
      vertex -0.916318 4.60664 1
    endloop
  endfacet
  facet normal 0 0 -1
    outer loop
      vertex -1.36343 4.49464 1
      vertex -1.77074 5.83734 1
      vertex -1.19005 5.98279 1
    endloop
  endfacet
  facet normal 0 0 -1
    outer loop
      vertex -1.79742 4.33936 1
      vertex -1.77074 5.83734 1
      vertex -1.36343 4.49464 1
    endloop
  endfacet
  facet normal 0 0 -1
    outer loop
      vertex -2.33437 5.63566 1
      vertex -1.79742 4.33936 1
      vertex -2.2141 4.14229 1
    endloop
  endfacet
  facet normal 0 0 -1
    outer loop
      vertex -1.79742 4.33936 1
      vertex -2.33437 5.63566 1
      vertex -1.77074 5.83734 1
    endloop
  endfacet
  facet normal 0 0 -1
    outer loop
      vertex -2.87552 5.37972 1
      vertex -2.2141 4.14229 1
      vertex -2.60945 3.90532 1
    endloop
  endfacet
  facet normal 0 0 -1
    outer loop
      vertex -2.2141 4.14229 1
      vertex -2.87552 5.37972 1
      vertex -2.33437 5.63566 1
    endloop
  endfacet
  facet normal 0 0 -1
    outer loop
      vertex -3.38898 5.07196 1
      vertex -2.60945 3.90532 1
      vertex -2.97968 3.63075 1
    endloop
  endfacet
  facet normal 0 0 -1
    outer loop
      vertex -3.8698 4.71536 1
      vertex -2.97968 3.63075 1
      vertex -3.3212 3.3212 1
    endloop
  endfacet
  facet normal 0 0 -1
    outer loop
      vertex -2.60945 3.90532 1
      vertex -3.38898 5.07196 1
      vertex -2.87552 5.37972 1
    endloop
  endfacet
  facet normal 0 0 -1
    outer loop
      vertex -4.31335 4.31335 1
      vertex -3.3212 3.3212 1
      vertex -3.63075 2.97968 1
    endloop
  endfacet
  facet normal 0 0 -1
    outer loop
      vertex -2.97968 3.63075 1
      vertex -3.8698 4.71536 1
      vertex -3.38898 5.07196 1
    endloop
  endfacet
  facet normal 0 0 -1
    outer loop
      vertex -4.71536 3.8698 1
      vertex -3.63075 2.97968 1
      vertex -3.90532 2.60945 1
    endloop
  endfacet
  facet normal 0 0 -1
    outer loop
      vertex -5.07196 3.38898 1
      vertex -3.90532 2.60945 1
      vertex -4.14229 2.2141 1
    endloop
  endfacet
  facet normal 0 0 -1
    outer loop
      vertex -3.3212 3.3212 1
      vertex -4.31335 4.31335 1
      vertex -3.8698 4.71536 1
    endloop
  endfacet
  facet normal 0 0 -1
    outer loop
      vertex -5.37972 2.87552 1
      vertex -4.14229 2.2141 1
      vertex -4.33936 1.79742 1
    endloop
  endfacet
  facet normal 0 0 -1
    outer loop
      vertex -5.63566 2.33437 1
      vertex -4.33936 1.79742 1
      vertex -4.49464 1.36343 1
    endloop
  endfacet
  facet normal 0 0 -1
    outer loop
      vertex -5.83734 1.77074 1
      vertex -4.49464 1.36343 1
      vertex -4.60664 0.916318 1
    endloop
  endfacet
  facet normal 0 0 -1
    outer loop
      vertex -5.98279 1.19005 1
      vertex -4.60664 0.916318 1
      vertex -4.67427 0.460376 1
    endloop
  endfacet
  facet normal 0 0 -1
    outer loop
      vertex -3.63075 2.97968 1
      vertex -4.71536 3.8698 1
      vertex -4.31335 4.31335 1
    endloop
  endfacet
  facet normal 0 0 -1
    outer loop
      vertex -6.07063 0.597904 1
      vertex -4.67427 0.460376 1
      vertex -4.69689 0 1
    endloop
  endfacet
  facet normal 0 0 -1
    outer loop
      vertex -5.83734 -1.77074 1
      vertex -4.49464 -1.36343 1
      vertex -5.63566 -2.33437 1
    endloop
  endfacet
  facet normal -0 0 -1
    outer loop
      vertex -4.49464 -1.36343 1
      vertex -5.83734 -1.77074 1
      vertex -4.60664 -0.916318 1
    endloop
  endfacet
  facet normal 0 0 -1
    outer loop
      vertex -3.90532 2.60945 1
      vertex -5.07196 3.38898 1
      vertex -4.71536 3.8698 1
    endloop
  endfacet
  facet normal 0 0 -1
    outer loop
      vertex -5.98279 -1.19005 1
      vertex -4.60664 -0.916318 1
      vertex -5.83734 -1.77074 1
    endloop
  endfacet
  facet normal 0 0 -1
    outer loop
      vertex -4.14229 2.2141 1
      vertex -5.37972 2.87552 1
      vertex -5.07196 3.38898 1
    endloop
  endfacet
  facet normal -0 0 -1
    outer loop
      vertex -4.60664 -0.916318 1
      vertex -5.98279 -1.19005 1
      vertex -4.67427 -0.460376 1
    endloop
  endfacet
  facet normal 0 0 -1
    outer loop
      vertex -4.33936 1.79742 1
      vertex -5.63566 2.33437 1
      vertex -5.37972 2.87552 1
    endloop
  endfacet
  facet normal 0 0 -1
    outer loop
      vertex -6.07063 -0.597904 1
      vertex -4.67427 -0.460376 1
      vertex -5.98279 -1.19005 1
    endloop
  endfacet
  facet normal 0 0 -1
    outer loop
      vertex -4.49464 1.36343 1
      vertex -5.83734 1.77074 1
      vertex -5.63566 2.33437 1
    endloop
  endfacet
  facet normal -0 0 -1
    outer loop
      vertex -4.67427 -0.460376 1
      vertex -6.07063 -0.597904 1
      vertex -4.69689 0 1
    endloop
  endfacet
  facet normal 0 0 -1
    outer loop
      vertex -4.60664 0.916318 1
      vertex -5.98279 1.19005 1
      vertex -5.83734 1.77074 1
    endloop
  endfacet
  facet normal 0 0 -1
    outer loop
      vertex -6.1 0 1
      vertex -4.69689 0 1
      vertex -6.07063 -0.597904 1
    endloop
  endfacet
  facet normal 0 0 -1
    outer loop
      vertex -4.67427 0.460376 1
      vertex -6.07063 0.597904 1
      vertex -5.98279 1.19005 1
    endloop
  endfacet
  facet normal 0 0 -1
    outer loop
      vertex -4.69689 0 1
      vertex -6.1 0 1
      vertex -6.07063 0.597904 1
    endloop
  endfacet
  facet normal -0.642772 -0.304009 0.703152
    outer loop
      vertex 4.72093 1.95547 0
      vertex 5.63566 2.33437 1
      vertex 4.50906 2.40343 0
    endloop
  endfacet
  facet normal -0.303515 -0.64302 0.703138
    outer loop
      vertex 2.87552 5.37972 1
      vertex 2.40343 4.50906 0
      vertex 2.40879 4.50653 0
    endloop
  endfacet
  facet normal -0.304003 -0.642773 0.703154
    outer loop
      vertex 2.40343 4.50906 0
      vertex 2.87552 5.37972 1
      vertex 2.33437 5.63566 1
    endloop
  endfacet
  facet normal -0.36555 -0.609876 0.703154
    outer loop
      vertex 2.87552 5.37972 1
      vertex 2.41387 4.50348 0
      vertex 3.38898 5.07196 1
    endloop
  endfacet
  facet normal -0.36601 -0.609617 0.703139
    outer loop
      vertex 2.41387 4.50348 0
      vertex 2.87552 5.37972 1
      vertex 2.40879 4.50653 0
    endloop
  endfacet
  facet normal 0.642772 -0.304009 0.703152
    outer loop
      vertex -4.72093 1.95547 0
      vertex -4.50906 2.40343 0
      vertex -5.63566 2.33437 1
    endloop
  endfacet
  facet normal -0.526837 -0.477519 0.703149
    outer loop
      vertex 3.95001 3.24169 0
      vertex 4.71536 3.8698 1
      vertex 3.61722 3.60885 0
    endloop
  endfacet
  facet normal 0.571115 0.423565 0.70315
    outer loop
      vertex -3.95354 -3.23693 0
      vertex -4.24873 -2.83891 0
      vertex -5.07196 -3.38898 1
    endloop
  endfacet
  facet normal -0.571115 -0.423567 0.703149
    outer loop
      vertex 4.71536 3.8698 1
      vertex 3.95354 3.23693 0
      vertex 5.07196 3.38898 1
    endloop
  endfacet
  facet normal -0.57113 -0.423548 0.703149
    outer loop
      vertex 3.95354 3.23693 0
      vertex 4.71536 3.8698 1
      vertex 3.95001 3.24169 0
    endloop
  endfacet
  facet normal -0.689732 -0.172759 0.703153
    outer loop
      vertex 5.01027 1.00264 0
      vertex 5.83734 1.77074 1
      vertex 4.88987 1.48333 0
    endloop
  endfacet
  facet normal -0.0348965 -0.71018 0.703155
    outer loop
      vertex 0.500857 5.08529 0
      vertex 0.597904 6.07063 1
      vertex 0.00591942 5.10961 0
    endloop
  endfacet
  facet normal -0.0347929 -0.710185 0.703154
    outer loop
      vertex 0.00591942 5.10961 0
      vertex 0 6.1 1
      vertex 0 5.1099 0
    endloop
  endfacet
  facet normal -0.0348853 -0.710183 0.703152
    outer loop
      vertex 0 6.1 1
      vertex 0.00591942 5.10961 0
      vertex 0.597904 6.07063 1
    endloop
  endfacet
  facet normal -0.669474 -0.239545 0.703152
    outer loop
      vertex 4.88787 1.48891 0
      vertex 5.63566 2.33437 1
      vertex 4.72093 1.95547 0
    endloop
  endfacet
  facet normal -0.703333 -0.104384 0.703155
    outer loop
      vertex 5.01258 0.991029 0
      vertex 5.98279 1.19005 1
      vertex 5.01171 0.996891 0
    endloop
  endfacet
  facet normal -0.703341 -0.104335 0.703154
    outer loop
      vertex 5.98279 1.19005 1
      vertex 5.01258 0.991029 0
      vertex 6.07063 0.597904 1
    endloop
  endfacet
  facet normal -0.703341 -0.104331 0.703155
    outer loop
      vertex 5.08529 0.500857 0
      vertex 6.07063 0.597904 1
      vertex 5.01258 0.991029 0
    endloop
  endfacet
endsolid OpenSCAD_Model
